dbug: Microsoft.AspNetCore.SignalR.Internal.DefaultHubProtocolResolver[1]
      Registered SignalR Protocol: json, implemented by Microsoft.AspNetCore.SignalR.Protocol.JsonHubProtocol.
info: Serenity.Web.NodeScriptRunner[0]
      > tsbuild:watch

info: Serenity.Web.NodeScriptRunner[0]
      > node ./tsbuild.js --watch

info: Serenity.Web.NodeScriptRunner[0]
      [watch] build finished, watching for changes...

info: Serenity.Pro.EmailQueue.EmailQueueJob[0]
      Periodic job: EmailQueueJob is scheduled for 09/07/2026 20:28:09
info: Microsoft.Hosting.Lifetime[14]
      Now listening on: http://localhost:5001
info: Microsoft.Hosting.Lifetime[0]
      Application started. Press Ctrl+C to shut down.
info: Microsoft.Hosting.Lifetime[0]
      Hosting environment: Development
info: Microsoft.Hosting.Lifetime[0]
      Content root path: C:\Aizera\DSRFQ\DSRFQ.Web
warn: Microsoft.AspNetCore.HttpsPolicy.HttpsRedirectionMiddleware[3]
      Failed to determine the https port for redirect.
dbug: Serenity.Data.ISqlConnections[0]
      SQL - ExecuteReader[38139429] - START

      SELECT 
T0.[LanguageId] AS [LanguageId],
T0.[LanguageName] AS [LanguageName] 
FROM [Languages] T0 
ORDER BY T0.[LanguageName]
      
dbug: Serenity.Data.ISqlConnections[0]
      SQL - ExecuteReader[38139429] - END - 11 ms
dbug: Serenity.Data.ISqlConnections[0]
      SQL - ExecuteReader[1340460] - START
DECLARE @p1 String = 'admin';
      
      SELECT 
T0.[UserId] AS [UserId],
T0.[Username] AS [Username],
T0.[Source] AS [Source],
T0.[PasswordHash] AS [PasswordHash],
T0.[PasswordSalt] AS [PasswordSalt],
T0.[DisplayName] AS [DisplayName],
T0.[Email] AS [Email],
T0.[MobilePhoneNumber] AS [MobilePhoneNumber],
T0.[TwoFactorData] AS [TwoFactorData],
T0.[UserImage] AS [UserImage],
T0.[IsActive] AS [IsActive],
T0.[LastDirectoryUpdate] AS [LastDirectoryUpdate],
T0.[CompanyID] AS [CompanyId],
T0.[GroupID] AS [GroupId],
T0.[UserInvitationID] AS [UserInvitationId],
T0.[InsertUserId] AS [InsertUserId],
T0.[InsertDate] AS [InsertDate],
T0.[UpdateUserId] AS [UpdateUserId],
T0.[UpdateDate] AS [UpdateDate] 
FROM [Users] T0 
WHERE (T0.[Username] = @p1)
      
dbug: Serenity.Data.ISqlConnections[0]
      SQL - ExecuteReader[1340460] - END - 11 ms
dbug: Serenity.Data.ISqlConnections[0]
      SQL - ExecuteReader[7090790] - START

      SELECT 
T0.[RoleId] AS [RoleId],
T0.[RoleName] AS [RoleName],
T0.[RoleKey] AS [RoleKey] 
FROM [Roles] T0
      
dbug: Serenity.Data.ISqlConnections[0]
      SQL - ExecuteReader[7090790] - END - 8 ms
dbug: Serenity.Data.ISqlConnections[0]
      SQL - ExecuteReader[63447660] - START
DECLARE @p1 Int32 = 12;
      
      SELECT 
T0.[ID] AS [Id],
T0.[PartNumber] AS [PartNumber],
T0.[Revision] AS [Revision],
T0.[Description] AS [Description],
T0.[Length] AS [Length],
T0.[Width] AS [Width],
T0.[Height] AS [Height],
T0.[DimensionUnitID] AS [DimensionUnitId],
T0.[PartPicture] AS [PartPicture],
T0.[CostingMachineName] AS [CostingMachineName],
T0.[CostingMachineID] AS [CostingMachineId],
T0.[CostingMachineID2] AS [CostingMachineId2],
T0.[CostingMachineSupplierID] AS [CostingMachineSupplierId],
T0.[ProcessingMode] AS [ProcessingMode],
T0.[MaterialID] AS [MaterialId],
T0.[MaterialTemperID] AS [MaterialTemperId],
T0.[GrossVolume] AS [GrossVolume],
T0.[NetVolume] AS [NetVolume],
T0.[VolumeUnitID] AS [VolumeUnitId],
T0.[VolumeUnit] AS [VolumeUnit],
jVolume.[Code] AS [VolumeUnitCode],
T0.[GrossWeight] AS [GrossWeight],
T0.[NetWeight] AS [NetWeight],
T0.[WeightUnitID] AS [WeightUnitId],
T0.[WeightUnit] AS [WeightUnit],
jWeight.[Code] AS [WeightUnitCode],
T0.[NumberOfFace] AS [NumberOfFace],
T0.[NumberOfHole] AS [NumberOfHole],
T0.[ProcessRecommendations] AS [ProcessRecommendations],
T0.[QualityControlNotes] AS [QualityControlNotes],
T0.ID AS [CostingPartDocumentView],
jCostingPartDocumentView.[DocumentList] AS [DocumentList],
T0.[CompanyID] AS [CompanyId],
jCompany.[Name] AS [CompanyName],
T0.[GroupID] AS [GroupId],
jGroup.[Name] AS [GroupName],
T0.[DrawingConversionStatusID] AS [DrawingConversionStatusId],
jDrawingConversionStatus.[Name] AS [DrawingConversionStatusName],
jDrawingConversionStatus.[Color] AS [DrawingConversionStatusColor],
T0.[OcrStatusID] AS [OcrStatusId],
jOcrStatus.[Name] AS [OcrStatusName],
jOcrStatus.[Color] AS [OcrStatusColor],
T0.[CostingStatusID] AS [CostingStatusId],
jCostingStatus.[Name] AS [CostingStatusName],
jCostingStatus.[Color] AS [CostingStatusColor],
T0.[BalloonStatusID] AS [BalloonStatusId],
jBalloonStatus.[Name] AS [BalloonStatusName],
jBalloonStatus.[Color] AS [BalloonStatusColor],
T0.[CustomerName] AS [CustomerName],
T0.[Uom] AS [Uom],
T0.[Material] AS [Material],
T0.[InsertUserId] AS [InsertUserId],
T0.[InsertDate] AS [InsertDate],
jIUId.DisplayName AS [InsertBy],
T0.[UpdateUserId] AS [UpdateUserId],
T0.[UpdateDate] AS [UpdateDate],
jUUId.DisplayName AS [UpdateBy],
T0.[DeleteUserId] AS [DeleteUserId],
T0.[DeleteDate] AS [DeleteDate],
jDUId.DisplayName AS [DeleteBy],
T0.[IsActive] AS [IsActive] 
FROM [CostingParts] T0 
LEFT JOIN [MasterVolumeUnits] jVolume ON (jVolume.[ID] = T0.[VolumeUnitID]) 
LEFT JOIN [MasterWeightUnits] jWeight ON (jWeight.[ID] = T0.[WeightUnitID]) 
LEFT JOIN [CostingPartDocumentView] jCostingPartDocumentView ON (jCostingPartDocumentView.[CostingPartID] = T0.ID) 
LEFT JOIN [Companies] jCompany ON (jCompany.[ID] = T0.[CompanyID]) 
LEFT JOIN [Groups] jGroup ON (jGroup.[ID] = T0.[GroupID]) 
LEFT JOIN [MasterCostingStatus] jDrawingConversionStatus ON (jDrawingConversionStatus.[ID] = T0.[DrawingConversionStatusID]) 
LEFT JOIN [MasterCostingStatus] jOcrStatus ON (jOcrStatus.[ID] = T0.[OcrStatusID]) 
LEFT JOIN [MasterCostingStatus] jCostingStatus ON (jCostingStatus.[ID] = T0.[CostingStatusID]) 
LEFT JOIN [MasterCostingStatus] jBalloonStatus ON (jBalloonStatus.[ID] = T0.[BalloonStatusID]) 
LEFT JOIN [Users] jIUId ON (jIUId.[UserId] = T0.[InsertUserId]) 
LEFT JOIN [Users] jUUId ON (jUUId.[UserId] = T0.[UpdateUserId]) 
LEFT JOIN [Users] jDUId ON (jDUId.[UserId] = T0.[DeleteUserId]) 
WHERE (T0.[ID] = @p1)
      
dbug: Serenity.Data.ISqlConnections[0]
      SQL - ExecuteReader[63447660] - END - 10 ms
dbug: Serenity.Data.ISqlConnections[0]
      SQL - ExecuteReader[15601044] - START

      SELECT 
T0.[ID] AS [Id],
T0.[Code] AS [Code],
T0.[CompanyID] AS [CompanyId],
jCompany.[Name] AS [CompanyName],
T0.[GroupID] AS [GroupId],
jGroup.[Name] AS [GroupName],
T0.[IsActive] AS [IsActive] 
FROM [Materials] T0 
LEFT JOIN [Companies] jCompany ON (jCompany.[ID] = T0.[CompanyID]) 
LEFT JOIN [Groups] jGroup ON (jGroup.[ID] = T0.[GroupID]) 
ORDER BY T0.[Code]
      
dbug: Serenity.Data.ISqlConnections[0]
      SQL - ExecuteReader[15601044] - END - 12 ms
dbug: Serenity.Data.ISqlConnections[0]
      SQL - ExecuteReader[60525466] - START
DECLARE @p1 Int16 = 1;
      DECLARE @p2 Int32 = 12;
      DECLARE @p3 Int32 = 0;
      
      SELECT 
T0.[MachineName] AS [MachineName],
T0.[MachineID] AS [MachineId],
jMachine.[Name] AS [MachineRealName],
jMachine.[Picture] AS [MachinePicture],
jMachine.[AxisNumber] AS [MachineAxisNumber],
jMachine.[Precision] AS [MachinePrecision],
jMachine.[Cost] AS [MachineCost],
jMachine.[WorkEnvelopeX] AS [MachineWorkEnvelopeX],
jMachine.[WorkEnvelopeY] AS [MachineWorkEnvelopeY],
jMachine.[WorkEnvelopeZ] AS [MachineWorkEnvelopeZ],
jMachine.[WeightLimit] AS [MachineWeightLimit],
jMachine.[Description] AS [MachineDescription],
T0.[ID] AS [Id],
T0.[CostingPartID] AS [CostingPartId],
T0.[CostingCategoryID] AS [CostingCategoryId],
T0.[Name] AS [Name],
T0.[Description] AS [Description],
T0.[Quantity] AS [Quantity],
T0.[DimensionUnitID] AS [DimensionUnitId],
T0.[DimensionUnit] AS [DimensionUnit],
T0.[UnitPrice] AS [UnitPrice],
T0.[CurrencyID] AS [CurrencyId],
T0.[Total] AS [Total],
T0.[IsTimeUnit] AS [IsTimeUnit],
T0.[IsManual] AS [IsManual],
jCurrency.[Code] AS [CurrencyCode],
T0.[InsertUserId] AS [InsertUserId],
T0.[InsertDate] AS [InsertDate],
T0.[UpdateUserId] AS [UpdateUserId],
T0.[UpdateDate] AS [UpdateDate],
T0.[DeleteUserId] AS [DeleteUserId],
T0.[DeleteDate] AS [DeleteDate],
T0.[IsActive] AS [IsActive] 
FROM [CostingPartCostingResults] T0 
LEFT JOIN [Machines] jMachine ON (jMachine.[Id] = T0.[MachineID]) 
LEFT JOIN [MasterCurrencies] jCurrency ON (jCurrency.[ID] = T0.[CurrencyID]) 
WHERE (((T0.[IsActive] = @p1) AND (T0.[CostingPartID] = @p2))) AND (T0.[IsActive] >= @p3) 
ORDER BY T0.[Name], T0.[ID]
      
dbug: Serenity.Data.ISqlConnections[0]
      SQL - ExecuteReader[60525466] - END - 11 ms
dbug: Serenity.Data.ISqlConnections[0]
      SQL - ExecuteReader[59769668] - START
DECLARE @p1 Int16 = 1;
      DECLARE @p2 Int32 = 12;
      DECLARE @p3 Int32 = 0;
      
      SELECT 
T0.[ID] AS [Id],
T0.[CostingPartID] AS [CostingPartId],
T0.[SpecialProcessName] AS [SpecialProcessName],
T0.[SpecialProcessID] AS [SpecialProcessId],
T0.[IsManual] AS [IsManual],
T0.[InsertUserId] AS [InsertUserId],
T0.[InsertDate] AS [InsertDate],
T0.[UpdateUserId] AS [UpdateUserId],
T0.[UpdateDate] AS [UpdateDate],
T0.[DeleteUserId] AS [DeleteUserId],
T0.[DeleteDate] AS [DeleteDate],
T0.[IsActive] AS [IsActive] 
FROM [CostingPartSpecialProcessResults] T0 
WHERE (((T0.[IsActive] = @p1) AND (T0.[CostingPartID] = @p2))) AND (T0.[IsActive] >= @p3) 
ORDER BY T0.[SpecialProcessName], T0.[ID]
      
dbug: Serenity.Data.ISqlConnections[0]
      SQL - ExecuteReader[59769668] - END - 7 ms
dbug: Serenity.Data.ISqlConnections[0]
      SQL - ExecuteReader[19721017] - START
DECLARE @p1 Int16 = 1;
      DECLARE @p2 Int32 = 12;
      DECLARE @p3 Int32 = 0;
      
      SELECT 
T0.[ID] AS [Id],
T0.[CostingPartID] AS [CostingPartId],
T0.[PartNumber] AS [PartNumber],
T0.[Description] AS [Description],
T0.[Quantity] AS [Quantity],
T0.[InternalEngineeringNumber] AS [InternalEngineeringNumber],
T0.[IsManual] AS [IsManual],
T0.[InsertUserId] AS [InsertUserId],
T0.[InsertDate] AS [InsertDate],
T0.[UpdateUserId] AS [UpdateUserId],
T0.[UpdateDate] AS [UpdateDate],
T0.[DeleteUserId] AS [DeleteUserId],
T0.[DeleteDate] AS [DeleteDate],
T0.[IsActive] AS [IsActive] 
FROM [CostingPartBomResults] T0 
WHERE (((T0.[IsActive] = @p1) AND (T0.[CostingPartID] = @p2))) AND (T0.[IsActive] >= @p3) 
ORDER BY T0.[PartNumber], T0.[ID]
      
dbug: Serenity.Data.ISqlConnections[0]
      SQL - ExecuteReader[19721017] - END - 9 ms
dbug: Serenity.Data.ISqlConnections[0]
      SQL - ExecuteReader[55060888] - START
DECLARE @p1 Int16 = 1;
      DECLARE @p2 Int32 = 12;
      DECLARE @p3 Int32 = 0;
      
      SELECT TOP 200 
T0.[ID] AS [Id],
T0.[CostingPartID] AS [CostingPartID],
T0.[RunId] AS [RunId],
T0.[Sequence] AS [Sequence],
T0.[Stage] AS [Stage],
T0.[Label] AS [Label],
T0.[StartTime] AS [StartTime],
T0.[EndTime] AS [EndTime],
T0.[DurationMs] AS [DurationMs],
T0.[Status] AS [Status],
T0.[Detail] AS [Detail],
T0.[InsertUserId] AS [InsertUserId],
T0.[InsertDate] AS [InsertDate],
T0.[UpdateUserId] AS [UpdateUserId],
T0.[UpdateDate] AS [UpdateDate],
T0.[DeleteUserId] AS [DeleteUserId],
T0.[DeleteDate] AS [DeleteDate],
T0.[IsActive] AS [IsActive] 
FROM [CostingPartStageTimings] T0 
WHERE (((T0.[IsActive] = @p1) AND (T0.[CostingPartID] = @p2))) AND (T0.[IsActive] >= @p3) 
ORDER BY T0.[StartTime] DESC, T0.[ID];
SELECT count(*)  
FROM [CostingPartStageTimings] T0 
WHERE (((T0.[IsActive] = @p1) AND (T0.[CostingPartID] = @p2))) AND (T0.[IsActive] >= @p3)
      
dbug: Serenity.Data.ISqlConnections[0]
      SQL - ExecuteReader[55060888] - END - 10 ms
dbug: Serenity.Data.ISqlConnections[0]
      SQL - ExecuteReader[43455182] - START
DECLARE @p1 Int16 = 1;
      DECLARE @p2 Int32 = 12;
      DECLARE @p3 Int32 = 0;
      
      SELECT 
T0.[ID] AS [Id],
T0.[CostingPartID] AS [CostingPartId],
T0.[CostingPartCostingResultID] AS [CostingPartCostingResultId],
T0.[MachineID] AS [MachineId],
T0.[HourlyRate] AS [HourlyRate],
T0.[CurrencyID] AS [CurrencyId],
T0.[LineTotal] AS [LineTotal],
T0.[IsSelected] AS [IsSelected],
T0.[IsRecommended] AS [IsRecommended],
T0.[IsUserChoice] AS [IsUserChoice],
T0.[FitsEnvelope] AS [FitsEnvelope],
T0.[FitsWeight] AS [FitsWeight],
T0.[AxisSufficient] AS [AxisSufficient],
jMachine.[Name] AS [MachineName],
jMachine.[Picture] AS [MachinePicture],
jMachine.[AxisNumber] AS [MachineAxisNumber],
jMachine.[Precision] AS [MachinePrecision],
jMachine.[WorkEnvelopeX] AS [MachineWorkEnvelopeX],
jMachine.[WorkEnvelopeY] AS [MachineWorkEnvelopeY],
jMachine.[WorkEnvelopeZ] AS [MachineWorkEnvelopeZ],
jMachine.[WeightLimit] AS [MachineWeightLimit],
jLine.[Name] AS [ProcessName],
jLine.[Quantity] AS [ProcessHours],
T0.[InsertUserId] AS [InsertUserId],
T0.[InsertDate] AS [InsertDate],
T0.[UpdateUserId] AS [UpdateUserId],
T0.[UpdateDate] AS [UpdateDate],
T0.[DeleteUserId] AS [DeleteUserId],
T0.[DeleteDate] AS [DeleteDate],
T0.[IsActive] AS [IsActive] 
FROM [CostingPartMachineOptions] T0 
LEFT JOIN [Machines] jMachine ON (jMachine.[Id] = T0.[MachineID]) 
LEFT JOIN [CostingPartCostingResults] jLine ON (jLine.[ID] = T0.[CostingPartCostingResultID]) 
WHERE (((T0.[IsActive] = @p1) AND (T0.[CostingPartID] = @p2))) AND (T0.[IsActive] >= @p3) 
ORDER BY jMachine.[Name], T0.[ID]
      
dbug: Serenity.Data.ISqlConnections[0]
      SQL - ExecuteReader[43455182] - END - 8 ms
dbug: Serenity.Data.ISqlConnections[0]
      SQL - ExecuteReader[28273742] - START
DECLARE @p1 Int16 = 1;
      DECLARE @p2 Int32 = 12;
      DECLARE @p3 Int32 = 0;
      
      SELECT 
T0.[ID] AS [Id],
T0.[CostingPartID] AS [CostingPartId],
T0.[FileDirectory] AS [FileDirectory],
T0.[ConvertedFileDirectory] AS [ConvertedFileDirectory],
T0.[FileName] AS [FileName],
T0.[Type] AS [Type],
T0.[InsertUserId] AS [InsertUserId],
T0.[InsertDate] AS [InsertDate],
T0.[UpdateUserId] AS [UpdateUserId],
T0.[UpdateDate] AS [UpdateDate],
T0.[DeleteUserId] AS [DeleteUserId],
T0.[DeleteDate] AS [DeleteDate],
T0.[IsActive] AS [IsActive] 
FROM [CostingPartDocuments] T0 
WHERE (((T0.[IsActive] = @p1) AND (T0.[CostingPartID] = @p2))) AND (T0.[IsActive] >= @p3) 
ORDER BY T0.[ID]
      
dbug: Serenity.Data.ISqlConnections[0]
      SQL - ExecuteReader[28273742] - END - 6 ms
dbug: Serenity.Data.ISqlConnections[0]
      SQL - ExecuteReader[33697209] - START
DECLARE @p1 Int16 = 1;
      DECLARE @p2 Int32 = 19;
      DECLARE @p3 Boolean = 1;
      DECLARE @p4 Int32 = 0;
      
      SELECT 
T0.[ID] AS [Id],
T0.[CostingPartDocumentID] AS [CostingPartDocumentId],
T0.[FileDirectory] AS [FileDirectory],
T0.[FileName] AS [FileName],
T0.[Page] AS [Page],
T0.[Original] AS [Original],
T0.[InsertUserId] AS [InsertUserId],
T0.[InsertDate] AS [InsertDate],
T0.[UpdateUserId] AS [UpdateUserId],
T0.[UpdateDate] AS [UpdateDate],
T0.[DeleteUserId] AS [DeleteUserId],
T0.[DeleteDate] AS [DeleteDate],
T0.[IsActive] AS [IsActive] 
FROM [CostingPartDocumentImages] T0 
WHERE ((((T0.[IsActive] = @p1) AND (T0.[CostingPartDocumentID] = @p2)) AND (T0.[Original] = @p3))) AND (T0.[IsActive] >= @p4) 
ORDER BY T0.[ID]
      
dbug: Serenity.Data.ISqlConnections[0]
      SQL - ExecuteReader[33697209] - END - 7 ms
dbug: Serenity.Data.ISqlConnections[0]
      SQL - ExecuteReader[32640960] - START
DECLARE @p1 Int16 = 1;
      DECLARE @p2 Int32 = 19;
      DECLARE @p3 Boolean = 1;
      DECLARE @p4 Int32 = 0;
      
      SELECT 
T0.[ID] AS [Id],
T0.[CostingPartDocumentID] AS [CostingPartDocumentId],
T0.[FileDirectory] AS [FileDirectory],
T0.[FileName] AS [FileName],
T0.[Page] AS [Page],
T0.[Original] AS [Original],
T0.[InsertUserId] AS [InsertUserId],
T0.[InsertDate] AS [InsertDate],
T0.[UpdateUserId] AS [UpdateUserId],
T0.[UpdateDate] AS [UpdateDate],
T0.[DeleteUserId] AS [DeleteUserId],
T0.[DeleteDate] AS [DeleteDate],
T0.[IsActive] AS [IsActive] 
FROM [CostingPartDocumentImages] T0 
WHERE ((((T0.[IsActive] = @p1) AND (T0.[CostingPartDocumentID] = @p2)) AND (T0.[Original] = @p3))) AND (T0.[IsActive] >= @p4) 
ORDER BY T0.[ID]
      
dbug: Serenity.Data.ISqlConnections[0]
      SQL - ExecuteReader[32640960] - END - 7 ms
dbug: Serenity.Data.ISqlConnections[0]
      SQL - ExecuteReader[38945919] - START
DECLARE @p1 Int16 = 1;
      DECLARE @p2 Int32 = 12;
      DECLARE @p3 Int32 = 0;
      
      SELECT 
T0.[ID] AS [Id],
T0.[CostingPartID] AS [CostingPartId],
T0.[BalloonNo] AS [BalloonNo],
T0.[PageNumber] AS [PageNumber],
T0.[CenterX] AS [CenterX],
T0.[CenterY] AS [CenterY],
T0.[BalloonColor] AS [BalloonColor],
T0.[BalloonSize] AS [BalloonSize],
T0.[BBoxX1] AS [BBoxX1],
T0.[BBoxY1] AS [BBoxY1],
T0.[BBoxX2] AS [BBoxX2],
T0.[BBoxY2] AS [BBoxY2],
T0.[Symbol] AS [Symbol],
T0.[OriginalSymbol] AS [OriginalSymbol],
T0.[FeatureSymbolID] AS [FeatureSymbolId],
T0.[UpperTol] AS [UpperTol],
T0.[LowerTol] AS [LowerTol],
T0.[InspectionToolID] AS [InspectionToolId],
T0.[ToleranceStandard] AS [ToleranceStandard],
T0.[Multiplier] AS [Multiplier],
T0.[Section] AS [Section],
T0.[GridStart] AS [GridStart],
T0.[GridEnd] AS [GridEnd],
T0.[IsNote] AS [IsNote],
T0.[IsDatum] AS [IsDatum],
T0.[Manual] AS [Manual],
T0.[RemovedByUser] AS [RemovedByUser],
T0.[InsertUserId] AS [InsertUserId],
T0.[InsertDate] AS [InsertDate],
T0.[UpdateUserId] AS [UpdateUserId],
T0.[UpdateDate] AS [UpdateDate],
T0.[DeleteUserId] AS [DeleteUserId],
T0.[DeleteDate] AS [DeleteDate],
T0.[IsActive] AS [IsActive] 
FROM [CostingPartBalloons] T0 
WHERE (((T0.[IsActive] = @p1) AND (T0.[CostingPartID] = @p2))) AND (T0.[IsActive] >= @p3) 
ORDER BY T0.[BalloonNo], T0.[ID]
      
dbug: Serenity.Data.ISqlConnections[0]
      SQL - ExecuteReader[38945919] - END - 10 ms
dbug: Serenity.Data.ISqlConnections[0]
      SQL - ExecuteReader[37237608] - START
DECLARE @p1 Int16 = 1;
      DECLARE @p2 Int32 = 12;
      DECLARE @p3 Int32 = 0;
      
      SELECT 
T0.[ID] AS [Id],
T0.[CostingPartID] AS [CostingPartId],
T0.[PageNumber] AS [PageNumber],
T0.[MaskX1] AS [MaskX1],
T0.[MaskY1] AS [MaskY1],
T0.[MaskX2] AS [MaskX2],
T0.[MaskY2] AS [MaskY2],
T0.[InsertUserId] AS [InsertUserId],
T0.[InsertDate] AS [InsertDate],
T0.[UpdateUserId] AS [UpdateUserId],
T0.[UpdateDate] AS [UpdateDate],
T0.[DeleteUserId] AS [DeleteUserId],
T0.[DeleteDate] AS [DeleteDate],
T0.[IsActive] AS [IsActive] 
FROM [CostingPartBalloonMaskZones] T0 
WHERE (((T0.[IsActive] = @p1) AND (T0.[CostingPartID] = @p2))) AND (T0.[IsActive] >= @p3) 
ORDER BY T0.[ID]
      
dbug: Serenity.Data.ISqlConnections[0]
      SQL - ExecuteReader[37237608] - END - 7 ms
dbug: Serenity.Data.ISqlConnections[0]
      SQL - ExecuteReader[34561105] - START
DECLARE @p1 Int16 = 1;
      DECLARE @p2 Int32 = 12;
      DECLARE @p3 Int32 = 0;
      
      SELECT 
T0.[ID] AS [Id],
T0.[CostingPartID] AS [CostingPartId],
T0.[PageNumber] AS [PageNumber],
T0.[OrderIndex] AS [OrderIndex],
T0.[AreaX1] AS [AreaX1],
T0.[AreaY1] AS [AreaY1],
T0.[AreaX2] AS [AreaX2],
T0.[AreaY2] AS [AreaY2],
T0.[SortMode] AS [SortMode],
T0.[StartAngle] AS [StartAngle],
T0.[Label] AS [Label],
T0.[InsertUserId] AS [InsertUserId],
T0.[InsertDate] AS [InsertDate],
T0.[UpdateUserId] AS [UpdateUserId],
T0.[UpdateDate] AS [UpdateDate],
T0.[DeleteUserId] AS [DeleteUserId],
T0.[DeleteDate] AS [DeleteDate],
T0.[IsActive] AS [IsActive] 
FROM [CostingPartBalloonAreas] T0 
WHERE (((T0.[IsActive] = @p1) AND (T0.[CostingPartID] = @p2))) AND (T0.[IsActive] >= @p3) 
ORDER BY T0.[ID]
      
dbug: Serenity.Data.ISqlConnections[0]
      SQL - ExecuteReader[34561105] - END - 7 ms
info: Serenity.Pro.EmailQueue.EmailQueueJob[0]
      Executing periodic job: EmailQueueJob.
dbug: Serenity.Data.ISqlConnections[0]
      SQL - ExecuteReader[37382511] - START
DECLARE @p1 Int32 = 0;
      DECLARE @p2 Int32 = 5;
      DECLARE @p3 DateTime2 = '2026-09-07T20:28:09.194';
      
      SELECT TOP 10 
T0.[MailId] AS [MailId],
T0.[LockExpiration] AS [LockExpiration] 
FROM [Mail] T0 
WHERE (((T0.[Status] = @p1) AND (T0.[RetryCount] < @p2)) AND (T0.[LockExpiration] < @p3)) 
ORDER BY T0.[Priority], T0.[RetryCount], T0.[MailId]
      
dbug: Serenity.Data.ISqlConnections[0]
      SQL - ExecuteReader[37382511] - END - 10 ms
info: Serenity.Pro.EmailQueue.EmailQueueJob[0]
      Done executing periodic job: EmailQueueJob
dbug: Serenity.Data.ISqlConnections[0]
      SQL - ExecuteReader[12915437] - START

      SELECT 
T0.[Id] AS [Id],
T0.Symbol + ' ' + T0.Name AS [CombinedName],
T0.[IsActive] AS [IsActive] 
FROM [MasterFeatureSymbols] T0 
ORDER BY T0.Symbol + ' ' + T0.Name
      
dbug: Serenity.Data.ISqlConnections[0]
      SQL - ExecuteReader[12915437] - END - 8 ms
dbug: Serenity.Data.ISqlConnections[0]
      SQL - ExecuteReader[31004699] - START

      SELECT 
T0.[Id] AS [Id],
(T0.Name + CASE WHEN ISNULL(T0.Description, '') = '' THEN '' ELSE ' - ' + T0.Description END) AS [CombinedName],
T0.[IsActive] AS [IsActive] 
FROM [MasterInspectionTools] T0 
ORDER BY (T0.Name + CASE WHEN ISNULL(T0.Description, '') = '' THEN '' ELSE ' - ' + T0.Description END)
      
dbug: Serenity.Data.ISqlConnections[0]
      SQL - ExecuteReader[31004699] - END - 9 ms
info: Serenity.Pro.EmailQueue.EmailQueueJob[0]
      Executing periodic job: EmailQueueJob.
dbug: Serenity.Data.ISqlConnections[0]
      SQL - ExecuteReader[49987171] - START
DECLARE @p1 Int32 = 0;
      DECLARE @p2 Int32 = 5;
      DECLARE @p3 DateTime2 = '2026-09-07T20:28:49.191';
      
      SELECT TOP 10 
T0.[MailId] AS [MailId],
T0.[LockExpiration] AS [LockExpiration] 
FROM [Mail] T0 
WHERE (((T0.[Status] = @p1) AND (T0.[RetryCount] < @p2)) AND (T0.[LockExpiration] < @p3)) 
ORDER BY T0.[Priority], T0.[RetryCount], T0.[MailId]
      
dbug: Serenity.Data.ISqlConnections[0]
      SQL - ExecuteReader[49987171] - END - 7 ms
info: Serenity.Pro.EmailQueue.EmailQueueJob[0]
      Done executing periodic job: EmailQueueJob
info: Serenity.Pro.EmailQueue.EmailQueueJob[0]
      Executing periodic job: EmailQueueJob.
dbug: Serenity.Data.ISqlConnections[0]
      SQL - ExecuteReader[26878088] - START
DECLARE @p1 Int32 = 0;
      DECLARE @p2 Int32 = 5;
      DECLARE @p3 DateTime2 = '2026-09-07T20:29:29.191';
      
      SELECT TOP 10 
T0.[MailId] AS [MailId],
T0.[LockExpiration] AS [LockExpiration] 
FROM [Mail] T0 
WHERE (((T0.[Status] = @p1) AND (T0.[RetryCount] < @p2)) AND (T0.[LockExpiration] < @p3)) 
ORDER BY T0.[Priority], T0.[RetryCount], T0.[MailId]
      
dbug: Serenity.Data.ISqlConnections[0]
      SQL - ExecuteReader[26878088] - END - 7 ms
info: Serenity.Pro.EmailQueue.EmailQueueJob[0]
      Done executing periodic job: EmailQueueJob
info: Serenity.Pro.EmailQueue.EmailQueueJob[0]
      Executing periodic job: EmailQueueJob.
dbug: Serenity.Data.ISqlConnections[0]
      SQL - ExecuteReader[64133435] - START
DECLARE @p1 Int32 = 0;
      DECLARE @p2 Int32 = 5;
      DECLARE @p3 DateTime2 = '2026-09-07T20:30:09.179';
      
      SELECT TOP 10 
T0.[MailId] AS [MailId],
T0.[LockExpiration] AS [LockExpiration] 
FROM [Mail] T0 
WHERE (((T0.[Status] = @p1) AND (T0.[RetryCount] < @p2)) AND (T0.[LockExpiration] < @p3)) 
ORDER BY T0.[Priority], T0.[RetryCount], T0.[MailId]
      
dbug: Serenity.Data.ISqlConnections[0]
      SQL - ExecuteReader[64133435] - END - 10 ms
info: Serenity.Pro.EmailQueue.EmailQueueJob[0]
      Done executing periodic job: EmailQueueJob
info: Serenity.Pro.EmailQueue.EmailQueueJob[0]
      Executing periodic job: EmailQueueJob.
dbug: Serenity.Data.ISqlConnections[0]
      SQL - ExecuteReader[57728555] - START
DECLARE @p1 Int32 = 0;
      DECLARE @p2 Int32 = 5;
      DECLARE @p3 DateTime2 = '2026-09-07T20:30:39.194';
      
      SELECT TOP 10 
T0.[MailId] AS [MailId],
T0.[LockExpiration] AS [LockExpiration] 
FROM [Mail] T0 
WHERE (((T0.[Status] = @p1) AND (T0.[RetryCount] < @p2)) AND (T0.[LockExpiration] < @p3)) 
ORDER BY T0.[Priority], T0.[RetryCount], T0.[MailId]
      
dbug: Serenity.Data.ISqlConnections[0]
      SQL - ExecuteReader[57728555] - END - 6 ms
info: Serenity.Pro.EmailQueue.EmailQueueJob[0]
      Done executing periodic job: EmailQueueJob
info: Serenity.Pro.EmailQueue.EmailQueueJob[0]
      Executing periodic job: EmailQueueJob.
dbug: Serenity.Data.ISqlConnections[0]
      SQL - ExecuteReader[43354613] - START
DECLARE @p1 Int32 = 0;
      DECLARE @p2 Int32 = 5;
      DECLARE @p3 DateTime2 = '2026-09-07T20:31:19.187';
      
      SELECT TOP 10 
T0.[MailId] AS [MailId],
T0.[LockExpiration] AS [LockExpiration] 
FROM [Mail] T0 
WHERE (((T0.[Status] = @p1) AND (T0.[RetryCount] < @p2)) AND (T0.[LockExpiration] < @p3)) 
ORDER BY T0.[Priority], T0.[RetryCount], T0.[MailId]
      
dbug: Serenity.Data.ISqlConnections[0]
      SQL - ExecuteReader[43354613] - END - 7 ms
info: Serenity.Pro.EmailQueue.EmailQueueJob[0]
      Done executing periodic job: EmailQueueJob
info: Serenity.Pro.EmailQueue.EmailQueueJob[0]
      Executing periodic job: EmailQueueJob.
dbug: Serenity.Data.ISqlConnections[0]
      SQL - ExecuteReader[48866680] - START
DECLARE @p1 Int32 = 0;
      DECLARE @p2 Int32 = 5;
      DECLARE @p3 DateTime2 = '2026-09-07T20:31:49.193';
      
      SELECT TOP 10 
T0.[MailId] AS [MailId],
T0.[LockExpiration] AS [LockExpiration] 
FROM [Mail] T0 
WHERE (((T0.[Status] = @p1) AND (T0.[RetryCount] < @p2)) AND (T0.[LockExpiration] < @p3)) 
ORDER BY T0.[Priority], T0.[RetryCount], T0.[MailId]
      
dbug: Serenity.Data.ISqlConnections[0]
      SQL - ExecuteReader[48866680] - END - 7 ms
info: Serenity.Pro.EmailQueue.EmailQueueJob[0]
      Done executing periodic job: EmailQueueJob
info: Serenity.Pro.EmailQueue.EmailQueueJob[0]
      Executing periodic job: EmailQueueJob.
dbug: Serenity.Data.ISqlConnections[0]
      SQL - ExecuteReader[15396020] - START
DECLARE @p1 Int32 = 0;
      DECLARE @p2 Int32 = 5;
      DECLARE @p3 DateTime2 = '2026-09-07T20:32:29.191';
      
      SELECT TOP 10 
T0.[MailId] AS [MailId],
T0.[LockExpiration] AS [LockExpiration] 
FROM [Mail] T0 
WHERE (((T0.[Status] = @p1) AND (T0.[RetryCount] < @p2)) AND (T0.[LockExpiration] < @p3)) 
ORDER BY T0.[Priority], T0.[RetryCount], T0.[MailId]
      
dbug: Serenity.Data.ISqlConnections[0]
      SQL - ExecuteReader[15396020] - END - 8 ms
info: Serenity.Pro.EmailQueue.EmailQueueJob[0]
      Done executing periodic job: EmailQueueJob
info: Serenity.Pro.EmailQueue.EmailQueueJob[0]
      Executing periodic job: EmailQueueJob.
dbug: Serenity.Data.ISqlConnections[0]
      SQL - ExecuteReader[8961065] - START
DECLARE @p1 Int32 = 0;
      DECLARE @p2 Int32 = 5;
      DECLARE @p3 DateTime2 = '2026-09-07T20:33:09.192';
      
      SELECT TOP 10 
T0.[MailId] AS [MailId],
T0.[LockExpiration] AS [LockExpiration] 
FROM [Mail] T0 
WHERE (((T0.[Status] = @p1) AND (T0.[RetryCount] < @p2)) AND (T0.[LockExpiration] < @p3)) 
ORDER BY T0.[Priority], T0.[RetryCount], T0.[MailId]
      
dbug: Serenity.Data.ISqlConnections[0]
      SQL - ExecuteReader[8961065] - END - 7 ms
info: Serenity.Pro.EmailQueue.EmailQueueJob[0]
      Done executing periodic job: EmailQueueJob
info: Serenity.Pro.EmailQueue.EmailQueueJob[0]
      Executing periodic job: EmailQueueJob.
dbug: Serenity.Data.ISqlConnections[0]
      SQL - ExecuteReader[18120393] - START
DECLARE @p1 Int32 = 0;
      DECLARE @p2 Int32 = 5;
      DECLARE @p3 DateTime2 = '2026-09-07T20:33:49.193';
      
      SELECT TOP 10 
T0.[MailId] AS [MailId],
T0.[LockExpiration] AS [LockExpiration] 
FROM [Mail] T0 
WHERE (((T0.[Status] = @p1) AND (T0.[RetryCount] < @p2)) AND (T0.[LockExpiration] < @p3)) 
ORDER BY T0.[Priority], T0.[RetryCount], T0.[MailId]
      
dbug: Serenity.Data.ISqlConnections[0]
      SQL - ExecuteReader[18120393] - END - 7 ms
info: Serenity.Pro.EmailQueue.EmailQueueJob[0]
      Done executing periodic job: EmailQueueJob
info: Serenity.Pro.EmailQueue.EmailQueueJob[0]
      Executing periodic job: EmailQueueJob.
dbug: Serenity.Data.ISqlConnections[0]
      SQL - ExecuteReader[48660360] - START
DECLARE @p1 Int32 = 0;
      DECLARE @p2 Int32 = 5;
      DECLARE @p3 DateTime2 = '2026-09-07T20:34:19.194';
      
      SELECT TOP 10 
T0.[MailId] AS [MailId],
T0.[LockExpiration] AS [LockExpiration] 
FROM [Mail] T0 
WHERE (((T0.[Status] = @p1) AND (T0.[RetryCount] < @p2)) AND (T0.[LockExpiration] < @p3)) 
ORDER BY T0.[Priority], T0.[RetryCount], T0.[MailId]
      
dbug: Serenity.Data.ISqlConnections[0]
      SQL - ExecuteReader[48660360] - END - 8 ms
info: Serenity.Pro.EmailQueue.EmailQueueJob[0]
      Done executing periodic job: EmailQueueJob
info: Serenity.Pro.EmailQueue.EmailQueueJob[0]
      Executing periodic job: EmailQueueJob.
dbug: Serenity.Data.ISqlConnections[0]
      SQL - ExecuteReader[62802715] - START
DECLARE @p1 Int32 = 0;
      DECLARE @p2 Int32 = 5;
      DECLARE @p3 DateTime2 = '2026-09-07T20:34:59.190';
      
      SELECT TOP 10 
T0.[MailId] AS [MailId],
T0.[LockExpiration] AS [LockExpiration] 
FROM [Mail] T0 
WHERE (((T0.[Status] = @p1) AND (T0.[RetryCount] < @p2)) AND (T0.[LockExpiration] < @p3)) 
ORDER BY T0.[Priority], T0.[RetryCount], T0.[MailId]
      
dbug: Serenity.Data.ISqlConnections[0]
      SQL - ExecuteReader[62802715] - END - 10 ms
info: Serenity.Pro.EmailQueue.EmailQueueJob[0]
      Done executing periodic job: EmailQueueJob
info: Serenity.Pro.EmailQueue.EmailQueueJob[0]
      Executing periodic job: EmailQueueJob.
dbug: Serenity.Data.ISqlConnections[0]
      SQL - ExecuteReader[39324994] - START
DECLARE @p1 Int32 = 0;
      DECLARE @p2 Int32 = 5;
      DECLARE @p3 DateTime2 = '2026-09-07T20:35:39.188';
      
      SELECT TOP 10 
T0.[MailId] AS [MailId],
T0.[LockExpiration] AS [LockExpiration] 
FROM [Mail] T0 
WHERE (((T0.[Status] = @p1) AND (T0.[RetryCount] < @p2)) AND (T0.[LockExpiration] < @p3)) 
ORDER BY T0.[Priority], T0.[RetryCount], T0.[MailId]
      
dbug: Serenity.Data.ISqlConnections[0]
      SQL - ExecuteReader[39324994] - END - 7 ms
info: Serenity.Pro.EmailQueue.EmailQueueJob[0]
      Done executing periodic job: EmailQueueJob
info: Serenity.Pro.EmailQueue.EmailQueueJob[0]
      Executing periodic job: EmailQueueJob.
dbug: Serenity.Data.ISqlConnections[0]
      SQL - ExecuteReader[31815601] - START
DECLARE @p1 Int32 = 0;
      DECLARE @p2 Int32 = 5;
      DECLARE @p3 DateTime2 = '2026-09-07T20:36:09.190';
      
      SELECT TOP 10 
T0.[MailId] AS [MailId],
T0.[LockExpiration] AS [LockExpiration] 
FROM [Mail] T0 
WHERE (((T0.[Status] = @p1) AND (T0.[RetryCount] < @p2)) AND (T0.[LockExpiration] < @p3)) 
ORDER BY T0.[Priority], T0.[RetryCount], T0.[MailId]
      
dbug: Serenity.Data.ISqlConnections[0]
      SQL - ExecuteReader[31815601] - END - 10 ms
info: Serenity.Pro.EmailQueue.EmailQueueJob[0]
      Done executing periodic job: EmailQueueJob
info: Serenity.Pro.EmailQueue.EmailQueueJob[0]
      Executing periodic job: EmailQueueJob.
dbug: Serenity.Data.ISqlConnections[0]
      SQL - ExecuteReader[37621562] - START
DECLARE @p1 Int32 = 0;
      DECLARE @p2 Int32 = 5;
      DECLARE @p3 DateTime2 = '2026-09-07T20:36:49.190';
      
      SELECT TOP 10 
T0.[MailId] AS [MailId],
T0.[LockExpiration] AS [LockExpiration] 
FROM [Mail] T0 
WHERE (((T0.[Status] = @p1) AND (T0.[RetryCount] < @p2)) AND (T0.[LockExpiration] < @p3)) 
ORDER BY T0.[Priority], T0.[RetryCount], T0.[MailId]
      
dbug: Serenity.Data.ISqlConnections[0]
      SQL - ExecuteReader[37621562] - END - 8 ms
info: Serenity.Pro.EmailQueue.EmailQueueJob[0]
      Done executing periodic job: EmailQueueJob
info: Serenity.Pro.EmailQueue.EmailQueueJob[0]
      Executing periodic job: EmailQueueJob.
dbug: Serenity.Data.ISqlConnections[0]
      SQL - ExecuteReader[38245365] - START
DECLARE @p1 Int32 = 0;
      DECLARE @p2 Int32 = 5;
      DECLARE @p3 DateTime2 = '2026-09-07T20:37:29.184';
      
      SELECT TOP 10 
T0.[MailId] AS [MailId],
T0.[LockExpiration] AS [LockExpiration] 
FROM [Mail] T0 
WHERE (((T0.[Status] = @p1) AND (T0.[RetryCount] < @p2)) AND (T0.[LockExpiration] < @p3)) 
ORDER BY T0.[Priority], T0.[RetryCount], T0.[MailId]
      
dbug: Serenity.Data.ISqlConnections[0]
      SQL - ExecuteReader[38245365] - END - 9 ms
info: Serenity.Pro.EmailQueue.EmailQueueJob[0]
      Done executing periodic job: EmailQueueJob
info: Serenity.Pro.EmailQueue.EmailQueueJob[0]
      Executing periodic job: EmailQueueJob.
dbug: Serenity.Data.ISqlConnections[0]
      SQL - ExecuteReader[5619881] - START
DECLARE @p1 Int32 = 0;
      DECLARE @p2 Int32 = 5;
      DECLARE @p3 DateTime2 = '2026-09-07T20:37:59.186';
      
      SELECT TOP 10 
T0.[MailId] AS [MailId],
T0.[LockExpiration] AS [LockExpiration] 
FROM [Mail] T0 
WHERE (((T0.[Status] = @p1) AND (T0.[RetryCount] < @p2)) AND (T0.[LockExpiration] < @p3)) 
ORDER BY T0.[Priority], T0.[RetryCount], T0.[MailId]
      
dbug: Serenity.Data.ISqlConnections[0]
      SQL - ExecuteReader[5619881] - END - 7 ms
info: Serenity.Pro.EmailQueue.EmailQueueJob[0]
      Done executing periodic job: EmailQueueJob
info: Serenity.Pro.EmailQueue.EmailQueueJob[0]
      Executing periodic job: EmailQueueJob.
dbug: Serenity.Data.ISqlConnections[0]
      SQL - ExecuteReader[30407383] - START
DECLARE @p1 Int32 = 0;
      DECLARE @p2 Int32 = 5;
      DECLARE @p3 DateTime2 = '2026-09-07T20:38:29.187';
      
      SELECT TOP 10 
T0.[MailId] AS [MailId],
T0.[LockExpiration] AS [LockExpiration] 
FROM [Mail] T0 
WHERE (((T0.[Status] = @p1) AND (T0.[RetryCount] < @p2)) AND (T0.[LockExpiration] < @p3)) 
ORDER BY T0.[Priority], T0.[RetryCount], T0.[MailId]
      
dbug: Serenity.Data.ISqlConnections[0]
      SQL - ExecuteReader[30407383] - END - 8 ms
info: Serenity.Pro.EmailQueue.EmailQueueJob[0]
      Done executing periodic job: EmailQueueJob
info: Serenity.Pro.EmailQueue.EmailQueueJob[0]
      Executing periodic job: EmailQueueJob.
dbug: Serenity.Data.ISqlConnections[0]
      SQL - ExecuteReader[17046282] - START
DECLARE @p1 Int32 = 0;
      DECLARE @p2 Int32 = 5;
      DECLARE @p3 DateTime2 = '2026-09-07T20:39:09.191';
      
      SELECT TOP 10 
T0.[MailId] AS [MailId],
T0.[LockExpiration] AS [LockExpiration] 
FROM [Mail] T0 
WHERE (((T0.[Status] = @p1) AND (T0.[RetryCount] < @p2)) AND (T0.[LockExpiration] < @p3)) 
ORDER BY T0.[Priority], T0.[RetryCount], T0.[MailId]
      
dbug: Serenity.Data.ISqlConnections[0]
      SQL - ExecuteReader[17046282] - END - 8 ms
info: Serenity.Pro.EmailQueue.EmailQueueJob[0]
      Done executing periodic job: EmailQueueJob
info: Serenity.Pro.EmailQueue.EmailQueueJob[0]
      Executing periodic job: EmailQueueJob.
dbug: Serenity.Data.ISqlConnections[0]
      SQL - ExecuteReader[4659848] - START
DECLARE @p1 Int32 = 0;
      DECLARE @p2 Int32 = 5;
      DECLARE @p3 DateTime2 = '2026-09-07T20:39:49.180';
      
      SELECT TOP 10 
T0.[MailId] AS [MailId],
T0.[LockExpiration] AS [LockExpiration] 
FROM [Mail] T0 
WHERE (((T0.[Status] = @p1) AND (T0.[RetryCount] < @p2)) AND (T0.[LockExpiration] < @p3)) 
ORDER BY T0.[Priority], T0.[RetryCount], T0.[MailId]
      
dbug: Serenity.Data.ISqlConnections[0]
      SQL - ExecuteReader[4659848] - END - 9 ms
info: Serenity.Pro.EmailQueue.EmailQueueJob[0]
      Done executing periodic job: EmailQueueJob
info: Serenity.Pro.EmailQueue.EmailQueueJob[0]
      Executing periodic job: EmailQueueJob.
dbug: Serenity.Data.ISqlConnections[0]
      SQL - ExecuteReader[26766887] - START
DECLARE @p1 Int32 = 0;
      DECLARE @p2 Int32 = 5;
      DECLARE @p3 DateTime2 = '2026-09-07T20:40:19.182';
      
      SELECT TOP 10 
T0.[MailId] AS [MailId],
T0.[LockExpiration] AS [LockExpiration] 
FROM [Mail] T0 
WHERE (((T0.[Status] = @p1) AND (T0.[RetryCount] < @p2)) AND (T0.[LockExpiration] < @p3)) 
ORDER BY T0.[Priority], T0.[RetryCount], T0.[MailId]
      
dbug: Serenity.Data.ISqlConnections[0]
      SQL - ExecuteReader[26766887] - END - 10 ms
info: Serenity.Pro.EmailQueue.EmailQueueJob[0]
      Done executing periodic job: EmailQueueJob
info: Serenity.Pro.EmailQueue.EmailQueueJob[0]
      Executing periodic job: EmailQueueJob.
dbug: Serenity.Data.ISqlConnections[0]
      SQL - ExecuteReader[24719819] - START
DECLARE @p1 Int32 = 0;
      DECLARE @p2 Int32 = 5;
      DECLARE @p3 DateTime2 = '2026-09-07T20:40:49.191';
      
      SELECT TOP 10 
T0.[MailId] AS [MailId],
T0.[LockExpiration] AS [LockExpiration] 
FROM [Mail] T0 
WHERE (((T0.[Status] = @p1) AND (T0.[RetryCount] < @p2)) AND (T0.[LockExpiration] < @p3)) 
ORDER BY T0.[Priority], T0.[RetryCount], T0.[MailId]
      
dbug: Serenity.Data.ISqlConnections[0]
      SQL - ExecuteReader[24719819] - END - 7 ms
info: Serenity.Pro.EmailQueue.EmailQueueJob[0]
      Done executing periodic job: EmailQueueJob
info: Serenity.Pro.EmailQueue.EmailQueueJob[0]
      Executing periodic job: EmailQueueJob.
dbug: Serenity.Data.ISqlConnections[0]
      SQL - ExecuteReader[52332325] - START
DECLARE @p1 Int32 = 0;
      DECLARE @p2 Int32 = 5;
      DECLARE @p3 DateTime2 = '2026-09-07T20:41:29.191';
      
      SELECT TOP 10 
T0.[MailId] AS [MailId],
T0.[LockExpiration] AS [LockExpiration] 
FROM [Mail] T0 
WHERE (((T0.[Status] = @p1) AND (T0.[RetryCount] < @p2)) AND (T0.[LockExpiration] < @p3)) 
ORDER BY T0.[Priority], T0.[RetryCount], T0.[MailId]
      
dbug: Serenity.Data.ISqlConnections[0]
      SQL - ExecuteReader[52332325] - END - 8 ms
info: Serenity.Pro.EmailQueue.EmailQueueJob[0]
      Done executing periodic job: EmailQueueJob
info: Serenity.Pro.EmailQueue.EmailQueueJob[0]
      Executing periodic job: EmailQueueJob.
dbug: Serenity.Data.ISqlConnections[0]
      SQL - ExecuteReader[65018141] - START
DECLARE @p1 Int32 = 0;
      DECLARE @p2 Int32 = 5;
      DECLARE @p3 DateTime2 = '2026-09-07T20:42:09.188';
      
      SELECT TOP 10 
T0.[MailId] AS [MailId],
T0.[LockExpiration] AS [LockExpiration] 
FROM [Mail] T0 
WHERE (((T0.[Status] = @p1) AND (T0.[RetryCount] < @p2)) AND (T0.[LockExpiration] < @p3)) 
ORDER BY T0.[Priority], T0.[RetryCount], T0.[MailId]
      
dbug: Serenity.Data.ISqlConnections[0]
      SQL - ExecuteReader[65018141] - END - 9 ms
info: Serenity.Pro.EmailQueue.EmailQueueJob[0]
      Done executing periodic job: EmailQueueJob
info: Serenity.Pro.EmailQueue.EmailQueueJob[0]
      Executing periodic job: EmailQueueJob.
dbug: Serenity.Data.ISqlConnections[0]
      SQL - ExecuteReader[49867967] - START
DECLARE @p1 Int32 = 0;
      DECLARE @p2 Int32 = 5;
      DECLARE @p3 DateTime2 = '2026-09-07T20:42:49.181';
      
      SELECT TOP 10 
T0.[MailId] AS [MailId],
T0.[LockExpiration] AS [LockExpiration] 
FROM [Mail] T0 
WHERE (((T0.[Status] = @p1) AND (T0.[RetryCount] < @p2)) AND (T0.[LockExpiration] < @p3)) 
ORDER BY T0.[Priority], T0.[RetryCount], T0.[MailId]
      
dbug: Serenity.Data.ISqlConnections[0]
      SQL - ExecuteReader[49867967] - END - 9 ms
info: Serenity.Pro.EmailQueue.EmailQueueJob[0]
      Done executing periodic job: EmailQueueJob
info: Serenity.Pro.EmailQueue.EmailQueueJob[0]
      Executing periodic job: EmailQueueJob.
dbug: Serenity.Data.ISqlConnections[0]
      SQL - ExecuteReader[18400749] - START
DECLARE @p1 Int32 = 0;
      DECLARE @p2 Int32 = 5;
      DECLARE @p3 DateTime2 = '2026-09-07T20:43:19.189';
      
      SELECT TOP 10 
T0.[MailId] AS [MailId],
T0.[LockExpiration] AS [LockExpiration] 
FROM [Mail] T0 
WHERE (((T0.[Status] = @p1) AND (T0.[RetryCount] < @p2)) AND (T0.[LockExpiration] < @p3)) 
ORDER BY T0.[Priority], T0.[RetryCount], T0.[MailId]
      
dbug: Serenity.Data.ISqlConnections[0]
      SQL - ExecuteReader[18400749] - END - 9 ms
info: Serenity.Pro.EmailQueue.EmailQueueJob[0]
      Done executing periodic job: EmailQueueJob
info: Serenity.Pro.EmailQueue.EmailQueueJob[0]
      Executing periodic job: EmailQueueJob.
dbug: Serenity.Data.ISqlConnections[0]
      SQL - ExecuteReader[15834706] - START
DECLARE @p1 Int32 = 0;
      DECLARE @p2 Int32 = 5;
      DECLARE @p3 DateTime2 = '2026-09-07T20:43:49.192';
      
      SELECT TOP 10 
T0.[MailId] AS [MailId],
T0.[LockExpiration] AS [LockExpiration] 
FROM [Mail] T0 
WHERE (((T0.[Status] = @p1) AND (T0.[RetryCount] < @p2)) AND (T0.[LockExpiration] < @p3)) 
ORDER BY T0.[Priority], T0.[RetryCount], T0.[MailId]
      
dbug: Serenity.Data.ISqlConnections[0]
      SQL - ExecuteReader[15834706] - END - 8 ms
info: Serenity.Pro.EmailQueue.EmailQueueJob[0]
      Done executing periodic job: EmailQueueJob
info: Serenity.Pro.EmailQueue.EmailQueueJob[0]
      Executing periodic job: EmailQueueJob.
dbug: Serenity.Data.ISqlConnections[0]
      SQL - ExecuteReader[2776] - START
DECLARE @p1 Int32 = 0;
      DECLARE @p2 Int32 = 5;
      DECLARE @p3 DateTime2 = '2026-09-07T20:44:29.179';
      
      SELECT TOP 10 
T0.[MailId] AS [MailId],
T0.[LockExpiration] AS [LockExpiration] 
FROM [Mail] T0 
WHERE (((T0.[Status] = @p1) AND (T0.[RetryCount] < @p2)) AND (T0.[LockExpiration] < @p3)) 
ORDER BY T0.[Priority], T0.[RetryCount], T0.[MailId]
      
dbug: Serenity.Data.ISqlConnections[0]
      SQL - ExecuteReader[2776] - END - 8 ms
info: Serenity.Pro.EmailQueue.EmailQueueJob[0]
      Done executing periodic job: EmailQueueJob
info: Serenity.Pro.EmailQueue.EmailQueueJob[0]
      Executing periodic job: EmailQueueJob.
dbug: Serenity.Data.ISqlConnections[0]
      SQL - ExecuteReader[20191282] - START
DECLARE @p1 Int32 = 0;
      DECLARE @p2 Int32 = 5;
      DECLARE @p3 DateTime2 = '2026-09-07T20:44:59.186';
      
      SELECT TOP 10 
T0.[MailId] AS [MailId],
T0.[LockExpiration] AS [LockExpiration] 
FROM [Mail] T0 
WHERE (((T0.[Status] = @p1) AND (T0.[RetryCount] < @p2)) AND (T0.[LockExpiration] < @p3)) 
ORDER BY T0.[Priority], T0.[RetryCount], T0.[MailId]
      
dbug: Serenity.Data.ISqlConnections[0]
      SQL - ExecuteReader[20191282] - END - 8 ms
info: Serenity.Pro.EmailQueue.EmailQueueJob[0]
      Done executing periodic job: EmailQueueJob
info: Serenity.Pro.EmailQueue.EmailQueueJob[0]
      Executing periodic job: EmailQueueJob.
dbug: Serenity.Data.ISqlConnections[0]
      SQL - ExecuteReader[4337816] - START
DECLARE @p1 Int32 = 0;
      DECLARE @p2 Int32 = 5;
      DECLARE @p3 DateTime2 = '2026-09-07T20:45:39.192';
      
      SELECT TOP 10 
T0.[MailId] AS [MailId],
T0.[LockExpiration] AS [LockExpiration] 
FROM [Mail] T0 
WHERE (((T0.[Status] = @p1) AND (T0.[RetryCount] < @p2)) AND (T0.[LockExpiration] < @p3)) 
ORDER BY T0.[Priority], T0.[RetryCount], T0.[MailId]
      
dbug: Serenity.Data.ISqlConnections[0]
      SQL - ExecuteReader[4337816] - END - 8 ms
info: Serenity.Pro.EmailQueue.EmailQueueJob[0]
      Done executing periodic job: EmailQueueJob
info: Serenity.Pro.EmailQueue.EmailQueueJob[0]
      Executing periodic job: EmailQueueJob.
dbug: Serenity.Data.ISqlConnections[0]
      SQL - ExecuteReader[247084] - START
DECLARE @p1 Int32 = 0;
      DECLARE @p2 Int32 = 5;
      DECLARE @p3 DateTime2 = '2026-09-07T20:46:19.181';
      
      SELECT TOP 10 
T0.[MailId] AS [MailId],
T0.[LockExpiration] AS [LockExpiration] 
FROM [Mail] T0 
WHERE (((T0.[Status] = @p1) AND (T0.[RetryCount] < @p2)) AND (T0.[LockExpiration] < @p3)) 
ORDER BY T0.[Priority], T0.[RetryCount], T0.[MailId]
      
dbug: Serenity.Data.ISqlConnections[0]
      SQL - ExecuteReader[247084] - END - 9 ms
info: Serenity.Pro.EmailQueue.EmailQueueJob[0]
      Done executing periodic job: EmailQueueJob
info: Serenity.Pro.EmailQueue.EmailQueueJob[0]
      Executing periodic job: EmailQueueJob.
dbug: Serenity.Data.ISqlConnections[0]
      SQL - ExecuteReader[47218610] - START
DECLARE @p1 Int32 = 0;
      DECLARE @p2 Int32 = 5;
      DECLARE @p3 DateTime2 = '2026-09-07T20:46:59.192';
      
      SELECT TOP 10 
T0.[MailId] AS [MailId],
T0.[LockExpiration] AS [LockExpiration] 
FROM [Mail] T0 
WHERE (((T0.[Status] = @p1) AND (T0.[RetryCount] < @p2)) AND (T0.[LockExpiration] < @p3)) 
ORDER BY T0.[Priority], T0.[RetryCount], T0.[MailId]
      
dbug: Serenity.Data.ISqlConnections[0]
      SQL - ExecuteReader[47218610] - END - 7 ms
info: Serenity.Pro.EmailQueue.EmailQueueJob[0]
      Done executing periodic job: EmailQueueJob
info: Serenity.Pro.EmailQueue.EmailQueueJob[0]
      Executing periodic job: EmailQueueJob.
dbug: Serenity.Data.ISqlConnections[0]
      SQL - ExecuteReader[56797564] - START
DECLARE @p1 Int32 = 0;
      DECLARE @p2 Int32 = 5;
      DECLARE @p3 DateTime2 = '2026-09-07T20:47:39.193';
      
      SELECT TOP 10 
T0.[MailId] AS [MailId],
T0.[LockExpiration] AS [LockExpiration] 
FROM [Mail] T0 
WHERE (((T0.[Status] = @p1) AND (T0.[RetryCount] < @p2)) AND (T0.[LockExpiration] < @p3)) 
ORDER BY T0.[Priority], T0.[RetryCount], T0.[MailId]
      
dbug: Serenity.Data.ISqlConnections[0]
      SQL - ExecuteReader[56797564] - END - 7 ms
info: Serenity.Pro.EmailQueue.EmailQueueJob[0]
      Done executing periodic job: EmailQueueJob
info: Serenity.Pro.EmailQueue.EmailQueueJob[0]
      Executing periodic job: EmailQueueJob.
dbug: Serenity.Data.ISqlConnections[0]
      SQL - ExecuteReader[50689173] - START
DECLARE @p1 Int32 = 0;
      DECLARE @p2 Int32 = 5;
      DECLARE @p3 DateTime2 = '2026-09-07T20:48:19.184';
      
      SELECT TOP 10 
T0.[MailId] AS [MailId],
T0.[LockExpiration] AS [LockExpiration] 
FROM [Mail] T0 
WHERE (((T0.[Status] = @p1) AND (T0.[RetryCount] < @p2)) AND (T0.[LockExpiration] < @p3)) 
ORDER BY T0.[Priority], T0.[RetryCount], T0.[MailId]
      
dbug: Serenity.Data.ISqlConnections[0]
      SQL - ExecuteReader[50689173] - END - 9 ms
info: Serenity.Pro.EmailQueue.EmailQueueJob[0]
      Done executing periodic job: EmailQueueJob
info: Serenity.Pro.EmailQueue.EmailQueueJob[0]
      Executing periodic job: EmailQueueJob.
dbug: Serenity.Data.ISqlConnections[0]
      SQL - ExecuteReader[1929135] - START
DECLARE @p1 Int32 = 0;
      DECLARE @p2 Int32 = 5;
      DECLARE @p3 DateTime2 = '2026-09-07T20:48:49.184';
      
      SELECT TOP 10 
T0.[MailId] AS [MailId],
T0.[LockExpiration] AS [LockExpiration] 
FROM [Mail] T0 
WHERE (((T0.[Status] = @p1) AND (T0.[RetryCount] < @p2)) AND (T0.[LockExpiration] < @p3)) 
ORDER BY T0.[Priority], T0.[RetryCount], T0.[MailId]
      
dbug: Serenity.Data.ISqlConnections[0]
      SQL - ExecuteReader[1929135] - END - 8 ms
info: Serenity.Pro.EmailQueue.EmailQueueJob[0]
      Done executing periodic job: EmailQueueJob
info: Serenity.Pro.EmailQueue.EmailQueueJob[0]
      Executing periodic job: EmailQueueJob.
dbug: Serenity.Data.ISqlConnections[0]
      SQL - ExecuteReader[22042280] - START
DECLARE @p1 Int32 = 0;
      DECLARE @p2 Int32 = 5;
      DECLARE @p3 DateTime2 = '2026-09-07T20:49:29.192';
      
      SELECT TOP 10 
T0.[MailId] AS [MailId],
T0.[LockExpiration] AS [LockExpiration] 
FROM [Mail] T0 
WHERE (((T0.[Status] = @p1) AND (T0.[RetryCount] < @p2)) AND (T0.[LockExpiration] < @p3)) 
ORDER BY T0.[Priority], T0.[RetryCount], T0.[MailId]
      
dbug: Serenity.Data.ISqlConnections[0]
      SQL - ExecuteReader[22042280] - END - 9 ms
info: Serenity.Pro.EmailQueue.EmailQueueJob[0]
      Done executing periodic job: EmailQueueJob
info: Serenity.Pro.EmailQueue.EmailQueueJob[0]
      Executing periodic job: EmailQueueJob.
dbug: Serenity.Data.ISqlConnections[0]
      SQL - ExecuteReader[26034507] - START
DECLARE @p1 Int32 = 0;
      DECLARE @p2 Int32 = 5;
      DECLARE @p3 DateTime2 = '2026-09-07T20:50:09.193';
      
      SELECT TOP 10 
T0.[MailId] AS [MailId],
T0.[LockExpiration] AS [LockExpiration] 
FROM [Mail] T0 
WHERE (((T0.[Status] = @p1) AND (T0.[RetryCount] < @p2)) AND (T0.[LockExpiration] < @p3)) 
ORDER BY T0.[Priority], T0.[RetryCount], T0.[MailId]
      
dbug: Serenity.Data.ISqlConnections[0]
      SQL - ExecuteReader[26034507] - END - 9 ms
info: Serenity.Pro.EmailQueue.EmailQueueJob[0]
      Done executing periodic job: EmailQueueJob
info: Serenity.Pro.EmailQueue.EmailQueueJob[0]
      Executing periodic job: EmailQueueJob.
dbug: Serenity.Data.ISqlConnections[0]
      SQL - ExecuteReader[21990553] - START
DECLARE @p1 Int32 = 0;
      DECLARE @p2 Int32 = 5;
      DECLARE @p3 DateTime2 = '2026-09-07T20:50:49.185';
      
      SELECT TOP 10 
T0.[MailId] AS [MailId],
T0.[LockExpiration] AS [LockExpiration] 
FROM [Mail] T0 
WHERE (((T0.[Status] = @p1) AND (T0.[RetryCount] < @p2)) AND (T0.[LockExpiration] < @p3)) 
ORDER BY T0.[Priority], T0.[RetryCount], T0.[MailId]
      
dbug: Serenity.Data.ISqlConnections[0]
      SQL - ExecuteReader[21990553] - END - 13 ms
info: Serenity.Pro.EmailQueue.EmailQueueJob[0]
      Done executing periodic job: EmailQueueJob
info: Serenity.Pro.EmailQueue.EmailQueueJob[0]
      Executing periodic job: EmailQueueJob.
dbug: Serenity.Data.ISqlConnections[0]
      SQL - ExecuteReader[11002240] - START
DECLARE @p1 Int32 = 0;
      DECLARE @p2 Int32 = 5;
      DECLARE @p3 DateTime2 = '2026-09-07T20:51:19.194';
      
      SELECT TOP 10 
T0.[MailId] AS [MailId],
T0.[LockExpiration] AS [LockExpiration] 
FROM [Mail] T0 
WHERE (((T0.[Status] = @p1) AND (T0.[RetryCount] < @p2)) AND (T0.[LockExpiration] < @p3)) 
ORDER BY T0.[Priority], T0.[RetryCount], T0.[MailId]
      
dbug: Serenity.Data.ISqlConnections[0]
      SQL - ExecuteReader[11002240] - END - 8 ms
info: Serenity.Pro.EmailQueue.EmailQueueJob[0]
      Done executing periodic job: EmailQueueJob
info: Serenity.Pro.EmailQueue.EmailQueueJob[0]
      Executing periodic job: EmailQueueJob.
dbug: Serenity.Data.ISqlConnections[0]
      SQL - ExecuteReader[40594250] - START
DECLARE @p1 Int32 = 0;
      DECLARE @p2 Int32 = 5;
      DECLARE @p3 DateTime2 = '2026-09-07T20:51:59.191';
      
      SELECT TOP 10 
T0.[MailId] AS [MailId],
T0.[LockExpiration] AS [LockExpiration] 
FROM [Mail] T0 
WHERE (((T0.[Status] = @p1) AND (T0.[RetryCount] < @p2)) AND (T0.[LockExpiration] < @p3)) 
ORDER BY T0.[Priority], T0.[RetryCount], T0.[MailId]
      
dbug: Serenity.Data.ISqlConnections[0]
      SQL - ExecuteReader[40594250] - END - 7 ms
info: Serenity.Pro.EmailQueue.EmailQueueJob[0]
      Done executing periodic job: EmailQueueJob
info: Serenity.Pro.EmailQueue.EmailQueueJob[0]
      Executing periodic job: EmailQueueJob.
dbug: Serenity.Data.ISqlConnections[0]
      SQL - ExecuteReader[39675289] - START
DECLARE @p1 Int32 = 0;
      DECLARE @p2 Int32 = 5;
      DECLARE @p3 DateTime2 = '2026-09-07T20:52:29.194';
      
      SELECT TOP 10 
T0.[MailId] AS [MailId],
T0.[LockExpiration] AS [LockExpiration] 
FROM [Mail] T0 
WHERE (((T0.[Status] = @p1) AND (T0.[RetryCount] < @p2)) AND (T0.[LockExpiration] < @p3)) 
ORDER BY T0.[Priority], T0.[RetryCount], T0.[MailId]
      
dbug: Serenity.Data.ISqlConnections[0]
      SQL - ExecuteReader[39675289] - END - 8 ms
info: Serenity.Pro.EmailQueue.EmailQueueJob[0]
      Done executing periodic job: EmailQueueJob
info: Serenity.Pro.EmailQueue.EmailQueueJob[0]
      Executing periodic job: EmailQueueJob.
dbug: Serenity.Data.ISqlConnections[0]
      SQL - ExecuteReader[59840031] - START
DECLARE @p1 Int32 = 0;
      DECLARE @p2 Int32 = 5;
      DECLARE @p3 DateTime2 = '2026-09-07T20:53:09.190';
      
      SELECT TOP 10 
T0.[MailId] AS [MailId],
T0.[LockExpiration] AS [LockExpiration] 
FROM [Mail] T0 
WHERE (((T0.[Status] = @p1) AND (T0.[RetryCount] < @p2)) AND (T0.[LockExpiration] < @p3)) 
ORDER BY T0.[Priority], T0.[RetryCount], T0.[MailId]
      
dbug: Serenity.Data.ISqlConnections[0]
      SQL - ExecuteReader[59840031] - END - 7 ms
info: Serenity.Pro.EmailQueue.EmailQueueJob[0]
      Done executing periodic job: EmailQueueJob
info: Serenity.Pro.EmailQueue.EmailQueueJob[0]
      Executing periodic job: EmailQueueJob.
dbug: Serenity.Data.ISqlConnections[0]
      SQL - ExecuteReader[9478816] - START
DECLARE @p1 Int32 = 0;
      DECLARE @p2 Int32 = 5;
      DECLARE @p3 DateTime2 = '2026-09-07T20:53:39.192';
      
      SELECT TOP 10 
T0.[MailId] AS [MailId],
T0.[LockExpiration] AS [LockExpiration] 
FROM [Mail] T0 
WHERE (((T0.[Status] = @p1) AND (T0.[RetryCount] < @p2)) AND (T0.[LockExpiration] < @p3)) 
ORDER BY T0.[Priority], T0.[RetryCount], T0.[MailId]
      
dbug: Serenity.Data.ISqlConnections[0]
      SQL - ExecuteReader[9478816] - END - 8 ms
info: Serenity.Pro.EmailQueue.EmailQueueJob[0]
      Done executing periodic job: EmailQueueJob
info: Serenity.Pro.EmailQueue.EmailQueueJob[0]
      Executing periodic job: EmailQueueJob.
dbug: Serenity.Data.ISqlConnections[0]
      SQL - ExecuteReader[66908793] - START
DECLARE @p1 Int32 = 0;
      DECLARE @p2 Int32 = 5;
      DECLARE @p3 DateTime2 = '2026-09-07T20:54:19.192';
      
      SELECT TOP 10 
T0.[MailId] AS [MailId],
T0.[LockExpiration] AS [LockExpiration] 
FROM [Mail] T0 
WHERE (((T0.[Status] = @p1) AND (T0.[RetryCount] < @p2)) AND (T0.[LockExpiration] < @p3)) 
ORDER BY T0.[Priority], T0.[RetryCount], T0.[MailId]
      
dbug: Serenity.Data.ISqlConnections[0]
      SQL - ExecuteReader[66908793] - END - 9 ms
info: Serenity.Pro.EmailQueue.EmailQueueJob[0]
      Done executing periodic job: EmailQueueJob
info: Serenity.Pro.EmailQueue.EmailQueueJob[0]
      Executing periodic job: EmailQueueJob.
dbug: Serenity.Data.ISqlConnections[0]
      SQL - ExecuteReader[25572351] - START
DECLARE @p1 Int32 = 0;
      DECLARE @p2 Int32 = 5;
      DECLARE @p3 DateTime2 = '2026-09-07T20:54:59.192';
      
      SELECT TOP 10 
T0.[MailId] AS [MailId],
T0.[LockExpiration] AS [LockExpiration] 
FROM [Mail] T0 
WHERE (((T0.[Status] = @p1) AND (T0.[RetryCount] < @p2)) AND (T0.[LockExpiration] < @p3)) 
ORDER BY T0.[Priority], T0.[RetryCount], T0.[MailId]
      
dbug: Serenity.Data.ISqlConnections[0]
      SQL - ExecuteReader[25572351] - END - 9 ms
info: Serenity.Pro.EmailQueue.EmailQueueJob[0]
      Done executing periodic job: EmailQueueJob
info: Serenity.Pro.EmailQueue.EmailQueueJob[0]
      Executing periodic job: EmailQueueJob.
dbug: Serenity.Data.ISqlConnections[0]
      SQL - ExecuteReader[45679495] - START
DECLARE @p1 Int32 = 0;
      DECLARE @p2 Int32 = 5;
      DECLARE @p3 DateTime2 = '2026-09-07T20:55:39.178';
      
      SELECT TOP 10 
T0.[MailId] AS [MailId],
T0.[LockExpiration] AS [LockExpiration] 
FROM [Mail] T0 
WHERE (((T0.[Status] = @p1) AND (T0.[RetryCount] < @p2)) AND (T0.[LockExpiration] < @p3)) 
ORDER BY T0.[Priority], T0.[RetryCount], T0.[MailId]
      
dbug: Serenity.Data.ISqlConnections[0]
      SQL - ExecuteReader[45679495] - END - 10 ms
info: Serenity.Pro.EmailQueue.EmailQueueJob[0]
      Done executing periodic job: EmailQueueJob
info: Serenity.Pro.EmailQueue.EmailQueueJob[0]
      Executing periodic job: EmailQueueJob.
dbug: Serenity.Data.ISqlConnections[0]
      SQL - ExecuteReader[35575139] - START
DECLARE @p1 Int32 = 0;
      DECLARE @p2 Int32 = 5;
      DECLARE @p3 DateTime2 = '2026-09-07T20:56:09.192';
      
      SELECT TOP 10 
T0.[MailId] AS [MailId],
T0.[LockExpiration] AS [LockExpiration] 
FROM [Mail] T0 
WHERE (((T0.[Status] = @p1) AND (T0.[RetryCount] < @p2)) AND (T0.[LockExpiration] < @p3)) 
ORDER BY T0.[Priority], T0.[RetryCount], T0.[MailId]
      
dbug: Serenity.Data.ISqlConnections[0]
      SQL - ExecuteReader[35575139] - END - 6 ms
info: Serenity.Pro.EmailQueue.EmailQueueJob[0]
      Done executing periodic job: EmailQueueJob
info: Serenity.Pro.EmailQueue.EmailQueueJob[0]
      Executing periodic job: EmailQueueJob.
dbug: Serenity.Data.ISqlConnections[0]
      SQL - ExecuteReader[63170937] - START
DECLARE @p1 Int32 = 0;
      DECLARE @p2 Int32 = 5;
      DECLARE @p3 DateTime2 = '2026-09-07T20:56:49.193';
      
      SELECT TOP 10 
T0.[MailId] AS [MailId],
T0.[LockExpiration] AS [LockExpiration] 
FROM [Mail] T0 
WHERE (((T0.[Status] = @p1) AND (T0.[RetryCount] < @p2)) AND (T0.[LockExpiration] < @p3)) 
ORDER BY T0.[Priority], T0.[RetryCount], T0.[MailId]
      
dbug: Serenity.Data.ISqlConnections[0]
      SQL - ExecuteReader[63170937] - END - 8 ms
info: Serenity.Pro.EmailQueue.EmailQueueJob[0]
      Done executing periodic job: EmailQueueJob
info: Serenity.Pro.EmailQueue.EmailQueueJob[0]
      Executing periodic job: EmailQueueJob.
dbug: Serenity.Data.ISqlConnections[0]
      SQL - ExecuteReader[33873065] - START
DECLARE @p1 Int32 = 0;
      DECLARE @p2 Int32 = 5;
      DECLARE @p3 DateTime2 = '2026-09-07T20:57:29.180';
      
      SELECT TOP 10 
T0.[MailId] AS [MailId],
T0.[LockExpiration] AS [LockExpiration] 
FROM [Mail] T0 
WHERE (((T0.[Status] = @p1) AND (T0.[RetryCount] < @p2)) AND (T0.[LockExpiration] < @p3)) 
ORDER BY T0.[Priority], T0.[RetryCount], T0.[MailId]
      
dbug: Serenity.Data.ISqlConnections[0]
      SQL - ExecuteReader[33873065] - END - 8 ms
info: Serenity.Pro.EmailQueue.EmailQueueJob[0]
      Done executing periodic job: EmailQueueJob
info: Serenity.Pro.EmailQueue.EmailQueueJob[0]
      Executing periodic job: EmailQueueJob.
dbug: Serenity.Data.ISqlConnections[0]
      SQL - ExecuteReader[55922576] - START
DECLARE @p1 Int32 = 0;
      DECLARE @p2 Int32 = 5;
      DECLARE @p3 DateTime2 = '2026-09-07T20:57:59.190';
      
      SELECT TOP 10 
T0.[MailId] AS [MailId],
T0.[LockExpiration] AS [LockExpiration] 
FROM [Mail] T0 
WHERE (((T0.[Status] = @p1) AND (T0.[RetryCount] < @p2)) AND (T0.[LockExpiration] < @p3)) 
ORDER BY T0.[Priority], T0.[RetryCount], T0.[MailId]
      
dbug: Serenity.Data.ISqlConnections[0]
      SQL - ExecuteReader[55922576] - END - 7 ms
info: Serenity.Pro.EmailQueue.EmailQueueJob[0]
      Done executing periodic job: EmailQueueJob
info: Serenity.Pro.EmailQueue.EmailQueueJob[0]
      Executing periodic job: EmailQueueJob.
dbug: Serenity.Data.ISqlConnections[0]
      SQL - ExecuteReader[10728520] - START
DECLARE @p1 Int32 = 0;
      DECLARE @p2 Int32 = 5;
      DECLARE @p3 DateTime2 = '2026-09-07T20:58:39.187';
      
      SELECT TOP 10 
T0.[MailId] AS [MailId],
T0.[LockExpiration] AS [LockExpiration] 
FROM [Mail] T0 
WHERE (((T0.[Status] = @p1) AND (T0.[RetryCount] < @p2)) AND (T0.[LockExpiration] < @p3)) 
ORDER BY T0.[Priority], T0.[RetryCount], T0.[MailId]
      
dbug: Serenity.Data.ISqlConnections[0]
      SQL - ExecuteReader[10728520] - END - 7 ms
info: Serenity.Pro.EmailQueue.EmailQueueJob[0]
      Done executing periodic job: EmailQueueJob
info: Serenity.Pro.EmailQueue.EmailQueueJob[0]
      Executing periodic job: EmailQueueJob.
dbug: Serenity.Data.ISqlConnections[0]
      SQL - ExecuteReader[54217973] - START
DECLARE @p1 Int32 = 0;
      DECLARE @p2 Int32 = 5;
      DECLARE @p3 DateTime2 = '2026-09-07T20:59:09.194';
      
      SELECT TOP 10 
T0.[MailId] AS [MailId],
T0.[LockExpiration] AS [LockExpiration] 
FROM [Mail] T0 
WHERE (((T0.[Status] = @p1) AND (T0.[RetryCount] < @p2)) AND (T0.[LockExpiration] < @p3)) 
ORDER BY T0.[Priority], T0.[RetryCount], T0.[MailId]
      
dbug: Serenity.Data.ISqlConnections[0]
      SQL - ExecuteReader[54217973] - END - 8 ms
info: Serenity.Pro.EmailQueue.EmailQueueJob[0]
      Done executing periodic job: EmailQueueJob
info: Serenity.Pro.EmailQueue.EmailQueueJob[0]
      Executing periodic job: EmailQueueJob.
dbug: Serenity.Data.ISqlConnections[0]
      SQL - ExecuteReader[621350] - START
DECLARE @p1 Int32 = 0;
      DECLARE @p2 Int32 = 5;
      DECLARE @p3 DateTime2 = '2026-09-07T20:59:49.180';
      
      SELECT TOP 10 
T0.[MailId] AS [MailId],
T0.[LockExpiration] AS [LockExpiration] 
FROM [Mail] T0 
WHERE (((T0.[Status] = @p1) AND (T0.[RetryCount] < @p2)) AND (T0.[LockExpiration] < @p3)) 
ORDER BY T0.[Priority], T0.[RetryCount], T0.[MailId]
      
dbug: Serenity.Data.ISqlConnections[0]
      SQL - ExecuteReader[621350] - END - 7 ms
info: Serenity.Pro.EmailQueue.EmailQueueJob[0]
      Done executing periodic job: EmailQueueJob
info: Serenity.Pro.EmailQueue.EmailQueueJob[0]
      Executing periodic job: EmailQueueJob.
dbug: Serenity.Data.ISqlConnections[0]
      SQL - ExecuteReader[9869051] - START
DECLARE @p1 Int32 = 0;
      DECLARE @p2 Int32 = 5;
      DECLARE @p3 DateTime2 = '2026-09-07T21:00:19.187';
      
      SELECT TOP 10 
T0.[MailId] AS [MailId],
T0.[LockExpiration] AS [LockExpiration] 
FROM [Mail] T0 
WHERE (((T0.[Status] = @p1) AND (T0.[RetryCount] < @p2)) AND (T0.[LockExpiration] < @p3)) 
ORDER BY T0.[Priority], T0.[RetryCount], T0.[MailId]
      
dbug: Serenity.Data.ISqlConnections[0]
      SQL - ExecuteReader[9869051] - END - 8 ms
info: Serenity.Pro.EmailQueue.EmailQueueJob[0]
      Done executing periodic job: EmailQueueJob
info: Serenity.Pro.EmailQueue.EmailQueueJob[0]
      Executing periodic job: EmailQueueJob.
dbug: Serenity.Data.ISqlConnections[0]
      SQL - ExecuteReader[18292548] - START
DECLARE @p1 Int32 = 0;
      DECLARE @p2 Int32 = 5;
      DECLARE @p3 DateTime2 = '2026-09-07T21:00:59.191';
      
      SELECT TOP 10 
T0.[MailId] AS [MailId],
T0.[LockExpiration] AS [LockExpiration] 
FROM [Mail] T0 
WHERE (((T0.[Status] = @p1) AND (T0.[RetryCount] < @p2)) AND (T0.[LockExpiration] < @p3)) 
ORDER BY T0.[Priority], T0.[RetryCount], T0.[MailId]
      
dbug: Serenity.Data.ISqlConnections[0]
      SQL - ExecuteReader[18292548] - END - 7 ms
info: Serenity.Pro.EmailQueue.EmailQueueJob[0]
      Done executing periodic job: EmailQueueJob
info: Serenity.Pro.EmailQueue.EmailQueueJob[0]
      Executing periodic job: EmailQueueJob.
dbug: Serenity.Data.ISqlConnections[0]
      SQL - ExecuteReader[29160386] - START
DECLARE @p1 Int32 = 0;
      DECLARE @p2 Int32 = 5;
      DECLARE @p3 DateTime2 = '2026-09-07T21:01:39.193';
      
      SELECT TOP 10 
T0.[MailId] AS [MailId],
T0.[LockExpiration] AS [LockExpiration] 
FROM [Mail] T0 
WHERE (((T0.[Status] = @p1) AND (T0.[RetryCount] < @p2)) AND (T0.[LockExpiration] < @p3)) 
ORDER BY T0.[Priority], T0.[RetryCount], T0.[MailId]
      
dbug: Serenity.Data.ISqlConnections[0]
      SQL - ExecuteReader[29160386] - END - 63 ms
info: Serenity.Pro.EmailQueue.EmailQueueJob[0]
      Done executing periodic job: EmailQueueJob
info: Serenity.Pro.EmailQueue.EmailQueueJob[0]
      Executing periodic job: EmailQueueJob.
dbug: Serenity.Data.ISqlConnections[0]
      SQL - ExecuteReader[50903129] - START
DECLARE @p1 Int32 = 0;
      DECLARE @p2 Int32 = 5;
      DECLARE @p3 DateTime2 = '2026-09-07T21:02:19.193';
      
      SELECT TOP 10 
T0.[MailId] AS [MailId],
T0.[LockExpiration] AS [LockExpiration] 
FROM [Mail] T0 
WHERE (((T0.[Status] = @p1) AND (T0.[RetryCount] < @p2)) AND (T0.[LockExpiration] < @p3)) 
ORDER BY T0.[Priority], T0.[RetryCount], T0.[MailId]
      
dbug: Serenity.Data.ISqlConnections[0]
      SQL - ExecuteReader[50903129] - END - 7 ms
info: Serenity.Pro.EmailQueue.EmailQueueJob[0]
      Done executing periodic job: EmailQueueJob
info: Serenity.Pro.EmailQueue.EmailQueueJob[0]
      Executing periodic job: EmailQueueJob.
dbug: Serenity.Data.ISqlConnections[0]
      SQL - ExecuteReader[47296475] - START
DECLARE @p1 Int32 = 0;
      DECLARE @p2 Int32 = 5;
      DECLARE @p3 DateTime2 = '2026-09-07T21:02:59.181';
      
      SELECT TOP 10 
T0.[MailId] AS [MailId],
T0.[LockExpiration] AS [LockExpiration] 
FROM [Mail] T0 
WHERE (((T0.[Status] = @p1) AND (T0.[RetryCount] < @p2)) AND (T0.[LockExpiration] < @p3)) 
ORDER BY T0.[Priority], T0.[RetryCount], T0.[MailId]
      
dbug: Serenity.Data.ISqlConnections[0]
      SQL - ExecuteReader[47296475] - END - 8 ms
info: Serenity.Pro.EmailQueue.EmailQueueJob[0]
      Done executing periodic job: EmailQueueJob
info: Serenity.Pro.EmailQueue.EmailQueueJob[0]
      Executing periodic job: EmailQueueJob.
dbug: Serenity.Data.ISqlConnections[0]
      SQL - ExecuteReader[29512782] - START
DECLARE @p1 Int32 = 0;
      DECLARE @p2 Int32 = 5;
      DECLARE @p3 DateTime2 = '2026-09-07T21:03:29.187';
      
      SELECT TOP 10 
T0.[MailId] AS [MailId],
T0.[LockExpiration] AS [LockExpiration] 
FROM [Mail] T0 
WHERE (((T0.[Status] = @p1) AND (T0.[RetryCount] < @p2)) AND (T0.[LockExpiration] < @p3)) 
ORDER BY T0.[Priority], T0.[RetryCount], T0.[MailId]
      
dbug: Serenity.Data.ISqlConnections[0]
      SQL - ExecuteReader[29512782] - END - 16 ms
info: Serenity.Pro.EmailQueue.EmailQueueJob[0]
      Done executing periodic job: EmailQueueJob
info: Serenity.Pro.EmailQueue.EmailQueueJob[0]
      Executing periodic job: EmailQueueJob.
dbug: Serenity.Data.ISqlConnections[0]
      SQL - ExecuteReader[24499605] - START
DECLARE @p1 Int32 = 0;
      DECLARE @p2 Int32 = 5;
      DECLARE @p3 DateTime2 = '2026-09-07T21:04:09.178';
      
      SELECT TOP 10 
T0.[MailId] AS [MailId],
T0.[LockExpiration] AS [LockExpiration] 
FROM [Mail] T0 
WHERE (((T0.[Status] = @p1) AND (T0.[RetryCount] < @p2)) AND (T0.[LockExpiration] < @p3)) 
ORDER BY T0.[Priority], T0.[RetryCount], T0.[MailId]
      
dbug: Serenity.Data.ISqlConnections[0]
      SQL - ExecuteReader[24499605] - END - 7 ms
info: Serenity.Pro.EmailQueue.EmailQueueJob[0]
      Done executing periodic job: EmailQueueJob
info: Serenity.Pro.EmailQueue.EmailQueueJob[0]
      Executing periodic job: EmailQueueJob.
dbug: Serenity.Data.ISqlConnections[0]
      SQL - ExecuteReader[29781271] - START
DECLARE @p1 Int32 = 0;
      DECLARE @p2 Int32 = 5;
      DECLARE @p3 DateTime2 = '2026-09-07T21:04:39.180';
      
      SELECT TOP 10 
T0.[MailId] AS [MailId],
T0.[LockExpiration] AS [LockExpiration] 
FROM [Mail] T0 
WHERE (((T0.[Status] = @p1) AND (T0.[RetryCount] < @p2)) AND (T0.[LockExpiration] < @p3)) 
ORDER BY T0.[Priority], T0.[RetryCount], T0.[MailId]
      
dbug: Serenity.Data.ISqlConnections[0]
      SQL - ExecuteReader[29781271] - END - 8 ms
info: Serenity.Pro.EmailQueue.EmailQueueJob[0]
      Done executing periodic job: EmailQueueJob
info: Serenity.Pro.EmailQueue.EmailQueueJob[0]
      Executing periodic job: EmailQueueJob.
dbug: Serenity.Data.ISqlConnections[0]
      SQL - ExecuteReader[55712227] - START
DECLARE @p1 Int32 = 0;
      DECLARE @p2 Int32 = 5;
      DECLARE @p3 DateTime2 = '2026-09-07T21:05:09.187';
      
      SELECT TOP 10 
T0.[MailId] AS [MailId],
T0.[LockExpiration] AS [LockExpiration] 
FROM [Mail] T0 
WHERE (((T0.[Status] = @p1) AND (T0.[RetryCount] < @p2)) AND (T0.[LockExpiration] < @p3)) 
ORDER BY T0.[Priority], T0.[RetryCount], T0.[MailId]
      
dbug: Serenity.Data.ISqlConnections[0]
      SQL - ExecuteReader[55712227] - END - 8 ms
info: Serenity.Pro.EmailQueue.EmailQueueJob[0]
      Done executing periodic job: EmailQueueJob
info: Serenity.Pro.EmailQueue.EmailQueueJob[0]
      Executing periodic job: EmailQueueJob.
dbug: Serenity.Data.ISqlConnections[0]
      SQL - ExecuteReader[41725181] - START
DECLARE @p1 Int32 = 0;
      DECLARE @p2 Int32 = 5;
      DECLARE @p3 DateTime2 = '2026-09-07T21:05:39.187';
      
      SELECT TOP 10 
T0.[MailId] AS [MailId],
T0.[LockExpiration] AS [LockExpiration] 
FROM [Mail] T0 
WHERE (((T0.[Status] = @p1) AND (T0.[RetryCount] < @p2)) AND (T0.[LockExpiration] < @p3)) 
ORDER BY T0.[Priority], T0.[RetryCount], T0.[MailId]
      
dbug: Serenity.Data.ISqlConnections[0]
      SQL - ExecuteReader[41725181] - END - 7 ms
info: Serenity.Pro.EmailQueue.EmailQueueJob[0]
      Done executing periodic job: EmailQueueJob
info: Serenity.Pro.EmailQueue.EmailQueueJob[0]
      Executing periodic job: EmailQueueJob.
dbug: Serenity.Data.ISqlConnections[0]
      SQL - ExecuteReader[24296521] - START
DECLARE @p1 Int32 = 0;
      DECLARE @p2 Int32 = 5;
      DECLARE @p3 DateTime2 = '2026-09-07T21:06:19.190';
      
      SELECT TOP 10 
T0.[MailId] AS [MailId],
T0.[LockExpiration] AS [LockExpiration] 
FROM [Mail] T0 
WHERE (((T0.[Status] = @p1) AND (T0.[RetryCount] < @p2)) AND (T0.[LockExpiration] < @p3)) 
ORDER BY T0.[Priority], T0.[RetryCount], T0.[MailId]
      
dbug: Serenity.Data.ISqlConnections[0]
      SQL - ExecuteReader[24296521] - END - 9 ms
info: Serenity.Pro.EmailQueue.EmailQueueJob[0]
      Done executing periodic job: EmailQueueJob
info: Serenity.Pro.EmailQueue.EmailQueueJob[0]
      Executing periodic job: EmailQueueJob.
dbug: Serenity.Data.ISqlConnections[0]
      SQL - ExecuteReader[21861207] - START
DECLARE @p1 Int32 = 0;
      DECLARE @p2 Int32 = 5;
      DECLARE @p3 DateTime2 = '2026-09-07T21:06:49.193';
      
      SELECT TOP 10 
T0.[MailId] AS [MailId],
T0.[LockExpiration] AS [LockExpiration] 
FROM [Mail] T0 
WHERE (((T0.[Status] = @p1) AND (T0.[RetryCount] < @p2)) AND (T0.[LockExpiration] < @p3)) 
ORDER BY T0.[Priority], T0.[RetryCount], T0.[MailId]
      
dbug: Serenity.Data.ISqlConnections[0]
      SQL - ExecuteReader[21861207] - END - 8 ms
info: Serenity.Pro.EmailQueue.EmailQueueJob[0]
      Done executing periodic job: EmailQueueJob
info: Serenity.Pro.EmailQueue.EmailQueueJob[0]
      Executing periodic job: EmailQueueJob.
dbug: Serenity.Data.ISqlConnections[0]
      SQL - ExecuteReader[8224403] - START
DECLARE @p1 Int32 = 0;
      DECLARE @p2 Int32 = 5;
      DECLARE @p3 DateTime2 = '2026-09-07T21:07:29.194';
      
      SELECT TOP 10 
T0.[MailId] AS [MailId],
T0.[LockExpiration] AS [LockExpiration] 
FROM [Mail] T0 
WHERE (((T0.[Status] = @p1) AND (T0.[RetryCount] < @p2)) AND (T0.[LockExpiration] < @p3)) 
ORDER BY T0.[Priority], T0.[RetryCount], T0.[MailId]
      
dbug: Serenity.Data.ISqlConnections[0]
      SQL - ExecuteReader[8224403] - END - 12 ms
info: Serenity.Pro.EmailQueue.EmailQueueJob[0]
      Done executing periodic job: EmailQueueJob
info: Serenity.Pro.EmailQueue.EmailQueueJob[0]
      Executing periodic job: EmailQueueJob.
dbug: Serenity.Data.ISqlConnections[0]
      SQL - ExecuteReader[53118068] - START
DECLARE @p1 Int32 = 0;
      DECLARE @p2 Int32 = 5;
      DECLARE @p3 DateTime2 = '2026-09-07T21:08:09.188';
      
      SELECT TOP 10 
T0.[MailId] AS [MailId],
T0.[LockExpiration] AS [LockExpiration] 
FROM [Mail] T0 
WHERE (((T0.[Status] = @p1) AND (T0.[RetryCount] < @p2)) AND (T0.[LockExpiration] < @p3)) 
ORDER BY T0.[Priority], T0.[RetryCount], T0.[MailId]
      
dbug: Serenity.Data.ISqlConnections[0]
      SQL - ExecuteReader[53118068] - END - 7 ms
info: Serenity.Pro.EmailQueue.EmailQueueJob[0]
      Done executing periodic job: EmailQueueJob
info: Serenity.Pro.EmailQueue.EmailQueueJob[0]
      Executing periodic job: EmailQueueJob.
dbug: Serenity.Data.ISqlConnections[0]
      SQL - ExecuteReader[17476630] - START
DECLARE @p1 Int32 = 0;
      DECLARE @p2 Int32 = 5;
      DECLARE @p3 DateTime2 = '2026-09-07T21:08:39.192';
      
      SELECT TOP 10 
T0.[MailId] AS [MailId],
T0.[LockExpiration] AS [LockExpiration] 
FROM [Mail] T0 
WHERE (((T0.[Status] = @p1) AND (T0.[RetryCount] < @p2)) AND (T0.[LockExpiration] < @p3)) 
ORDER BY T0.[Priority], T0.[RetryCount], T0.[MailId]
      
dbug: Serenity.Data.ISqlConnections[0]
      SQL - ExecuteReader[17476630] - END - 9 ms
info: Serenity.Pro.EmailQueue.EmailQueueJob[0]
      Done executing periodic job: EmailQueueJob
info: Serenity.Pro.EmailQueue.EmailQueueJob[0]
      Executing periodic job: EmailQueueJob.
dbug: Serenity.Data.ISqlConnections[0]
      SQL - ExecuteReader[25927305] - START
DECLARE @p1 Int32 = 0;
      DECLARE @p2 Int32 = 5;
      DECLARE @p3 DateTime2 = '2026-09-07T21:09:19.190';
      
      SELECT TOP 10 
T0.[MailId] AS [MailId],
T0.[LockExpiration] AS [LockExpiration] 
FROM [Mail] T0 
WHERE (((T0.[Status] = @p1) AND (T0.[RetryCount] < @p2)) AND (T0.[LockExpiration] < @p3)) 
ORDER BY T0.[Priority], T0.[RetryCount], T0.[MailId]
      
dbug: Serenity.Data.ISqlConnections[0]
      SQL - ExecuteReader[25927305] - END - 8 ms
info: Serenity.Pro.EmailQueue.EmailQueueJob[0]
      Done executing periodic job: EmailQueueJob
info: Serenity.Pro.EmailQueue.EmailQueueJob[0]
      Executing periodic job: EmailQueueJob.
dbug: Serenity.Data.ISqlConnections[0]
      SQL - ExecuteReader[53881045] - START
DECLARE @p1 Int32 = 0;
      DECLARE @p2 Int32 = 5;
      DECLARE @p3 DateTime2 = '2026-09-07T21:09:49.191';
      
      SELECT TOP 10 
T0.[MailId] AS [MailId],
T0.[LockExpiration] AS [LockExpiration] 
FROM [Mail] T0 
WHERE (((T0.[Status] = @p1) AND (T0.[RetryCount] < @p2)) AND (T0.[LockExpiration] < @p3)) 
ORDER BY T0.[Priority], T0.[RetryCount], T0.[MailId]
      
dbug: Serenity.Data.ISqlConnections[0]
      SQL - ExecuteReader[53881045] - END - 9 ms
info: Serenity.Pro.EmailQueue.EmailQueueJob[0]
      Done executing periodic job: EmailQueueJob
info: Serenity.Pro.EmailQueue.EmailQueueJob[0]
      Executing periodic job: EmailQueueJob.
dbug: Serenity.Data.ISqlConnections[0]
      SQL - ExecuteReader[42320889] - START
DECLARE @p1 Int32 = 0;
      DECLARE @p2 Int32 = 5;
      DECLARE @p3 DateTime2 = '2026-09-07T21:10:29.185';
      
      SELECT TOP 10 
T0.[MailId] AS [MailId],
T0.[LockExpiration] AS [LockExpiration] 
FROM [Mail] T0 
WHERE (((T0.[Status] = @p1) AND (T0.[RetryCount] < @p2)) AND (T0.[LockExpiration] < @p3)) 
ORDER BY T0.[Priority], T0.[RetryCount], T0.[MailId]
      
dbug: Serenity.Data.ISqlConnections[0]
      SQL - ExecuteReader[42320889] - END - 8 ms
info: Serenity.Pro.EmailQueue.EmailQueueJob[0]
      Done executing periodic job: EmailQueueJob
info: Serenity.Pro.EmailQueue.EmailQueueJob[0]
      Executing periodic job: EmailQueueJob.
dbug: Serenity.Data.ISqlConnections[0]
      SQL - ExecuteReader[64688111] - START
DECLARE @p1 Int32 = 0;
      DECLARE @p2 Int32 = 5;
      DECLARE @p3 DateTime2 = '2026-09-07T21:10:59.191';
      
      SELECT TOP 10 
T0.[MailId] AS [MailId],
T0.[LockExpiration] AS [LockExpiration] 
FROM [Mail] T0 
WHERE (((T0.[Status] = @p1) AND (T0.[RetryCount] < @p2)) AND (T0.[LockExpiration] < @p3)) 
ORDER BY T0.[Priority], T0.[RetryCount], T0.[MailId]
      
dbug: Serenity.Data.ISqlConnections[0]
      SQL - ExecuteReader[64688111] - END - 8 ms
info: Serenity.Pro.EmailQueue.EmailQueueJob[0]
      Done executing periodic job: EmailQueueJob
info: Serenity.Pro.EmailQueue.EmailQueueJob[0]
      Executing periodic job: EmailQueueJob.
dbug: Serenity.Data.ISqlConnections[0]
      SQL - ExecuteReader[19736965] - START
DECLARE @p1 Int32 = 0;
      DECLARE @p2 Int32 = 5;
      DECLARE @p3 DateTime2 = '2026-09-07T21:11:29.192';
      
      SELECT TOP 10 
T0.[MailId] AS [MailId],
T0.[LockExpiration] AS [LockExpiration] 
FROM [Mail] T0 
WHERE (((T0.[Status] = @p1) AND (T0.[RetryCount] < @p2)) AND (T0.[LockExpiration] < @p3)) 
ORDER BY T0.[Priority], T0.[RetryCount], T0.[MailId]
      
dbug: Serenity.Data.ISqlConnections[0]
      SQL - ExecuteReader[19736965] - END - 7 ms
info: Serenity.Pro.EmailQueue.EmailQueueJob[0]
      Done executing periodic job: EmailQueueJob
info: Serenity.Pro.EmailQueue.EmailQueueJob[0]
      Executing periodic job: EmailQueueJob.
dbug: Serenity.Data.ISqlConnections[0]
      SQL - ExecuteReader[29780589] - START
DECLARE @p1 Int32 = 0;
      DECLARE @p2 Int32 = 5;
      DECLARE @p3 DateTime2 = '2026-09-07T21:12:09.191';
      
      SELECT TOP 10 
T0.[MailId] AS [MailId],
T0.[LockExpiration] AS [LockExpiration] 
FROM [Mail] T0 
WHERE (((T0.[Status] = @p1) AND (T0.[RetryCount] < @p2)) AND (T0.[LockExpiration] < @p3)) 
ORDER BY T0.[Priority], T0.[RetryCount], T0.[MailId]
      
dbug: Serenity.Data.ISqlConnections[0]
      SQL - ExecuteReader[29780589] - END - 8 ms
info: Serenity.Pro.EmailQueue.EmailQueueJob[0]
      Done executing periodic job: EmailQueueJob
info: Serenity.Pro.EmailQueue.EmailQueueJob[0]
      Executing periodic job: EmailQueueJob.
dbug: Serenity.Data.ISqlConnections[0]
      SQL - ExecuteReader[56028023] - START
DECLARE @p1 Int32 = 0;
      DECLARE @p2 Int32 = 5;
      DECLARE @p3 DateTime2 = '2026-09-07T21:12:39.193';
      
      SELECT TOP 10 
T0.[MailId] AS [MailId],
T0.[LockExpiration] AS [LockExpiration] 
FROM [Mail] T0 
WHERE (((T0.[Status] = @p1) AND (T0.[RetryCount] < @p2)) AND (T0.[LockExpiration] < @p3)) 
ORDER BY T0.[Priority], T0.[RetryCount], T0.[MailId]
      
dbug: Serenity.Data.ISqlConnections[0]
      SQL - ExecuteReader[56028023] - END - 8 ms
info: Serenity.Pro.EmailQueue.EmailQueueJob[0]
      Done executing periodic job: EmailQueueJob
info: Serenity.Pro.EmailQueue.EmailQueueJob[0]
      Executing periodic job: EmailQueueJob.
dbug: Serenity.Data.ISqlConnections[0]
      SQL - ExecuteReader[41961038] - START
DECLARE @p1 Int32 = 0;
      DECLARE @p2 Int32 = 5;
      DECLARE @p3 DateTime2 = '2026-09-07T21:13:19.188';
      
      SELECT TOP 10 
T0.[MailId] AS [MailId],
T0.[LockExpiration] AS [LockExpiration] 
FROM [Mail] T0 
WHERE (((T0.[Status] = @p1) AND (T0.[RetryCount] < @p2)) AND (T0.[LockExpiration] < @p3)) 
ORDER BY T0.[Priority], T0.[RetryCount], T0.[MailId]
      
dbug: Serenity.Data.ISqlConnections[0]
      SQL - ExecuteReader[41961038] - END - 8 ms
info: Serenity.Pro.EmailQueue.EmailQueueJob[0]
      Done executing periodic job: EmailQueueJob
info: Serenity.Pro.EmailQueue.EmailQueueJob[0]
      Executing periodic job: EmailQueueJob.
dbug: Serenity.Data.ISqlConnections[0]
      SQL - ExecuteReader[55190318] - START
DECLARE @p1 Int32 = 0;
      DECLARE @p2 Int32 = 5;
      DECLARE @p3 DateTime2 = '2026-09-07T21:13:49.192';
      
      SELECT TOP 10 
T0.[MailId] AS [MailId],
T0.[LockExpiration] AS [LockExpiration] 
FROM [Mail] T0 
WHERE (((T0.[Status] = @p1) AND (T0.[RetryCount] < @p2)) AND (T0.[LockExpiration] < @p3)) 
ORDER BY T0.[Priority], T0.[RetryCount], T0.[MailId]
      
dbug: Serenity.Data.ISqlConnections[0]
      SQL - ExecuteReader[55190318] - END - 9 ms
info: Serenity.Pro.EmailQueue.EmailQueueJob[0]
      Done executing periodic job: EmailQueueJob
info: Serenity.Pro.EmailQueue.EmailQueueJob[0]
      Executing periodic job: EmailQueueJob.
dbug: Serenity.Data.ISqlConnections[0]
      SQL - ExecuteReader[41230760] - START
DECLARE @p1 Int32 = 0;
      DECLARE @p2 Int32 = 5;
      DECLARE @p3 DateTime2 = '2026-09-07T21:14:19.192';
      
      SELECT TOP 10 
T0.[MailId] AS [MailId],
T0.[LockExpiration] AS [LockExpiration] 
FROM [Mail] T0 
WHERE (((T0.[Status] = @p1) AND (T0.[RetryCount] < @p2)) AND (T0.[LockExpiration] < @p3)) 
ORDER BY T0.[Priority], T0.[RetryCount], T0.[MailId]
      
dbug: Serenity.Data.ISqlConnections[0]
      SQL - ExecuteReader[41230760] - END - 208 ms
info: Serenity.Pro.EmailQueue.EmailQueueJob[0]
      Done executing periodic job: EmailQueueJob
info: Serenity.Pro.EmailQueue.EmailQueueJob[0]
      Executing periodic job: EmailQueueJob.
dbug: Serenity.Data.ISqlConnections[0]
      SQL - ExecuteReader[51357272] - START
DECLARE @p1 Int32 = 0;
      DECLARE @p2 Int32 = 5;
      DECLARE @p3 DateTime2 = '2026-09-07T21:14:59.194';
      
      SELECT TOP 10 
T0.[MailId] AS [MailId],
T0.[LockExpiration] AS [LockExpiration] 
FROM [Mail] T0 
WHERE (((T0.[Status] = @p1) AND (T0.[RetryCount] < @p2)) AND (T0.[LockExpiration] < @p3)) 
ORDER BY T0.[Priority], T0.[RetryCount], T0.[MailId]
      
dbug: Serenity.Data.ISqlConnections[0]
      SQL - ExecuteReader[51357272] - END - 7 ms
info: Serenity.Pro.EmailQueue.EmailQueueJob[0]
      Done executing periodic job: EmailQueueJob
info: Serenity.Pro.EmailQueue.EmailQueueJob[0]
      Executing periodic job: EmailQueueJob.
dbug: Serenity.Data.ISqlConnections[0]
      SQL - ExecuteReader[49461889] - START
DECLARE @p1 Int32 = 0;
      DECLARE @p2 Int32 = 5;
      DECLARE @p3 DateTime2 = '2026-09-07T21:15:39.191';
      
      SELECT TOP 10 
T0.[MailId] AS [MailId],
T0.[LockExpiration] AS [LockExpiration] 
FROM [Mail] T0 
WHERE (((T0.[Status] = @p1) AND (T0.[RetryCount] < @p2)) AND (T0.[LockExpiration] < @p3)) 
ORDER BY T0.[Priority], T0.[RetryCount], T0.[MailId]
      
dbug: Serenity.Data.ISqlConnections[0]
      SQL - ExecuteReader[49461889] - END - 7 ms
info: Serenity.Pro.EmailQueue.EmailQueueJob[0]
      Done executing periodic job: EmailQueueJob
info: Serenity.Pro.EmailQueue.EmailQueueJob[0]
      Executing periodic job: EmailQueueJob.
dbug: Serenity.Data.ISqlConnections[0]
      SQL - ExecuteReader[51476253] - START
DECLARE @p1 Int32 = 0;
      DECLARE @p2 Int32 = 5;
      DECLARE @p3 DateTime2 = '2026-09-07T21:16:19.179';
      
      SELECT TOP 10 
T0.[MailId] AS [MailId],
T0.[LockExpiration] AS [LockExpiration] 
FROM [Mail] T0 
WHERE (((T0.[Status] = @p1) AND (T0.[RetryCount] < @p2)) AND (T0.[LockExpiration] < @p3)) 
ORDER BY T0.[Priority], T0.[RetryCount], T0.[MailId]
      
dbug: Serenity.Data.ISqlConnections[0]
      SQL - ExecuteReader[51476253] - END - 12 ms
info: Serenity.Pro.EmailQueue.EmailQueueJob[0]
      Done executing periodic job: EmailQueueJob
info: Serenity.Pro.EmailQueue.EmailQueueJob[0]
      Executing periodic job: EmailQueueJob.
dbug: Serenity.Data.ISqlConnections[0]
      SQL - ExecuteReader[24129742] - START
DECLARE @p1 Int32 = 0;
      DECLARE @p2 Int32 = 5;
      DECLARE @p3 DateTime2 = '2026-09-07T21:16:49.185';
      
      SELECT TOP 10 
T0.[MailId] AS [MailId],
T0.[LockExpiration] AS [LockExpiration] 
FROM [Mail] T0 
WHERE (((T0.[Status] = @p1) AND (T0.[RetryCount] < @p2)) AND (T0.[LockExpiration] < @p3)) 
ORDER BY T0.[Priority], T0.[RetryCount], T0.[MailId]
      
dbug: Serenity.Data.ISqlConnections[0]
      SQL - ExecuteReader[24129742] - END - 8 ms
info: Serenity.Pro.EmailQueue.EmailQueueJob[0]
      Done executing periodic job: EmailQueueJob
info: Serenity.Pro.EmailQueue.EmailQueueJob[0]
      Executing periodic job: EmailQueueJob.
dbug: Serenity.Data.ISqlConnections[0]
      SQL - ExecuteReader[66298336] - START
DECLARE @p1 Int32 = 0;
      DECLARE @p2 Int32 = 5;
      DECLARE @p3 DateTime2 = '2026-09-07T21:17:29.182';
      
      SELECT TOP 10 
T0.[MailId] AS [MailId],
T0.[LockExpiration] AS [LockExpiration] 
FROM [Mail] T0 
WHERE (((T0.[Status] = @p1) AND (T0.[RetryCount] < @p2)) AND (T0.[LockExpiration] < @p3)) 
ORDER BY T0.[Priority], T0.[RetryCount], T0.[MailId]
      
dbug: Serenity.Data.ISqlConnections[0]
      SQL - ExecuteReader[66298336] - END - 9 ms
info: Serenity.Pro.EmailQueue.EmailQueueJob[0]
      Done executing periodic job: EmailQueueJob
info: Serenity.Pro.EmailQueue.EmailQueueJob[0]
      Executing periodic job: EmailQueueJob.
dbug: Serenity.Data.ISqlConnections[0]
      SQL - ExecuteReader[42843881] - START
DECLARE @p1 Int32 = 0;
      DECLARE @p2 Int32 = 5;
      DECLARE @p3 DateTime2 = '2026-09-07T21:17:59.190';
      
      SELECT TOP 10 
T0.[MailId] AS [MailId],
T0.[LockExpiration] AS [LockExpiration] 
FROM [Mail] T0 
WHERE (((T0.[Status] = @p1) AND (T0.[RetryCount] < @p2)) AND (T0.[LockExpiration] < @p3)) 
ORDER BY T0.[Priority], T0.[RetryCount], T0.[MailId]
      
dbug: Serenity.Data.ISqlConnections[0]
      SQL - ExecuteReader[42843881] - END - 7 ms
info: Serenity.Pro.EmailQueue.EmailQueueJob[0]
      Done executing periodic job: EmailQueueJob
info: Serenity.Pro.EmailQueue.EmailQueueJob[0]
      Executing periodic job: EmailQueueJob.
dbug: Serenity.Data.ISqlConnections[0]
      SQL - ExecuteReader[1456166] - START
DECLARE @p1 Int32 = 0;
      DECLARE @p2 Int32 = 5;
      DECLARE @p3 DateTime2 = '2026-09-07T21:18:39.180';
      
      SELECT TOP 10 
T0.[MailId] AS [MailId],
T0.[LockExpiration] AS [LockExpiration] 
FROM [Mail] T0 
WHERE (((T0.[Status] = @p1) AND (T0.[RetryCount] < @p2)) AND (T0.[LockExpiration] < @p3)) 
ORDER BY T0.[Priority], T0.[RetryCount], T0.[MailId]
      
dbug: Serenity.Data.ISqlConnections[0]
      SQL - ExecuteReader[1456166] - END - 10 ms
info: Serenity.Pro.EmailQueue.EmailQueueJob[0]
      Done executing periodic job: EmailQueueJob
info: Serenity.Pro.EmailQueue.EmailQueueJob[0]
      Executing periodic job: EmailQueueJob.
dbug: Serenity.Data.ISqlConnections[0]
      SQL - ExecuteReader[4721366] - START
DECLARE @p1 Int32 = 0;
      DECLARE @p2 Int32 = 5;
      DECLARE @p3 DateTime2 = '2026-09-07T21:19:19.187';
      
      SELECT TOP 10 
T0.[MailId] AS [MailId],
T0.[LockExpiration] AS [LockExpiration] 
FROM [Mail] T0 
WHERE (((T0.[Status] = @p1) AND (T0.[RetryCount] < @p2)) AND (T0.[LockExpiration] < @p3)) 
ORDER BY T0.[Priority], T0.[RetryCount], T0.[MailId]
      
dbug: Serenity.Data.ISqlConnections[0]
      SQL - ExecuteReader[4721366] - END - 8 ms
info: Serenity.Pro.EmailQueue.EmailQueueJob[0]
      Done executing periodic job: EmailQueueJob
info: Serenity.Pro.EmailQueue.EmailQueueJob[0]
      Executing periodic job: EmailQueueJob.
dbug: Serenity.Data.ISqlConnections[0]
      SQL - ExecuteReader[36735614] - START
DECLARE @p1 Int32 = 0;
      DECLARE @p2 Int32 = 5;
      DECLARE @p3 DateTime2 = '2026-09-07T21:19:49.191';
      
      SELECT TOP 10 
T0.[MailId] AS [MailId],
T0.[LockExpiration] AS [LockExpiration] 
FROM [Mail] T0 
WHERE (((T0.[Status] = @p1) AND (T0.[RetryCount] < @p2)) AND (T0.[LockExpiration] < @p3)) 
ORDER BY T0.[Priority], T0.[RetryCount], T0.[MailId]
      
dbug: Serenity.Data.ISqlConnections[0]
      SQL - ExecuteReader[36735614] - END - 8 ms
info: Serenity.Pro.EmailQueue.EmailQueueJob[0]
      Done executing periodic job: EmailQueueJob
info: Serenity.Pro.EmailQueue.EmailQueueJob[0]
      Executing periodic job: EmailQueueJob.
dbug: Serenity.Data.ISqlConnections[0]
      SQL - ExecuteReader[7494800] - START
DECLARE @p1 Int32 = 0;
      DECLARE @p2 Int32 = 5;
      DECLARE @p3 DateTime2 = '2026-09-07T21:20:29.182';
      
      SELECT TOP 10 
T0.[MailId] AS [MailId],
T0.[LockExpiration] AS [LockExpiration] 
FROM [Mail] T0 
WHERE (((T0.[Status] = @p1) AND (T0.[RetryCount] < @p2)) AND (T0.[LockExpiration] < @p3)) 
ORDER BY T0.[Priority], T0.[RetryCount], T0.[MailId]
      
dbug: Serenity.Data.ISqlConnections[0]
      SQL - ExecuteReader[7494800] - END - 10 ms
info: Serenity.Pro.EmailQueue.EmailQueueJob[0]
      Done executing periodic job: EmailQueueJob
info: Serenity.Pro.EmailQueue.EmailQueueJob[0]
      Executing periodic job: EmailQueueJob.
dbug: Serenity.Data.ISqlConnections[0]
      SQL - ExecuteReader[66316286] - START
DECLARE @p1 Int32 = 0;
      DECLARE @p2 Int32 = 5;
      DECLARE @p3 DateTime2 = '2026-09-07T21:20:59.188';
      
      SELECT TOP 10 
T0.[MailId] AS [MailId],
T0.[LockExpiration] AS [LockExpiration] 
FROM [Mail] T0 
WHERE (((T0.[Status] = @p1) AND (T0.[RetryCount] < @p2)) AND (T0.[LockExpiration] < @p3)) 
ORDER BY T0.[Priority], T0.[RetryCount], T0.[MailId]
      
dbug: Serenity.Data.ISqlConnections[0]
      SQL - ExecuteReader[66316286] - END - 8 ms
info: Serenity.Pro.EmailQueue.EmailQueueJob[0]
      Done executing periodic job: EmailQueueJob
info: Serenity.Pro.EmailQueue.EmailQueueJob[0]
      Executing periodic job: EmailQueueJob.
dbug: Serenity.Data.ISqlConnections[0]
      SQL - ExecuteReader[66723293] - START
DECLARE @p1 Int32 = 0;
      DECLARE @p2 Int32 = 5;
      DECLARE @p3 DateTime2 = '2026-09-07T21:21:39.192';
      
      SELECT TOP 10 
T0.[MailId] AS [MailId],
T0.[LockExpiration] AS [LockExpiration] 
FROM [Mail] T0 
WHERE (((T0.[Status] = @p1) AND (T0.[RetryCount] < @p2)) AND (T0.[LockExpiration] < @p3)) 
ORDER BY T0.[Priority], T0.[RetryCount], T0.[MailId]
      
dbug: Serenity.Data.ISqlConnections[0]
      SQL - ExecuteReader[66723293] - END - 8 ms
info: Serenity.Pro.EmailQueue.EmailQueueJob[0]
      Done executing periodic job: EmailQueueJob
info: Serenity.Pro.EmailQueue.EmailQueueJob[0]
      Executing periodic job: EmailQueueJob.
dbug: Serenity.Data.ISqlConnections[0]
      SQL - ExecuteReader[14285681] - START
DECLARE @p1 Int32 = 0;
      DECLARE @p2 Int32 = 5;
      DECLARE @p3 DateTime2 = '2026-09-07T21:22:09.193';
      
      SELECT TOP 10 
T0.[MailId] AS [MailId],
T0.[LockExpiration] AS [LockExpiration] 
FROM [Mail] T0 
WHERE (((T0.[Status] = @p1) AND (T0.[RetryCount] < @p2)) AND (T0.[LockExpiration] < @p3)) 
ORDER BY T0.[Priority], T0.[RetryCount], T0.[MailId]
      
dbug: Serenity.Data.ISqlConnections[0]
      SQL - ExecuteReader[14285681] - END - 7 ms
info: Serenity.Pro.EmailQueue.EmailQueueJob[0]
      Done executing periodic job: EmailQueueJob
info: Serenity.Pro.EmailQueue.EmailQueueJob[0]
      Executing periodic job: EmailQueueJob.
dbug: Serenity.Data.ISqlConnections[0]
      SQL - ExecuteReader[45724662] - START
DECLARE @p1 Int32 = 0;
      DECLARE @p2 Int32 = 5;
      DECLARE @p3 DateTime2 = '2026-09-07T21:22:49.186';
      
      SELECT TOP 10 
T0.[MailId] AS [MailId],
T0.[LockExpiration] AS [LockExpiration] 
FROM [Mail] T0 
WHERE (((T0.[Status] = @p1) AND (T0.[RetryCount] < @p2)) AND (T0.[LockExpiration] < @p3)) 
ORDER BY T0.[Priority], T0.[RetryCount], T0.[MailId]
      
dbug: Serenity.Data.ISqlConnections[0]
      SQL - ExecuteReader[45724662] - END - 9 ms
info: Serenity.Pro.EmailQueue.EmailQueueJob[0]
      Done executing periodic job: EmailQueueJob
info: Serenity.Pro.EmailQueue.EmailQueueJob[0]
      Executing periodic job: EmailQueueJob.
dbug: Serenity.Data.ISqlConnections[0]
      SQL - ExecuteReader[10519300] - START
DECLARE @p1 Int32 = 0;
      DECLARE @p2 Int32 = 5;
      DECLARE @p3 DateTime2 = '2026-09-07T21:23:19.188';
      
      SELECT TOP 10 
T0.[MailId] AS [MailId],
T0.[LockExpiration] AS [LockExpiration] 
FROM [Mail] T0 
WHERE (((T0.[Status] = @p1) AND (T0.[RetryCount] < @p2)) AND (T0.[LockExpiration] < @p3)) 
ORDER BY T0.[Priority], T0.[RetryCount], T0.[MailId]
      
dbug: Serenity.Data.ISqlConnections[0]
      SQL - ExecuteReader[10519300] - END - 8 ms
info: Serenity.Pro.EmailQueue.EmailQueueJob[0]
      Done executing periodic job: EmailQueueJob
info: Serenity.Pro.EmailQueue.EmailQueueJob[0]
      Executing periodic job: EmailQueueJob.
dbug: Serenity.Data.ISqlConnections[0]
      SQL - ExecuteReader[15141978] - START
DECLARE @p1 Int32 = 0;
      DECLARE @p2 Int32 = 5;
      DECLARE @p3 DateTime2 = '2026-09-07T21:23:59.181';
      
      SELECT TOP 10 
T0.[MailId] AS [MailId],
T0.[LockExpiration] AS [LockExpiration] 
FROM [Mail] T0 
WHERE (((T0.[Status] = @p1) AND (T0.[RetryCount] < @p2)) AND (T0.[LockExpiration] < @p3)) 
ORDER BY T0.[Priority], T0.[RetryCount], T0.[MailId]
      
dbug: Serenity.Data.ISqlConnections[0]
      SQL - ExecuteReader[15141978] - END - 7 ms
info: Serenity.Pro.EmailQueue.EmailQueueJob[0]
      Done executing periodic job: EmailQueueJob
info: Serenity.Pro.EmailQueue.EmailQueueJob[0]
      Executing periodic job: EmailQueueJob.
dbug: Serenity.Data.ISqlConnections[0]
      SQL - ExecuteReader[25055153] - START
DECLARE @p1 Int32 = 0;
      DECLARE @p2 Int32 = 5;
      DECLARE @p3 DateTime2 = '2026-09-07T21:24:29.186';
      
      SELECT TOP 10 
T0.[MailId] AS [MailId],
T0.[LockExpiration] AS [LockExpiration] 
FROM [Mail] T0 
WHERE (((T0.[Status] = @p1) AND (T0.[RetryCount] < @p2)) AND (T0.[LockExpiration] < @p3)) 
ORDER BY T0.[Priority], T0.[RetryCount], T0.[MailId]
      
dbug: Serenity.Data.ISqlConnections[0]
      SQL - ExecuteReader[25055153] - END - 8 ms
info: Serenity.Pro.EmailQueue.EmailQueueJob[0]
      Done executing periodic job: EmailQueueJob
info: Serenity.Pro.EmailQueue.EmailQueueJob[0]
      Executing periodic job: EmailQueueJob.
dbug: Serenity.Data.ISqlConnections[0]
      SQL - ExecuteReader[28153468] - START
DECLARE @p1 Int32 = 0;
      DECLARE @p2 Int32 = 5;
      DECLARE @p3 DateTime2 = '2026-09-07T21:24:59.191';
      
      SELECT TOP 10 
T0.[MailId] AS [MailId],
T0.[LockExpiration] AS [LockExpiration] 
FROM [Mail] T0 
WHERE (((T0.[Status] = @p1) AND (T0.[RetryCount] < @p2)) AND (T0.[LockExpiration] < @p3)) 
ORDER BY T0.[Priority], T0.[RetryCount], T0.[MailId]
      
dbug: Serenity.Data.ISqlConnections[0]
      SQL - ExecuteReader[28153468] - END - 9 ms
info: Serenity.Pro.EmailQueue.EmailQueueJob[0]
      Done executing periodic job: EmailQueueJob
info: Serenity.Pro.EmailQueue.EmailQueueJob[0]
      Executing periodic job: EmailQueueJob.
dbug: Serenity.Data.ISqlConnections[0]
      SQL - ExecuteReader[31480828] - START
DECLARE @p1 Int32 = 0;
      DECLARE @p2 Int32 = 5;
      DECLARE @p3 DateTime2 = '2026-09-07T21:25:39.181';
      
      SELECT TOP 10 
T0.[MailId] AS [MailId],
T0.[LockExpiration] AS [LockExpiration] 
FROM [Mail] T0 
WHERE (((T0.[Status] = @p1) AND (T0.[RetryCount] < @p2)) AND (T0.[LockExpiration] < @p3)) 
ORDER BY T0.[Priority], T0.[RetryCount], T0.[MailId]
      
dbug: Serenity.Data.ISqlConnections[0]
      SQL - ExecuteReader[31480828] - END - 11 ms
info: Serenity.Pro.EmailQueue.EmailQueueJob[0]
      Done executing periodic job: EmailQueueJob
info: Serenity.Pro.EmailQueue.EmailQueueJob[0]
      Executing periodic job: EmailQueueJob.
dbug: Serenity.Data.ISqlConnections[0]
      SQL - ExecuteReader[9024287] - START
DECLARE @p1 Int32 = 0;
      DECLARE @p2 Int32 = 5;
      DECLARE @p3 DateTime2 = '2026-09-07T21:26:09.187';
      
      SELECT TOP 10 
T0.[MailId] AS [MailId],
T0.[LockExpiration] AS [LockExpiration] 
FROM [Mail] T0 
WHERE (((T0.[Status] = @p1) AND (T0.[RetryCount] < @p2)) AND (T0.[LockExpiration] < @p3)) 
ORDER BY T0.[Priority], T0.[RetryCount], T0.[MailId]
      
dbug: Serenity.Data.ISqlConnections[0]
      SQL - ExecuteReader[9024287] - END - 10 ms
info: Serenity.Pro.EmailQueue.EmailQueueJob[0]
      Done executing periodic job: EmailQueueJob
info: Serenity.Pro.EmailQueue.EmailQueueJob[0]
      Executing periodic job: EmailQueueJob.
dbug: Serenity.Data.ISqlConnections[0]
      SQL - ExecuteReader[55220762] - START
DECLARE @p1 Int32 = 0;
      DECLARE @p2 Int32 = 5;
      DECLARE @p3 DateTime2 = '2026-09-07T21:26:49.186';
      
      SELECT TOP 10 
T0.[MailId] AS [MailId],
T0.[LockExpiration] AS [LockExpiration] 
FROM [Mail] T0 
WHERE (((T0.[Status] = @p1) AND (T0.[RetryCount] < @p2)) AND (T0.[LockExpiration] < @p3)) 
ORDER BY T0.[Priority], T0.[RetryCount], T0.[MailId]
      
dbug: Serenity.Data.ISqlConnections[0]
      SQL - ExecuteReader[55220762] - END - 9 ms
info: Serenity.Pro.EmailQueue.EmailQueueJob[0]
      Done executing periodic job: EmailQueueJob
info: Serenity.Pro.EmailQueue.EmailQueueJob[0]
      Executing periodic job: EmailQueueJob.
dbug: Serenity.Data.ISqlConnections[0]
      SQL - ExecuteReader[217089] - START
DECLARE @p1 Int32 = 0;
      DECLARE @p2 Int32 = 5;
      DECLARE @p3 DateTime2 = '2026-09-07T21:27:29.194';
      
      SELECT TOP 10 
T0.[MailId] AS [MailId],
T0.[LockExpiration] AS [LockExpiration] 
FROM [Mail] T0 
WHERE (((T0.[Status] = @p1) AND (T0.[RetryCount] < @p2)) AND (T0.[LockExpiration] < @p3)) 
ORDER BY T0.[Priority], T0.[RetryCount], T0.[MailId]
      
dbug: Serenity.Data.ISqlConnections[0]
      SQL - ExecuteReader[217089] - END - 12 ms
info: Serenity.Pro.EmailQueue.EmailQueueJob[0]
      Done executing periodic job: EmailQueueJob
info: Serenity.Pro.EmailQueue.EmailQueueJob[0]
      Executing periodic job: EmailQueueJob.
dbug: Serenity.Data.ISqlConnections[0]
      SQL - ExecuteReader[13910689] - START
DECLARE @p1 Int32 = 0;
      DECLARE @p2 Int32 = 5;
      DECLARE @p3 DateTime2 = '2026-09-07T21:28:09.178';
      
      SELECT TOP 10 
T0.[MailId] AS [MailId],
T0.[LockExpiration] AS [LockExpiration] 
FROM [Mail] T0 
WHERE (((T0.[Status] = @p1) AND (T0.[RetryCount] < @p2)) AND (T0.[LockExpiration] < @p3)) 
ORDER BY T0.[Priority], T0.[RetryCount], T0.[MailId]
      
dbug: Serenity.Data.ISqlConnections[0]
      SQL - ExecuteReader[13910689] - END - 8 ms
info: Serenity.Pro.EmailQueue.EmailQueueJob[0]
      Done executing periodic job: EmailQueueJob
info: Serenity.Pro.EmailQueue.EmailQueueJob[0]
      Executing periodic job: EmailQueueJob.
dbug: Serenity.Data.ISqlConnections[0]
      SQL - ExecuteReader[46942031] - START
DECLARE @p1 Int32 = 0;
      DECLARE @p2 Int32 = 5;
      DECLARE @p3 DateTime2 = '2026-09-07T21:28:39.188';
      
      SELECT TOP 10 
T0.[MailId] AS [MailId],
T0.[LockExpiration] AS [LockExpiration] 
FROM [Mail] T0 
WHERE (((T0.[Status] = @p1) AND (T0.[RetryCount] < @p2)) AND (T0.[LockExpiration] < @p3)) 
ORDER BY T0.[Priority], T0.[RetryCount], T0.[MailId]
      
dbug: Serenity.Data.ISqlConnections[0]
      SQL - ExecuteReader[46942031] - END - 6 ms
info: Serenity.Pro.EmailQueue.EmailQueueJob[0]
      Done executing periodic job: EmailQueueJob
info: Serenity.Pro.EmailQueue.EmailQueueJob[0]
      Executing periodic job: EmailQueueJob.
dbug: Serenity.Data.ISqlConnections[0]
      SQL - ExecuteReader[26267835] - START
DECLARE @p1 Int32 = 0;
      DECLARE @p2 Int32 = 5;
      DECLARE @p3 DateTime2 = '2026-09-07T21:29:09.189';
      
      SELECT TOP 10 
T0.[MailId] AS [MailId],
T0.[LockExpiration] AS [LockExpiration] 
FROM [Mail] T0 
WHERE (((T0.[Status] = @p1) AND (T0.[RetryCount] < @p2)) AND (T0.[LockExpiration] < @p3)) 
ORDER BY T0.[Priority], T0.[RetryCount], T0.[MailId]
      
dbug: Serenity.Data.ISqlConnections[0]
      SQL - ExecuteReader[26267835] - END - 8 ms
info: Serenity.Pro.EmailQueue.EmailQueueJob[0]
      Done executing periodic job: EmailQueueJob
info: Serenity.Pro.EmailQueue.EmailQueueJob[0]
      Executing periodic job: EmailQueueJob.
dbug: Serenity.Data.ISqlConnections[0]
      SQL - ExecuteReader[17861307] - START
DECLARE @p1 Int32 = 0;
      DECLARE @p2 Int32 = 5;
      DECLARE @p3 DateTime2 = '2026-09-07T21:29:39.190';
      
      SELECT TOP 10 
T0.[MailId] AS [MailId],
T0.[LockExpiration] AS [LockExpiration] 
FROM [Mail] T0 
WHERE (((T0.[Status] = @p1) AND (T0.[RetryCount] < @p2)) AND (T0.[LockExpiration] < @p3)) 
ORDER BY T0.[Priority], T0.[RetryCount], T0.[MailId]
      
dbug: Serenity.Data.ISqlConnections[0]
      SQL - ExecuteReader[17861307] - END - 7 ms
info: Serenity.Pro.EmailQueue.EmailQueueJob[0]
      Done executing periodic job: EmailQueueJob
dbug: Serenity.Data.ISqlConnections[0]
      SQL - ExecuteReader[5056768] - START
DECLARE @p1 Int32 = 0;
      
      SELECT TOP 100 
T0.[ID] AS [Id],
T0.[PartNumber] AS [PartNumber],
T0.[Revision] AS [Revision],
T0.[Description] AS [Description],
T0.[Length] AS [Length],
T0.[Width] AS [Width],
T0.[Height] AS [Height],
T0.[DimensionUnitID] AS [DimensionUnitId],
T0.[PartPicture] AS [PartPicture],
T0.[CostingMachineName] AS [CostingMachineName],
T0.[CostingMachineID] AS [CostingMachineId],
T0.[CostingMachineID2] AS [CostingMachineId2],
T0.[CostingMachineSupplierID] AS [CostingMachineSupplierId],
T0.[ProcessingMode] AS [ProcessingMode],
T0.[MaterialID] AS [MaterialId],
T0.[MaterialTemperID] AS [MaterialTemperId],
T0.[GrossVolume] AS [GrossVolume],
T0.[NetVolume] AS [NetVolume],
T0.[VolumeUnitID] AS [VolumeUnitId],
T0.[VolumeUnit] AS [VolumeUnit],
jVolume.[Code] AS [VolumeUnitCode],
T0.[GrossWeight] AS [GrossWeight],
T0.[NetWeight] AS [NetWeight],
T0.[WeightUnitID] AS [WeightUnitId],
T0.[WeightUnit] AS [WeightUnit],
jWeight.[Code] AS [WeightUnitCode],
T0.[NumberOfFace] AS [NumberOfFace],
T0.[NumberOfHole] AS [NumberOfHole],
T0.[ProcessRecommendations] AS [ProcessRecommendations],
T0.[QualityControlNotes] AS [QualityControlNotes],
T0.ID AS [CostingPartDocumentView],
jCostingPartDocumentView.[DocumentList] AS [DocumentList],
T0.[CompanyID] AS [CompanyId],
jCompany.[Name] AS [CompanyName],
T0.[GroupID] AS [GroupId],
jGroup.[Name] AS [GroupName],
T0.[DrawingConversionStatusID] AS [DrawingConversionStatusId],
jDrawingConversionStatus.[Name] AS [DrawingConversionStatusName],
jDrawingConversionStatus.[Color] AS [DrawingConversionStatusColor],
T0.[OcrStatusID] AS [OcrStatusId],
jOcrStatus.[Name] AS [OcrStatusName],
jOcrStatus.[Color] AS [OcrStatusColor],
T0.[CostingStatusID] AS [CostingStatusId],
jCostingStatus.[Name] AS [CostingStatusName],
jCostingStatus.[Color] AS [CostingStatusColor],
T0.[BalloonStatusID] AS [BalloonStatusId],
jBalloonStatus.[Name] AS [BalloonStatusName],
jBalloonStatus.[Color] AS [BalloonStatusColor],
T0.[CustomerName] AS [CustomerName],
T0.[Uom] AS [Uom],
T0.[Material] AS [Material],
T0.[InsertUserId] AS [InsertUserId],
T0.[InsertDate] AS [InsertDate],
jIUId.DisplayName AS [InsertBy],
T0.[UpdateUserId] AS [UpdateUserId],
T0.[UpdateDate] AS [UpdateDate],
jUUId.DisplayName AS [UpdateBy],
T0.[DeleteUserId] AS [DeleteUserId],
T0.[DeleteDate] AS [DeleteDate],
jDUId.DisplayName AS [DeleteBy],
T0.[IsActive] AS [IsActive] 
FROM [CostingParts] T0 
LEFT JOIN [MasterVolumeUnits] jVolume ON (jVolume.[ID] = T0.[VolumeUnitID]) 
LEFT JOIN [MasterWeightUnits] jWeight ON (jWeight.[ID] = T0.[WeightUnitID]) 
LEFT JOIN [CostingPartDocumentView] jCostingPartDocumentView ON (jCostingPartDocumentView.[CostingPartID] = T0.ID) 
LEFT JOIN [Companies] jCompany ON (jCompany.[ID] = T0.[CompanyID]) 
LEFT JOIN [Groups] jGroup ON (jGroup.[ID] = T0.[GroupID]) 
LEFT JOIN [MasterCostingStatus] jDrawingConversionStatus ON (jDrawingConversionStatus.[ID] = T0.[DrawingConversionStatusID]) 
LEFT JOIN [MasterCostingStatus] jOcrStatus ON (jOcrStatus.[ID] = T0.[OcrStatusID]) 
LEFT JOIN [MasterCostingStatus] jCostingStatus ON (jCostingStatus.[ID] = T0.[CostingStatusID]) 
LEFT JOIN [MasterCostingStatus] jBalloonStatus ON (jBalloonStatus.[ID] = T0.[BalloonStatusID]) 
LEFT JOIN [Users] jIUId ON (jIUId.[UserId] = T0.[InsertUserId]) 
LEFT JOIN [Users] jUUId ON (jUUId.[UserId] = T0.[UpdateUserId]) 
LEFT JOIN [Users] jDUId ON (jDUId.[UserId] = T0.[DeleteUserId]) 
WHERE (T0.[IsActive] >= @p1) 
ORDER BY T0.[ID] DESC;
SELECT count(*)  
FROM [CostingParts] T0 
LEFT JOIN [MasterVolumeUnits] jVolume ON (jVolume.[ID] = T0.[VolumeUnitID]) 
LEFT JOIN [MasterWeightUnits] jWeight ON (jWeight.[ID] = T0.[WeightUnitID]) 
LEFT JOIN [CostingPartDocumentView] jCostingPartDocumentView ON (jCostingPartDocumentView.[CostingPartID] = T0.ID) 
LEFT JOIN [Companies] jCompany ON (jCompany.[ID] = T0.[CompanyID]) 
LEFT JOIN [Groups] jGroup ON (jGroup.[ID] = T0.[GroupID]) 
LEFT JOIN [MasterCostingStatus] jDrawingConversionStatus ON (jDrawingConversionStatus.[ID] = T0.[DrawingConversionStatusID]) 
LEFT JOIN [MasterCostingStatus] jOcrStatus ON (jOcrStatus.[ID] = T0.[OcrStatusID]) 
LEFT JOIN [MasterCostingStatus] jCostingStatus ON (jCostingStatus.[ID] = T0.[CostingStatusID]) 
LEFT JOIN [MasterCostingStatus] jBalloonStatus ON (jBalloonStatus.[ID] = T0.[BalloonStatusID]) 
LEFT JOIN [Users] jIUId ON (jIUId.[UserId] = T0.[InsertUserId]) 
LEFT JOIN [Users] jUUId ON (jUUId.[UserId] = T0.[UpdateUserId]) 
LEFT JOIN [Users] jDUId ON (jDUId.[UserId] = T0.[DeleteUserId]) 
WHERE (T0.[IsActive] >= @p1)
      
dbug: Serenity.Data.ISqlConnections[0]
      SQL - ExecuteReader[5056768] - END - 15 ms
info: Serenity.Pro.EmailQueue.EmailQueueJob[0]
      Executing periodic job: EmailQueueJob.
dbug: Serenity.Data.ISqlConnections[0]
      SQL - ExecuteReader[1414705] - START
DECLARE @p1 Int32 = 0;
      DECLARE @p2 Int32 = 5;
      DECLARE @p3 DateTime2 = '2026-09-07T21:30:09.193';
      
      SELECT TOP 10 
T0.[MailId] AS [MailId],
T0.[LockExpiration] AS [LockExpiration] 
FROM [Mail] T0 
WHERE (((T0.[Status] = @p1) AND (T0.[RetryCount] < @p2)) AND (T0.[LockExpiration] < @p3)) 
ORDER BY T0.[Priority], T0.[RetryCount], T0.[MailId]
      
dbug: Serenity.Data.ISqlConnections[0]
      SQL - ExecuteReader[1414705] - END - 9 ms
info: Serenity.Pro.EmailQueue.EmailQueueJob[0]
      Done executing periodic job: EmailQueueJob
info: Serenity.Pro.EmailQueue.EmailQueueJob[0]
      Executing periodic job: EmailQueueJob.
dbug: Serenity.Data.ISqlConnections[0]
      SQL - ExecuteReader[65270065] - START
DECLARE @p1 Int32 = 0;
      DECLARE @p2 Int32 = 5;
      DECLARE @p3 DateTime2 = '2026-09-07T21:30:49.179';
      
      SELECT TOP 10 
T0.[MailId] AS [MailId],
T0.[LockExpiration] AS [LockExpiration] 
FROM [Mail] T0 
WHERE (((T0.[Status] = @p1) AND (T0.[RetryCount] < @p2)) AND (T0.[LockExpiration] < @p3)) 
ORDER BY T0.[Priority], T0.[RetryCount], T0.[MailId]
      
dbug: Serenity.Data.ISqlConnections[0]
      SQL - ExecuteReader[65270065] - END - 8 ms
info: Serenity.Pro.EmailQueue.EmailQueueJob[0]
      Done executing periodic job: EmailQueueJob
info: Serenity.Pro.EmailQueue.EmailQueueJob[0]
      Executing periodic job: EmailQueueJob.
dbug: Serenity.Data.ISqlConnections[0]
      SQL - ExecuteReader[5289313] - START
DECLARE @p1 Int32 = 0;
      DECLARE @p2 Int32 = 5;
      DECLARE @p3 DateTime2 = '2026-09-07T21:31:19.183';
      
      SELECT TOP 10 
T0.[MailId] AS [MailId],
T0.[LockExpiration] AS [LockExpiration] 
FROM [Mail] T0 
WHERE (((T0.[Status] = @p1) AND (T0.[RetryCount] < @p2)) AND (T0.[LockExpiration] < @p3)) 
ORDER BY T0.[Priority], T0.[RetryCount], T0.[MailId]
      
dbug: Serenity.Data.ISqlConnections[0]
      SQL - ExecuteReader[5289313] - END - 73 ms
info: Serenity.Pro.EmailQueue.EmailQueueJob[0]
      Done executing periodic job: EmailQueueJob
dbug: Serenity.Data.ISqlConnections[0]
      SQL - ExecuteReader[53803915] - START
DECLARE @p1 Int32 = 20;
      
      SELECT 
T0.[ID] AS [Id],
T0.[PartNumber] AS [PartNumber],
T0.[Revision] AS [Revision],
T0.[Description] AS [Description],
T0.[Length] AS [Length],
T0.[Width] AS [Width],
T0.[Height] AS [Height],
T0.[DimensionUnitID] AS [DimensionUnitId],
T0.[PartPicture] AS [PartPicture],
T0.[CostingMachineName] AS [CostingMachineName],
T0.[CostingMachineID] AS [CostingMachineId],
T0.[CostingMachineID2] AS [CostingMachineId2],
T0.[CostingMachineSupplierID] AS [CostingMachineSupplierId],
T0.[ProcessingMode] AS [ProcessingMode],
T0.[MaterialID] AS [MaterialId],
T0.[MaterialTemperID] AS [MaterialTemperId],
T0.[GrossVolume] AS [GrossVolume],
T0.[NetVolume] AS [NetVolume],
T0.[VolumeUnitID] AS [VolumeUnitId],
T0.[VolumeUnit] AS [VolumeUnit],
jVolume.[Code] AS [VolumeUnitCode],
T0.[GrossWeight] AS [GrossWeight],
T0.[NetWeight] AS [NetWeight],
T0.[WeightUnitID] AS [WeightUnitId],
T0.[WeightUnit] AS [WeightUnit],
jWeight.[Code] AS [WeightUnitCode],
T0.[NumberOfFace] AS [NumberOfFace],
T0.[NumberOfHole] AS [NumberOfHole],
T0.[ProcessRecommendations] AS [ProcessRecommendations],
T0.[QualityControlNotes] AS [QualityControlNotes],
T0.ID AS [CostingPartDocumentView],
jCostingPartDocumentView.[DocumentList] AS [DocumentList],
T0.[CompanyID] AS [CompanyId],
jCompany.[Name] AS [CompanyName],
T0.[GroupID] AS [GroupId],
jGroup.[Name] AS [GroupName],
T0.[DrawingConversionStatusID] AS [DrawingConversionStatusId],
jDrawingConversionStatus.[Name] AS [DrawingConversionStatusName],
jDrawingConversionStatus.[Color] AS [DrawingConversionStatusColor],
T0.[OcrStatusID] AS [OcrStatusId],
jOcrStatus.[Name] AS [OcrStatusName],
jOcrStatus.[Color] AS [OcrStatusColor],
T0.[CostingStatusID] AS [CostingStatusId],
jCostingStatus.[Name] AS [CostingStatusName],
jCostingStatus.[Color] AS [CostingStatusColor],
T0.[BalloonStatusID] AS [BalloonStatusId],
jBalloonStatus.[Name] AS [BalloonStatusName],
jBalloonStatus.[Color] AS [BalloonStatusColor],
T0.[CustomerName] AS [CustomerName],
T0.[Uom] AS [Uom],
T0.[Material] AS [Material],
T0.[InsertUserId] AS [InsertUserId],
T0.[InsertDate] AS [InsertDate],
jIUId.DisplayName AS [InsertBy],
T0.[UpdateUserId] AS [UpdateUserId],
T0.[UpdateDate] AS [UpdateDate],
jUUId.DisplayName AS [UpdateBy],
T0.[DeleteUserId] AS [DeleteUserId],
T0.[DeleteDate] AS [DeleteDate],
jDUId.DisplayName AS [DeleteBy],
T0.[IsActive] AS [IsActive] 
FROM [CostingParts] T0 
LEFT JOIN [MasterVolumeUnits] jVolume ON (jVolume.[ID] = T0.[VolumeUnitID]) 
LEFT JOIN [MasterWeightUnits] jWeight ON (jWeight.[ID] = T0.[WeightUnitID]) 
LEFT JOIN [CostingPartDocumentView] jCostingPartDocumentView ON (jCostingPartDocumentView.[CostingPartID] = T0.ID) 
LEFT JOIN [Companies] jCompany ON (jCompany.[ID] = T0.[CompanyID]) 
LEFT JOIN [Groups] jGroup ON (jGroup.[ID] = T0.[GroupID]) 
LEFT JOIN [MasterCostingStatus] jDrawingConversionStatus ON (jDrawingConversionStatus.[ID] = T0.[DrawingConversionStatusID]) 
LEFT JOIN [MasterCostingStatus] jOcrStatus ON (jOcrStatus.[ID] = T0.[OcrStatusID]) 
LEFT JOIN [MasterCostingStatus] jCostingStatus ON (jCostingStatus.[ID] = T0.[CostingStatusID]) 
LEFT JOIN [MasterCostingStatus] jBalloonStatus ON (jBalloonStatus.[ID] = T0.[BalloonStatusID]) 
LEFT JOIN [Users] jIUId ON (jIUId.[UserId] = T0.[InsertUserId]) 
LEFT JOIN [Users] jUUId ON (jUUId.[UserId] = T0.[UpdateUserId]) 
LEFT JOIN [Users] jDUId ON (jDUId.[UserId] = T0.[DeleteUserId]) 
WHERE (T0.[ID] = @p1)
      
dbug: Serenity.Data.ISqlConnections[0]
      SQL - ExecuteReader[53803915] - END - 10 ms
dbug: Serenity.Data.ISqlConnections[0]
      SQL - ExecuteReader[5645202] - START

      SELECT 
T0.[ID] AS [Id],
T0.[Code] AS [Code],
T0.[CompanyID] AS [CompanyId],
jCompany.[Name] AS [CompanyName],
T0.[GroupID] AS [GroupId],
jGroup.[Name] AS [GroupName],
T0.[IsActive] AS [IsActive] 
FROM [Materials] T0 
LEFT JOIN [Companies] jCompany ON (jCompany.[ID] = T0.[CompanyID]) 
LEFT JOIN [Groups] jGroup ON (jGroup.[ID] = T0.[GroupID]) 
ORDER BY T0.[Code]
      
dbug: Serenity.Data.ISqlConnections[0]
      SQL - ExecuteReader[5645202] - END - 8 ms
dbug: Serenity.Data.ISqlConnections[0]
      SQL - ExecuteReader[16090378] - START
DECLARE @p1 Int16 = 1;
      DECLARE @p2 Int32 = 20;
      DECLARE @p3 Int32 = 0;
      
      SELECT 
T0.[ID] AS [Id],
T0.[CostingPartID] AS [CostingPartId],
T0.[PartNumber] AS [PartNumber],
T0.[Description] AS [Description],
T0.[Quantity] AS [Quantity],
T0.[InternalEngineeringNumber] AS [InternalEngineeringNumber],
T0.[IsManual] AS [IsManual],
T0.[InsertUserId] AS [InsertUserId],
T0.[InsertDate] AS [InsertDate],
T0.[UpdateUserId] AS [UpdateUserId],
T0.[UpdateDate] AS [UpdateDate],
T0.[DeleteUserId] AS [DeleteUserId],
T0.[DeleteDate] AS [DeleteDate],
T0.[IsActive] AS [IsActive] 
FROM [CostingPartBomResults] T0 
WHERE (((T0.[IsActive] = @p1) AND (T0.[CostingPartID] = @p2))) AND (T0.[IsActive] >= @p3) 
ORDER BY T0.[PartNumber], T0.[ID]
      
dbug: Serenity.Data.ISqlConnections[0]
      SQL - ExecuteReader[16090378] - END - 7 ms
dbug: Serenity.Data.ISqlConnections[0]
      SQL - ExecuteReader[54724455] - START
DECLARE @p1 Int16 = 1;
      DECLARE @p2 Int32 = 20;
      DECLARE @p3 Int32 = 0;
      
      SELECT 
T0.[ID] AS [Id],
T0.[CostingPartID] AS [CostingPartId],
T0.[SpecialProcessName] AS [SpecialProcessName],
T0.[SpecialProcessID] AS [SpecialProcessId],
T0.[IsManual] AS [IsManual],
T0.[InsertUserId] AS [InsertUserId],
T0.[InsertDate] AS [InsertDate],
T0.[UpdateUserId] AS [UpdateUserId],
T0.[UpdateDate] AS [UpdateDate],
T0.[DeleteUserId] AS [DeleteUserId],
T0.[DeleteDate] AS [DeleteDate],
T0.[IsActive] AS [IsActive] 
FROM [CostingPartSpecialProcessResults] T0 
WHERE (((T0.[IsActive] = @p1) AND (T0.[CostingPartID] = @p2))) AND (T0.[IsActive] >= @p3) 
ORDER BY T0.[SpecialProcessName], T0.[ID]
      
dbug: Serenity.Data.ISqlConnections[0]
      SQL - ExecuteReader[54724455] - END - 6 ms
dbug: Serenity.Data.ISqlConnections[0]
      SQL - ExecuteReader[43379745] - START
DECLARE @p1 Int16 = 1;
      DECLARE @p2 Int32 = 20;
      DECLARE @p3 Int32 = 0;
      
      SELECT 
T0.[MachineName] AS [MachineName],
T0.[MachineID] AS [MachineId],
jMachine.[Name] AS [MachineRealName],
jMachine.[Picture] AS [MachinePicture],
jMachine.[AxisNumber] AS [MachineAxisNumber],
jMachine.[Precision] AS [MachinePrecision],
jMachine.[Cost] AS [MachineCost],
jMachine.[WorkEnvelopeX] AS [MachineWorkEnvelopeX],
jMachine.[WorkEnvelopeY] AS [MachineWorkEnvelopeY],
jMachine.[WorkEnvelopeZ] AS [MachineWorkEnvelopeZ],
jMachine.[WeightLimit] AS [MachineWeightLimit],
jMachine.[Description] AS [MachineDescription],
T0.[ID] AS [Id],
T0.[CostingPartID] AS [CostingPartId],
T0.[CostingCategoryID] AS [CostingCategoryId],
T0.[Name] AS [Name],
T0.[Description] AS [Description],
T0.[Quantity] AS [Quantity],
T0.[DimensionUnitID] AS [DimensionUnitId],
T0.[DimensionUnit] AS [DimensionUnit],
T0.[UnitPrice] AS [UnitPrice],
T0.[CurrencyID] AS [CurrencyId],
T0.[Total] AS [Total],
T0.[IsTimeUnit] AS [IsTimeUnit],
T0.[IsManual] AS [IsManual],
jCurrency.[Code] AS [CurrencyCode],
T0.[InsertUserId] AS [InsertUserId],
T0.[InsertDate] AS [InsertDate],
T0.[UpdateUserId] AS [UpdateUserId],
T0.[UpdateDate] AS [UpdateDate],
T0.[DeleteUserId] AS [DeleteUserId],
T0.[DeleteDate] AS [DeleteDate],
T0.[IsActive] AS [IsActive] 
FROM [CostingPartCostingResults] T0 
LEFT JOIN [Machines] jMachine ON (jMachine.[Id] = T0.[MachineID]) 
LEFT JOIN [MasterCurrencies] jCurrency ON (jCurrency.[ID] = T0.[CurrencyID]) 
WHERE (((T0.[IsActive] = @p1) AND (T0.[CostingPartID] = @p2))) AND (T0.[IsActive] >= @p3) 
ORDER BY T0.[Name], T0.[ID]
      
dbug: Serenity.Data.ISqlConnections[0]
      SQL - ExecuteReader[43379745] - END - 10 ms
dbug: Serenity.Data.ISqlConnections[0]
      SQL - ExecuteReader[41577993] - START
DECLARE @p1 Int16 = 1;
      DECLARE @p2 Int32 = 20;
      DECLARE @p3 Int32 = 0;
      
      SELECT TOP 200 
T0.[ID] AS [Id],
T0.[CostingPartID] AS [CostingPartID],
T0.[RunId] AS [RunId],
T0.[Sequence] AS [Sequence],
T0.[Stage] AS [Stage],
T0.[Label] AS [Label],
T0.[StartTime] AS [StartTime],
T0.[EndTime] AS [EndTime],
T0.[DurationMs] AS [DurationMs],
T0.[Status] AS [Status],
T0.[Detail] AS [Detail],
T0.[InsertUserId] AS [InsertUserId],
T0.[InsertDate] AS [InsertDate],
T0.[UpdateUserId] AS [UpdateUserId],
T0.[UpdateDate] AS [UpdateDate],
T0.[DeleteUserId] AS [DeleteUserId],
T0.[DeleteDate] AS [DeleteDate],
T0.[IsActive] AS [IsActive] 
FROM [CostingPartStageTimings] T0 
WHERE (((T0.[IsActive] = @p1) AND (T0.[CostingPartID] = @p2))) AND (T0.[IsActive] >= @p3) 
ORDER BY T0.[StartTime] DESC, T0.[ID];
SELECT count(*)  
FROM [CostingPartStageTimings] T0 
WHERE (((T0.[IsActive] = @p1) AND (T0.[CostingPartID] = @p2))) AND (T0.[IsActive] >= @p3)
      
dbug: Serenity.Data.ISqlConnections[0]
      SQL - ExecuteReader[41577993] - END - 20 ms
dbug: Serenity.Data.ISqlConnections[0]
      SQL - ExecuteReader[14299506] - START
DECLARE @p1 Int16 = 1;
      DECLARE @p2 Int32 = 20;
      DECLARE @p3 Int32 = 0;
      
      SELECT 
T0.[ID] AS [Id],
T0.[CostingPartID] AS [CostingPartId],
T0.[CostingPartCostingResultID] AS [CostingPartCostingResultId],
T0.[MachineID] AS [MachineId],
T0.[HourlyRate] AS [HourlyRate],
T0.[CurrencyID] AS [CurrencyId],
T0.[LineTotal] AS [LineTotal],
T0.[IsSelected] AS [IsSelected],
T0.[IsRecommended] AS [IsRecommended],
T0.[IsUserChoice] AS [IsUserChoice],
T0.[FitsEnvelope] AS [FitsEnvelope],
T0.[FitsWeight] AS [FitsWeight],
T0.[AxisSufficient] AS [AxisSufficient],
jMachine.[Name] AS [MachineName],
jMachine.[Picture] AS [MachinePicture],
jMachine.[AxisNumber] AS [MachineAxisNumber],
jMachine.[Precision] AS [MachinePrecision],
jMachine.[WorkEnvelopeX] AS [MachineWorkEnvelopeX],
jMachine.[WorkEnvelopeY] AS [MachineWorkEnvelopeY],
jMachine.[WorkEnvelopeZ] AS [MachineWorkEnvelopeZ],
jMachine.[WeightLimit] AS [MachineWeightLimit],
jLine.[Name] AS [ProcessName],
jLine.[Quantity] AS [ProcessHours],
T0.[InsertUserId] AS [InsertUserId],
T0.[InsertDate] AS [InsertDate],
T0.[UpdateUserId] AS [UpdateUserId],
T0.[UpdateDate] AS [UpdateDate],
T0.[DeleteUserId] AS [DeleteUserId],
T0.[DeleteDate] AS [DeleteDate],
T0.[IsActive] AS [IsActive] 
FROM [CostingPartMachineOptions] T0 
LEFT JOIN [Machines] jMachine ON (jMachine.[Id] = T0.[MachineID]) 
LEFT JOIN [CostingPartCostingResults] jLine ON (jLine.[ID] = T0.[CostingPartCostingResultID]) 
WHERE (((T0.[IsActive] = @p1) AND (T0.[CostingPartID] = @p2))) AND (T0.[IsActive] >= @p3) 
ORDER BY jMachine.[Name], T0.[ID]
      
dbug: Serenity.Data.ISqlConnections[0]
      SQL - ExecuteReader[14299506] - END - 10 ms
dbug: Serenity.Data.ISqlConnections[0]
      SQL - ExecuteReader[1298504] - START
DECLARE @p1 Int16 = 1;
      DECLARE @p2 Int32 = 20;
      DECLARE @p3 Int32 = 0;
      
      SELECT 
T0.[ID] AS [Id],
T0.[CostingPartID] AS [CostingPartId],
T0.[FileDirectory] AS [FileDirectory],
T0.[ConvertedFileDirectory] AS [ConvertedFileDirectory],
T0.[FileName] AS [FileName],
T0.[Type] AS [Type],
T0.[InsertUserId] AS [InsertUserId],
T0.[InsertDate] AS [InsertDate],
T0.[UpdateUserId] AS [UpdateUserId],
T0.[UpdateDate] AS [UpdateDate],
T0.[DeleteUserId] AS [DeleteUserId],
T0.[DeleteDate] AS [DeleteDate],
T0.[IsActive] AS [IsActive] 
FROM [CostingPartDocuments] T0 
WHERE (((T0.[IsActive] = @p1) AND (T0.[CostingPartID] = @p2))) AND (T0.[IsActive] >= @p3) 
ORDER BY T0.[ID]
      
dbug: Serenity.Data.ISqlConnections[0]
      SQL - ExecuteReader[1298504] - END - 7 ms
dbug: Serenity.Data.ISqlConnections[0]
      SQL - ExecuteReader[58796045] - START
DECLARE @p1 Int16 = 1;
      DECLARE @p2 Int32 = 35;
      DECLARE @p3 Boolean = 1;
      DECLARE @p4 Int32 = 0;
      
      SELECT 
T0.[ID] AS [Id],
T0.[CostingPartDocumentID] AS [CostingPartDocumentId],
T0.[FileDirectory] AS [FileDirectory],
T0.[FileName] AS [FileName],
T0.[Page] AS [Page],
T0.[Original] AS [Original],
T0.[InsertUserId] AS [InsertUserId],
T0.[InsertDate] AS [InsertDate],
T0.[UpdateUserId] AS [UpdateUserId],
T0.[UpdateDate] AS [UpdateDate],
T0.[DeleteUserId] AS [DeleteUserId],
T0.[DeleteDate] AS [DeleteDate],
T0.[IsActive] AS [IsActive] 
FROM [CostingPartDocumentImages] T0 
WHERE ((((T0.[IsActive] = @p1) AND (T0.[CostingPartDocumentID] = @p2)) AND (T0.[Original] = @p3))) AND (T0.[IsActive] >= @p4) 
ORDER BY T0.[ID]
      
dbug: Serenity.Data.ISqlConnections[0]
      SQL - ExecuteReader[58796045] - END - 29 ms
dbug: Serenity.Data.ISqlConnections[0]
      SQL - ExecuteReader[24704311] - START
DECLARE @p1 Int16 = 1;
      DECLARE @p2 Int32 = 35;
      DECLARE @p3 Boolean = 0;
      DECLARE @p4 Int32 = 0;
      
      SELECT 
T0.[ID] AS [Id],
T0.[CostingPartDocumentID] AS [CostingPartDocumentId],
T0.[FileDirectory] AS [FileDirectory],
T0.[FileName] AS [FileName],
T0.[Page] AS [Page],
T0.[Original] AS [Original],
T0.[InsertUserId] AS [InsertUserId],
T0.[InsertDate] AS [InsertDate],
T0.[UpdateUserId] AS [UpdateUserId],
T0.[UpdateDate] AS [UpdateDate],
T0.[DeleteUserId] AS [DeleteUserId],
T0.[DeleteDate] AS [DeleteDate],
T0.[IsActive] AS [IsActive] 
FROM [CostingPartDocumentImages] T0 
WHERE ((((T0.[IsActive] = @p1) AND (T0.[CostingPartDocumentID] = @p2)) AND (T0.[Original] = @p3))) AND (T0.[IsActive] >= @p4) 
ORDER BY T0.[ID]
      
dbug: Serenity.Data.ISqlConnections[0]
      SQL - ExecuteReader[24704311] - END - 16 ms
dbug: Serenity.Data.ISqlConnections[0]
      SQL - ExecuteReader[24946768] - START
DECLARE @p1 Int16 = 1;
      DECLARE @p2 Int32 = 35;
      DECLARE @p3 Boolean = 1;
      DECLARE @p4 Int32 = 0;
      
      SELECT 
T0.[ID] AS [Id],
T0.[CostingPartDocumentID] AS [CostingPartDocumentId],
T0.[FileDirectory] AS [FileDirectory],
T0.[FileName] AS [FileName],
T0.[Page] AS [Page],
T0.[Original] AS [Original],
T0.[InsertUserId] AS [InsertUserId],
T0.[InsertDate] AS [InsertDate],
T0.[UpdateUserId] AS [UpdateUserId],
T0.[UpdateDate] AS [UpdateDate],
T0.[DeleteUserId] AS [DeleteUserId],
T0.[DeleteDate] AS [DeleteDate],
T0.[IsActive] AS [IsActive] 
FROM [CostingPartDocumentImages] T0 
WHERE ((((T0.[IsActive] = @p1) AND (T0.[CostingPartDocumentID] = @p2)) AND (T0.[Original] = @p3))) AND (T0.[IsActive] >= @p4) 
ORDER BY T0.[ID]
      
dbug: Serenity.Data.ISqlConnections[0]
      SQL - ExecuteReader[24946768] - END - 10 ms
dbug: Serenity.Data.ISqlConnections[0]
      SQL - ExecuteReader[17434484] - START
DECLARE @p1 Int16 = 1;
      DECLARE @p2 Int32 = 20;
      DECLARE @p3 Int32 = 0;
      
      SELECT 
T0.[ID] AS [Id],
T0.[CostingPartID] AS [CostingPartId],
T0.[BalloonNo] AS [BalloonNo],
T0.[PageNumber] AS [PageNumber],
T0.[CenterX] AS [CenterX],
T0.[CenterY] AS [CenterY],
T0.[BalloonColor] AS [BalloonColor],
T0.[BalloonSize] AS [BalloonSize],
T0.[BBoxX1] AS [BBoxX1],
T0.[BBoxY1] AS [BBoxY1],
T0.[BBoxX2] AS [BBoxX2],
T0.[BBoxY2] AS [BBoxY2],
T0.[Symbol] AS [Symbol],
T0.[OriginalSymbol] AS [OriginalSymbol],
T0.[FeatureSymbolID] AS [FeatureSymbolId],
T0.[UpperTol] AS [UpperTol],
T0.[LowerTol] AS [LowerTol],
T0.[InspectionToolID] AS [InspectionToolId],
T0.[ToleranceStandard] AS [ToleranceStandard],
T0.[Multiplier] AS [Multiplier],
T0.[Section] AS [Section],
T0.[GridStart] AS [GridStart],
T0.[GridEnd] AS [GridEnd],
T0.[IsNote] AS [IsNote],
T0.[IsDatum] AS [IsDatum],
T0.[Manual] AS [Manual],
T0.[RemovedByUser] AS [RemovedByUser],
T0.[InsertUserId] AS [InsertUserId],
T0.[InsertDate] AS [InsertDate],
T0.[UpdateUserId] AS [UpdateUserId],
T0.[UpdateDate] AS [UpdateDate],
T0.[DeleteUserId] AS [DeleteUserId],
T0.[DeleteDate] AS [DeleteDate],
T0.[IsActive] AS [IsActive] 
FROM [CostingPartBalloons] T0 
WHERE (((T0.[IsActive] = @p1) AND (T0.[CostingPartID] = @p2))) AND (T0.[IsActive] >= @p3) 
ORDER BY T0.[BalloonNo], T0.[ID]
      
dbug: Serenity.Data.ISqlConnections[0]
      SQL - ExecuteReader[17434484] - END - 11 ms
dbug: Serenity.Data.ISqlConnections[0]
      SQL - ExecuteReader[1939549] - START
DECLARE @p1 Int16 = 1;
      DECLARE @p2 Int32 = 20;
      DECLARE @p3 Int32 = 0;
      
      SELECT 
T0.[ID] AS [Id],
T0.[CostingPartID] AS [CostingPartId],
T0.[PageNumber] AS [PageNumber],
T0.[MaskX1] AS [MaskX1],
T0.[MaskY1] AS [MaskY1],
T0.[MaskX2] AS [MaskX2],
T0.[MaskY2] AS [MaskY2],
T0.[InsertUserId] AS [InsertUserId],
T0.[InsertDate] AS [InsertDate],
T0.[UpdateUserId] AS [UpdateUserId],
T0.[UpdateDate] AS [UpdateDate],
T0.[DeleteUserId] AS [DeleteUserId],
T0.[DeleteDate] AS [DeleteDate],
T0.[IsActive] AS [IsActive] 
FROM [CostingPartBalloonMaskZones] T0 
WHERE (((T0.[IsActive] = @p1) AND (T0.[CostingPartID] = @p2))) AND (T0.[IsActive] >= @p3) 
ORDER BY T0.[ID]
      
dbug: Serenity.Data.ISqlConnections[0]
      SQL - ExecuteReader[1939549] - END - 7 ms
dbug: Serenity.Data.ISqlConnections[0]
      SQL - ExecuteReader[10868749] - START
DECLARE @p1 Int16 = 1;
      DECLARE @p2 Int32 = 20;
      DECLARE @p3 Int32 = 0;
      
      SELECT 
T0.[ID] AS [Id],
T0.[CostingPartID] AS [CostingPartId],
T0.[PageNumber] AS [PageNumber],
T0.[OrderIndex] AS [OrderIndex],
T0.[AreaX1] AS [AreaX1],
T0.[AreaY1] AS [AreaY1],
T0.[AreaX2] AS [AreaX2],
T0.[AreaY2] AS [AreaY2],
T0.[SortMode] AS [SortMode],
T0.[StartAngle] AS [StartAngle],
T0.[Label] AS [Label],
T0.[InsertUserId] AS [InsertUserId],
T0.[InsertDate] AS [InsertDate],
T0.[UpdateUserId] AS [UpdateUserId],
T0.[UpdateDate] AS [UpdateDate],
T0.[DeleteUserId] AS [DeleteUserId],
T0.[DeleteDate] AS [DeleteDate],
T0.[IsActive] AS [IsActive] 
FROM [CostingPartBalloonAreas] T0 
WHERE (((T0.[IsActive] = @p1) AND (T0.[CostingPartID] = @p2))) AND (T0.[IsActive] >= @p3) 
ORDER BY T0.[ID]
      
dbug: Serenity.Data.ISqlConnections[0]
      SQL - ExecuteReader[10868749] - END - 7 ms
info: Serenity.Pro.EmailQueue.EmailQueueJob[0]
      Executing periodic job: EmailQueueJob.
dbug: Serenity.Data.ISqlConnections[0]
      SQL - ExecuteReader[9345839] - START
DECLARE @p1 Int32 = 0;
      DECLARE @p2 Int32 = 5;
      DECLARE @p3 DateTime2 = '2026-09-07T21:31:49.192';
      
      SELECT TOP 10 
T0.[MailId] AS [MailId],
T0.[LockExpiration] AS [LockExpiration] 
FROM [Mail] T0 
WHERE (((T0.[Status] = @p1) AND (T0.[RetryCount] < @p2)) AND (T0.[LockExpiration] < @p3)) 
ORDER BY T0.[Priority], T0.[RetryCount], T0.[MailId]
      
dbug: Serenity.Data.ISqlConnections[0]
      SQL - ExecuteReader[9345839] - END - 21 ms
info: Serenity.Pro.EmailQueue.EmailQueueJob[0]
      Done executing periodic job: EmailQueueJob
dbug: Serenity.Data.ISqlConnections[0]
      SQL - ExecuteReader[47143895] - START
DECLARE @p1 Int32 = 20;
      
      SELECT 
T0.[ID] AS [Id],
T0.[PartNumber] AS [PartNumber],
T0.[Revision] AS [Revision],
T0.[Description] AS [Description],
T0.[Length] AS [Length],
T0.[Width] AS [Width],
T0.[Height] AS [Height],
T0.[DimensionUnitID] AS [DimensionUnitId],
T0.[PartPicture] AS [PartPicture],
T0.[CostingMachineName] AS [CostingMachineName],
T0.[CostingMachineID] AS [CostingMachineId],
T0.[CostingMachineID2] AS [CostingMachineId2],
T0.[CostingMachineSupplierID] AS [CostingMachineSupplierId],
T0.[ProcessingMode] AS [ProcessingMode],
T0.[MaterialID] AS [MaterialId],
T0.[MaterialTemperID] AS [MaterialTemperId],
T0.[GrossVolume] AS [GrossVolume],
T0.[NetVolume] AS [NetVolume],
T0.[VolumeUnitID] AS [VolumeUnitId],
T0.[VolumeUnit] AS [VolumeUnit],
T0.[GrossWeight] AS [GrossWeight],
T0.[NetWeight] AS [NetWeight],
T0.[WeightUnitID] AS [WeightUnitId],
T0.[WeightUnit] AS [WeightUnit],
T0.[NumberOfFace] AS [NumberOfFace],
T0.[NumberOfHole] AS [NumberOfHole],
T0.[ProcessRecommendations] AS [ProcessRecommendations],
T0.[QualityControlNotes] AS [QualityControlNotes],
T0.ID AS [CostingPartDocumentView],
T0.[CompanyID] AS [CompanyId],
T0.[GroupID] AS [GroupId],
T0.[DrawingConversionStatusID] AS [DrawingConversionStatusId],
T0.[OcrStatusID] AS [OcrStatusId],
T0.[CostingStatusID] AS [CostingStatusId],
T0.[BalloonStatusID] AS [BalloonStatusId],
T0.[CustomerName] AS [CustomerName],
T0.[Uom] AS [Uom],
T0.[Material] AS [Material],
T0.[InsertUserId] AS [InsertUserId],
T0.[InsertDate] AS [InsertDate],
T0.[UpdateUserId] AS [UpdateUserId],
T0.[UpdateDate] AS [UpdateDate],
T0.[DeleteUserId] AS [DeleteUserId],
T0.[DeleteDate] AS [DeleteDate],
T0.[IsActive] AS [IsActive] 
FROM [CostingParts] T0 
WHERE (T0.[ID] = @p1)
      
dbug: Serenity.Data.ISqlConnections[0]
      SQL - ExecuteReader[47143895] - END - 17 ms
fail: Serenity.Services.ServiceEndpoint[0]
      Error occurred during service request!
      RabbitMQ.Client.Exceptions.BrokerUnreachableException: None of the specified endpoints were reachable
       ---> System.AggregateException: One or more errors occurred. (Connection failed)
       ---> RabbitMQ.Client.Exceptions.ConnectFailureException: Connection failed
       ---> System.Net.Sockets.SocketException (10061): No connection could be made because the target machine actively refused it.
         at System.Net.Sockets.Socket.AwaitableSocketAsyncEventArgs.ThrowException(SocketError error, CancellationToken cancellationToken)
         at System.Net.Sockets.Socket.AwaitableSocketAsyncEventArgs.System.Threading.Tasks.Sources.IValueTaskSource.GetResult(Int16 token)
         at System.Threading.Tasks.ValueTask.ValueTaskSourceAsTask.<>c.<.cctor>b__4_0(Object state)
      --- End of stack trace from previous location ---
         at RabbitMQ.Client.TcpClientAdapter.ConnectAsync(String host, Int32 port)
         at RabbitMQ.Client.Impl.TaskExtensions.TimeoutAfter(Task task, TimeSpan timeout)
         at RabbitMQ.Client.Impl.SocketFrameHandler.ConnectOrFail(ITcpClient socket, AmqpTcpEndpoint endpoint, TimeSpan timeout)
         --- End of inner exception stack trace ---
         at RabbitMQ.Client.Impl.SocketFrameHandler.ConnectOrFail(ITcpClient socket, AmqpTcpEndpoint endpoint, TimeSpan timeout)
         at RabbitMQ.Client.Impl.SocketFrameHandler.ConnectUsingAddressFamily(AmqpTcpEndpoint endpoint, Func`2 socketFactory, TimeSpan timeout, AddressFamily family)
         at RabbitMQ.Client.Impl.SocketFrameHandler.ConnectUsingIPv4(AmqpTcpEndpoint endpoint, Func`2 socketFactory, TimeSpan timeout)
         at RabbitMQ.Client.Impl.SocketFrameHandler..ctor(AmqpTcpEndpoint endpoint, Func`2 socketFactory, TimeSpan connectionTimeout, TimeSpan readTimeout, TimeSpan writeTimeout)
         at RabbitMQ.Client.Framing.Impl.IProtocolExtensions.CreateFrameHandler(IProtocol protocol, AmqpTcpEndpoint endpoint, ArrayPool`1 pool, Func`2 socketFactory, TimeSpan connectionTimeout, TimeSpan readTimeout, TimeSpan writeTimeout)
         at RabbitMQ.Client.ConnectionFactory.CreateFrameHandler(AmqpTcpEndpoint endpoint)
         at RabbitMQ.Client.EndpointResolverExtensions.SelectOne[T](IEndpointResolver resolver, Func`2 selector)
         --- End of inner exception stack trace ---
         at RabbitMQ.Client.EndpointResolverExtensions.SelectOne[T](IEndpointResolver resolver, Func`2 selector)
         at RabbitMQ.Client.Framing.Impl.AutorecoveringConnection.Init(IEndpointResolver endpoints)
         at RabbitMQ.Client.ConnectionFactory.CreateConnection(IEndpointResolver endpointResolver, String clientProvidedName)
         --- End of inner exception stack trace ---
         at RabbitMQ.Client.ConnectionFactory.CreateConnection(IEndpointResolver endpointResolver, String clientProvidedName)
         at RabbitMQ.Client.ConnectionFactory.CreateConnection(String clientProvidedName)
         at RabbitMQ.Client.ConnectionFactory.CreateConnection()
         at DSRFQ.Costing.Endpoints.CostingPartsEndpoint.Publish(String queue, Int32 costingPartId, Nullable`1 pageNumber) in C:\Aizera\DSRFQ\DSRFQ.Web\Modules\Costing\CostingParts\CostingPartsEndpoint.cs:line 447
         at DSRFQ.Costing.Endpoints.CostingPartsEndpoint.Rerun(IUnitOfWork uow, RerunStageRequest request) in C:\Aizera\DSRFQ\DSRFQ.Web\Modules\Costing\CostingParts\CostingPartsEndpoint.cs:line 135
         at lambda_method393(Closure, Object, Object[])
         at Microsoft.AspNetCore.Mvc.Infrastructure.ActionMethodExecutor.SyncObjectResultExecutor.Execute(ActionContext actionContext, IActionResultTypeMapper mapper, ObjectMethodExecutor executor, Object controller, Object[] arguments)
         at Microsoft.AspNetCore.Mvc.Infrastructure.ControllerActionInvoker.InvokeActionMethodAsync()
         at Microsoft.AspNetCore.Mvc.Infrastructure.ControllerActionInvoker.InvokeNextActionFilterAsync()
      --- End of stack trace from previous location ---
         at Microsoft.AspNetCore.Mvc.Infrastructure.ControllerActionInvoker.Rethrow(ActionExecutedContextSealed context)
         at Microsoft.AspNetCore.Mvc.Infrastructure.ControllerActionInvoker.InvokeInnerFilterAsync()
      --- End of stack trace from previous location ---
         at Microsoft.AspNetCore.Mvc.Infrastructure.ResourceInvoker.<InvokeNextExceptionFilterAsync>g__Awaited|26_0(ResourceInvoker invoker, Task lastTask, State next, Scope scope, Object state, Boolean isCompleted)
info: Serenity.Pro.EmailQueue.EmailQueueJob[0]
      Executing periodic job: EmailQueueJob.
dbug: Serenity.Data.ISqlConnections[0]
      SQL - ExecuteReader[56198837] - START
DECLARE @p1 Int32 = 0;
      DECLARE @p2 Int32 = 5;
      DECLARE @p3 DateTime2 = '2026-09-07T21:32:29.184';
      
      SELECT TOP 10 
T0.[MailId] AS [MailId],
T0.[LockExpiration] AS [LockExpiration] 
FROM [Mail] T0 
WHERE (((T0.[Status] = @p1) AND (T0.[RetryCount] < @p2)) AND (T0.[LockExpiration] < @p3)) 
ORDER BY T0.[Priority], T0.[RetryCount], T0.[MailId]
      
dbug: Serenity.Data.ISqlConnections[0]
      SQL - ExecuteReader[56198837] - END - 9 ms
info: Serenity.Pro.EmailQueue.EmailQueueJob[0]
      Done executing periodic job: EmailQueueJob
info: Serenity.Pro.EmailQueue.EmailQueueJob[0]
      Executing periodic job: EmailQueueJob.
dbug: Serenity.Data.ISqlConnections[0]
      SQL - ExecuteReader[61331462] - START
DECLARE @p1 Int32 = 0;
      DECLARE @p2 Int32 = 5;
      DECLARE @p3 DateTime2 = '2026-09-07T21:33:09.186';
      
      SELECT TOP 10 
T0.[MailId] AS [MailId],
T0.[LockExpiration] AS [LockExpiration] 
FROM [Mail] T0 
WHERE (((T0.[Status] = @p1) AND (T0.[RetryCount] < @p2)) AND (T0.[LockExpiration] < @p3)) 
ORDER BY T0.[Priority], T0.[RetryCount], T0.[MailId]
      
dbug: Serenity.Data.ISqlConnections[0]
      SQL - ExecuteReader[61331462] - END - 9 ms
info: Serenity.Pro.EmailQueue.EmailQueueJob[0]
      Done executing periodic job: EmailQueueJob
info: Serenity.Pro.EmailQueue.EmailQueueJob[0]
      Executing periodic job: EmailQueueJob.
dbug: Serenity.Data.ISqlConnections[0]
      SQL - ExecuteReader[42347265] - START
DECLARE @p1 Int32 = 0;
      DECLARE @p2 Int32 = 5;
      DECLARE @p3 DateTime2 = '2026-09-07T21:33:39.192';
      
      SELECT TOP 10 
T0.[MailId] AS [MailId],
T0.[LockExpiration] AS [LockExpiration] 
FROM [Mail] T0 
WHERE (((T0.[Status] = @p1) AND (T0.[RetryCount] < @p2)) AND (T0.[LockExpiration] < @p3)) 
ORDER BY T0.[Priority], T0.[RetryCount], T0.[MailId]
      
dbug: Serenity.Data.ISqlConnections[0]
      SQL - ExecuteReader[42347265] - END - 9 ms
info: Serenity.Pro.EmailQueue.EmailQueueJob[0]
      Done executing periodic job: EmailQueueJob
info: Serenity.Pro.EmailQueue.EmailQueueJob[0]
      Executing periodic job: EmailQueueJob.
dbug: Serenity.Data.ISqlConnections[0]
      SQL - ExecuteReader[49420359] - START
DECLARE @p1 Int32 = 0;
      DECLARE @p2 Int32 = 5;
      DECLARE @p3 DateTime2 = '2026-09-07T21:34:19.194';
      
      SELECT TOP 10 
T0.[MailId] AS [MailId],
T0.[LockExpiration] AS [LockExpiration] 
FROM [Mail] T0 
WHERE (((T0.[Status] = @p1) AND (T0.[RetryCount] < @p2)) AND (T0.[LockExpiration] < @p3)) 
ORDER BY T0.[Priority], T0.[RetryCount], T0.[MailId]
      
dbug: Serenity.Data.ISqlConnections[0]
      SQL - ExecuteReader[49420359] - END - 7 ms
info: Serenity.Pro.EmailQueue.EmailQueueJob[0]
      Done executing periodic job: EmailQueueJob
info: Serenity.Pro.EmailQueue.EmailQueueJob[0]
      Executing periodic job: EmailQueueJob.
dbug: Serenity.Data.ISqlConnections[0]
      SQL - ExecuteReader[50930313] - START
DECLARE @p1 Int32 = 0;
      DECLARE @p2 Int32 = 5;
      DECLARE @p3 DateTime2 = '2026-09-07T21:34:59.183';
      
      SELECT TOP 10 
T0.[MailId] AS [MailId],
T0.[LockExpiration] AS [LockExpiration] 
FROM [Mail] T0 
WHERE (((T0.[Status] = @p1) AND (T0.[RetryCount] < @p2)) AND (T0.[LockExpiration] < @p3)) 
ORDER BY T0.[Priority], T0.[RetryCount], T0.[MailId]
      
dbug: Serenity.Data.ISqlConnections[0]
      SQL - ExecuteReader[50930313] - END - 7 ms
info: Serenity.Pro.EmailQueue.EmailQueueJob[0]
      Done executing periodic job: EmailQueueJob
info: Serenity.Pro.EmailQueue.EmailQueueJob[0]
      Executing periodic job: EmailQueueJob.
dbug: Serenity.Data.ISqlConnections[0]
      SQL - ExecuteReader[66629884] - START
DECLARE @p1 Int32 = 0;
      DECLARE @p2 Int32 = 5;
      DECLARE @p3 DateTime2 = '2026-09-07T21:35:29.185';
      
      SELECT TOP 10 
T0.[MailId] AS [MailId],
T0.[LockExpiration] AS [LockExpiration] 
FROM [Mail] T0 
WHERE (((T0.[Status] = @p1) AND (T0.[RetryCount] < @p2)) AND (T0.[LockExpiration] < @p3)) 
ORDER BY T0.[Priority], T0.[RetryCount], T0.[MailId]
      
dbug: Serenity.Data.ISqlConnections[0]
      SQL - ExecuteReader[66629884] - END - 7 ms
info: Serenity.Pro.EmailQueue.EmailQueueJob[0]
      Done executing periodic job: EmailQueueJob
info: Serenity.Pro.EmailQueue.EmailQueueJob[0]
      Executing periodic job: EmailQueueJob.
dbug: Serenity.Data.ISqlConnections[0]
      SQL - ExecuteReader[41927701] - START
DECLARE @p1 Int32 = 0;
      DECLARE @p2 Int32 = 5;
      DECLARE @p3 DateTime2 = '2026-09-07T21:36:09.194';
      
      SELECT TOP 10 
T0.[MailId] AS [MailId],
T0.[LockExpiration] AS [LockExpiration] 
FROM [Mail] T0 
WHERE (((T0.[Status] = @p1) AND (T0.[RetryCount] < @p2)) AND (T0.[LockExpiration] < @p3)) 
ORDER BY T0.[Priority], T0.[RetryCount], T0.[MailId]
      
dbug: Serenity.Data.ISqlConnections[0]
      SQL - ExecuteReader[41927701] - END - 8 ms
info: Serenity.Pro.EmailQueue.EmailQueueJob[0]
      Done executing periodic job: EmailQueueJob
info: Serenity.Pro.EmailQueue.EmailQueueJob[0]
      Executing periodic job: EmailQueueJob.
dbug: Serenity.Data.ISqlConnections[0]
      SQL - ExecuteReader[13232430] - START
DECLARE @p1 Int32 = 0;
      DECLARE @p2 Int32 = 5;
      DECLARE @p3 DateTime2 = '2026-09-07T21:36:49.187';
      
      SELECT TOP 10 
T0.[MailId] AS [MailId],
T0.[LockExpiration] AS [LockExpiration] 
FROM [Mail] T0 
WHERE (((T0.[Status] = @p1) AND (T0.[RetryCount] < @p2)) AND (T0.[LockExpiration] < @p3)) 
ORDER BY T0.[Priority], T0.[RetryCount], T0.[MailId]
      
dbug: Serenity.Data.ISqlConnections[0]
      SQL - ExecuteReader[13232430] - END - 16 ms
info: Serenity.Pro.EmailQueue.EmailQueueJob[0]
      Done executing periodic job: EmailQueueJob
info: Serenity.Pro.EmailQueue.EmailQueueJob[0]
      Executing periodic job: EmailQueueJob.
dbug: Serenity.Data.ISqlConnections[0]
      SQL - ExecuteReader[33048819] - START
DECLARE @p1 Int32 = 0;
      DECLARE @p2 Int32 = 5;
      DECLARE @p3 DateTime2 = '2026-09-07T21:37:29.179';
      
      SELECT TOP 10 
T0.[MailId] AS [MailId],
T0.[LockExpiration] AS [LockExpiration] 
FROM [Mail] T0 
WHERE (((T0.[Status] = @p1) AND (T0.[RetryCount] < @p2)) AND (T0.[LockExpiration] < @p3)) 
ORDER BY T0.[Priority], T0.[RetryCount], T0.[MailId]
      
dbug: Serenity.Data.ISqlConnections[0]
      SQL - ExecuteReader[33048819] - END - 6 ms
info: Serenity.Pro.EmailQueue.EmailQueueJob[0]
      Done executing periodic job: EmailQueueJob
info: Serenity.Pro.EmailQueue.EmailQueueJob[0]
      Executing periodic job: EmailQueueJob.
dbug: Serenity.Data.ISqlConnections[0]
      SQL - ExecuteReader[45551553] - START
DECLARE @p1 Int32 = 0;
      DECLARE @p2 Int32 = 5;
      DECLARE @p3 DateTime2 = '2026-09-07T21:37:59.187';
      
      SELECT TOP 10 
T0.[MailId] AS [MailId],
T0.[LockExpiration] AS [LockExpiration] 
FROM [Mail] T0 
WHERE (((T0.[Status] = @p1) AND (T0.[RetryCount] < @p2)) AND (T0.[LockExpiration] < @p3)) 
ORDER BY T0.[Priority], T0.[RetryCount], T0.[MailId]
      
dbug: Serenity.Data.ISqlConnections[0]
      SQL - ExecuteReader[45551553] - END - 18 ms
info: Serenity.Pro.EmailQueue.EmailQueueJob[0]
      Done executing periodic job: EmailQueueJob
info: Serenity.Pro.EmailQueue.EmailQueueJob[0]
      Executing periodic job: EmailQueueJob.
dbug: Serenity.Data.ISqlConnections[0]
      SQL - ExecuteReader[21859641] - START
DECLARE @p1 Int32 = 0;
      DECLARE @p2 Int32 = 5;
      DECLARE @p3 DateTime2 = '2026-09-07T21:38:29.193';
      
      SELECT TOP 10 
T0.[MailId] AS [MailId],
T0.[LockExpiration] AS [LockExpiration] 
FROM [Mail] T0 
WHERE (((T0.[Status] = @p1) AND (T0.[RetryCount] < @p2)) AND (T0.[LockExpiration] < @p3)) 
ORDER BY T0.[Priority], T0.[RetryCount], T0.[MailId]
      
dbug: Serenity.Data.ISqlConnections[0]
      SQL - ExecuteReader[21859641] - END - 7 ms
info: Serenity.Pro.EmailQueue.EmailQueueJob[0]
      Done executing periodic job: EmailQueueJob
info: Serenity.Pro.EmailQueue.EmailQueueJob[0]
      Executing periodic job: EmailQueueJob.
dbug: Serenity.Data.ISqlConnections[0]
      SQL - ExecuteReader[66172308] - START
DECLARE @p1 Int32 = 0;
      DECLARE @p2 Int32 = 5;
      DECLARE @p3 DateTime2 = '2026-09-07T21:39:09.190';
      
      SELECT TOP 10 
T0.[MailId] AS [MailId],
T0.[LockExpiration] AS [LockExpiration] 
FROM [Mail] T0 
WHERE (((T0.[Status] = @p1) AND (T0.[RetryCount] < @p2)) AND (T0.[LockExpiration] < @p3)) 
ORDER BY T0.[Priority], T0.[RetryCount], T0.[MailId]
      
dbug: Serenity.Data.ISqlConnections[0]
      SQL - ExecuteReader[66172308] - END - 7 ms
info: Serenity.Pro.EmailQueue.EmailQueueJob[0]
      Done executing periodic job: EmailQueueJob
info: Serenity.Pro.EmailQueue.EmailQueueJob[0]
      Executing periodic job: EmailQueueJob.
dbug: Serenity.Data.ISqlConnections[0]
      SQL - ExecuteReader[35228401] - START
DECLARE @p1 Int32 = 0;
      DECLARE @p2 Int32 = 5;
      DECLARE @p3 DateTime2 = '2026-09-07T21:39:49.186';
      
      SELECT TOP 10 
T0.[MailId] AS [MailId],
T0.[LockExpiration] AS [LockExpiration] 
FROM [Mail] T0 
WHERE (((T0.[Status] = @p1) AND (T0.[RetryCount] < @p2)) AND (T0.[LockExpiration] < @p3)) 
ORDER BY T0.[Priority], T0.[RetryCount], T0.[MailId]
      
dbug: Serenity.Data.ISqlConnections[0]
      SQL - ExecuteReader[35228401] - END - 7 ms
info: Serenity.Pro.EmailQueue.EmailQueueJob[0]
      Done executing periodic job: EmailQueueJob
info: Serenity.Pro.EmailQueue.EmailQueueJob[0]
      Executing periodic job: EmailQueueJob.
dbug: Serenity.Data.ISqlConnections[0]
      SQL - ExecuteReader[21236259] - START
DECLARE @p1 Int32 = 0;
      DECLARE @p2 Int32 = 5;
      DECLARE @p3 DateTime2 = '2026-09-07T21:40:19.188';
      
      SELECT TOP 10 
T0.[MailId] AS [MailId],
T0.[LockExpiration] AS [LockExpiration] 
FROM [Mail] T0 
WHERE (((T0.[Status] = @p1) AND (T0.[RetryCount] < @p2)) AND (T0.[LockExpiration] < @p3)) 
ORDER BY T0.[Priority], T0.[RetryCount], T0.[MailId]
      
dbug: Serenity.Data.ISqlConnections[0]
      SQL - ExecuteReader[21236259] - END - 14 ms
info: Serenity.Pro.EmailQueue.EmailQueueJob[0]
      Done executing periodic job: EmailQueueJob
info: Serenity.Pro.EmailQueue.EmailQueueJob[0]
      Executing periodic job: EmailQueueJob.
dbug: Serenity.Data.ISqlConnections[0]
      SQL - ExecuteReader[11984411] - START
DECLARE @p1 Int32 = 0;
      DECLARE @p2 Int32 = 5;
      DECLARE @p3 DateTime2 = '2026-09-07T21:40:59.189';
      
      SELECT TOP 10 
T0.[MailId] AS [MailId],
T0.[LockExpiration] AS [LockExpiration] 
FROM [Mail] T0 
WHERE (((T0.[Status] = @p1) AND (T0.[RetryCount] < @p2)) AND (T0.[LockExpiration] < @p3)) 
ORDER BY T0.[Priority], T0.[RetryCount], T0.[MailId]
      
dbug: Serenity.Data.ISqlConnections[0]
      SQL - ExecuteReader[11984411] - END - 15 ms
info: Serenity.Pro.EmailQueue.EmailQueueJob[0]
      Done executing periodic job: EmailQueueJob
info: Serenity.Pro.EmailQueue.EmailQueueJob[0]
      Executing periodic job: EmailQueueJob.
dbug: Serenity.Data.ISqlConnections[0]
      SQL - ExecuteReader[9484002] - START
DECLARE @p1 Int32 = 0;
      DECLARE @p2 Int32 = 5;
      DECLARE @p3 DateTime2 = '2026-09-07T21:41:39.193';
      
      SELECT TOP 10 
T0.[MailId] AS [MailId],
T0.[LockExpiration] AS [LockExpiration] 
FROM [Mail] T0 
WHERE (((T0.[Status] = @p1) AND (T0.[RetryCount] < @p2)) AND (T0.[LockExpiration] < @p3)) 
ORDER BY T0.[Priority], T0.[RetryCount], T0.[MailId]
      
dbug: Serenity.Data.ISqlConnections[0]
      SQL - ExecuteReader[9484002] - END - 9 ms
info: Serenity.Pro.EmailQueue.EmailQueueJob[0]
      Done executing periodic job: EmailQueueJob
dbug: Serenity.Data.ISqlConnections[0]
      SQL - ExecuteReader[64578731] - START
DECLARE @p1 Int32 = 20;
      
      SELECT 
T0.[ID] AS [Id],
T0.[PartNumber] AS [PartNumber],
T0.[Revision] AS [Revision],
T0.[Description] AS [Description],
T0.[Length] AS [Length],
T0.[Width] AS [Width],
T0.[Height] AS [Height],
T0.[DimensionUnitID] AS [DimensionUnitId],
T0.[PartPicture] AS [PartPicture],
T0.[CostingMachineName] AS [CostingMachineName],
T0.[CostingMachineID] AS [CostingMachineId],
T0.[CostingMachineID2] AS [CostingMachineId2],
T0.[CostingMachineSupplierID] AS [CostingMachineSupplierId],
T0.[ProcessingMode] AS [ProcessingMode],
T0.[MaterialID] AS [MaterialId],
T0.[MaterialTemperID] AS [MaterialTemperId],
T0.[GrossVolume] AS [GrossVolume],
T0.[NetVolume] AS [NetVolume],
T0.[VolumeUnitID] AS [VolumeUnitId],
T0.[VolumeUnit] AS [VolumeUnit],
T0.[GrossWeight] AS [GrossWeight],
T0.[NetWeight] AS [NetWeight],
T0.[WeightUnitID] AS [WeightUnitId],
T0.[WeightUnit] AS [WeightUnit],
T0.[NumberOfFace] AS [NumberOfFace],
T0.[NumberOfHole] AS [NumberOfHole],
T0.[ProcessRecommendations] AS [ProcessRecommendations],
T0.[QualityControlNotes] AS [QualityControlNotes],
T0.ID AS [CostingPartDocumentView],
T0.[CompanyID] AS [CompanyId],
T0.[GroupID] AS [GroupId],
T0.[DrawingConversionStatusID] AS [DrawingConversionStatusId],
T0.[OcrStatusID] AS [OcrStatusId],
T0.[CostingStatusID] AS [CostingStatusId],
T0.[BalloonStatusID] AS [BalloonStatusId],
T0.[CustomerName] AS [CustomerName],
T0.[Uom] AS [Uom],
T0.[Material] AS [Material],
T0.[InsertUserId] AS [InsertUserId],
T0.[InsertDate] AS [InsertDate],
T0.[UpdateUserId] AS [UpdateUserId],
T0.[UpdateDate] AS [UpdateDate],
T0.[DeleteUserId] AS [DeleteUserId],
T0.[DeleteDate] AS [DeleteDate],
T0.[IsActive] AS [IsActive] 
FROM [CostingParts] T0 
WHERE (T0.[ID] = @p1)
      
dbug: Serenity.Data.ISqlConnections[0]
      SQL - ExecuteReader[64578731] - END - 9 ms
dbug: Serenity.Data.ISqlConnections[0]
      SQL - ExecuteReader[55687482] - START
DECLARE @p1 Int32 = 20;
      
      SELECT 
T0.[ID] AS [Id],
T0.[PartNumber] AS [PartNumber],
T0.[Revision] AS [Revision],
T0.[Description] AS [Description],
T0.[Length] AS [Length],
T0.[Width] AS [Width],
T0.[Height] AS [Height],
T0.[DimensionUnitID] AS [DimensionUnitId],
T0.[PartPicture] AS [PartPicture],
T0.[CostingMachineName] AS [CostingMachineName],
T0.[CostingMachineID] AS [CostingMachineId],
T0.[CostingMachineID2] AS [CostingMachineId2],
T0.[CostingMachineSupplierID] AS [CostingMachineSupplierId],
T0.[ProcessingMode] AS [ProcessingMode],
T0.[MaterialID] AS [MaterialId],
T0.[MaterialTemperID] AS [MaterialTemperId],
T0.[GrossVolume] AS [GrossVolume],
T0.[NetVolume] AS [NetVolume],
T0.[VolumeUnitID] AS [VolumeUnitId],
T0.[VolumeUnit] AS [VolumeUnit],
jVolume.[Code] AS [VolumeUnitCode],
T0.[GrossWeight] AS [GrossWeight],
T0.[NetWeight] AS [NetWeight],
T0.[WeightUnitID] AS [WeightUnitId],
T0.[WeightUnit] AS [WeightUnit],
jWeight.[Code] AS [WeightUnitCode],
T0.[NumberOfFace] AS [NumberOfFace],
T0.[NumberOfHole] AS [NumberOfHole],
T0.[ProcessRecommendations] AS [ProcessRecommendations],
T0.[QualityControlNotes] AS [QualityControlNotes],
T0.ID AS [CostingPartDocumentView],
jCostingPartDocumentView.[DocumentList] AS [DocumentList],
T0.[CompanyID] AS [CompanyId],
jCompany.[Name] AS [CompanyName],
T0.[GroupID] AS [GroupId],
jGroup.[Name] AS [GroupName],
T0.[DrawingConversionStatusID] AS [DrawingConversionStatusId],
jDrawingConversionStatus.[Name] AS [DrawingConversionStatusName],
jDrawingConversionStatus.[Color] AS [DrawingConversionStatusColor],
T0.[OcrStatusID] AS [OcrStatusId],
jOcrStatus.[Name] AS [OcrStatusName],
jOcrStatus.[Color] AS [OcrStatusColor],
T0.[CostingStatusID] AS [CostingStatusId],
jCostingStatus.[Name] AS [CostingStatusName],
jCostingStatus.[Color] AS [CostingStatusColor],
T0.[BalloonStatusID] AS [BalloonStatusId],
jBalloonStatus.[Name] AS [BalloonStatusName],
jBalloonStatus.[Color] AS [BalloonStatusColor],
T0.[CustomerName] AS [CustomerName],
T0.[Uom] AS [Uom],
T0.[Material] AS [Material],
T0.[InsertUserId] AS [InsertUserId],
T0.[InsertDate] AS [InsertDate],
jIUId.DisplayName AS [InsertBy],
T0.[UpdateUserId] AS [UpdateUserId],
T0.[UpdateDate] AS [UpdateDate],
jUUId.DisplayName AS [UpdateBy],
T0.[DeleteUserId] AS [DeleteUserId],
T0.[DeleteDate] AS [DeleteDate],
jDUId.DisplayName AS [DeleteBy],
T0.[IsActive] AS [IsActive] 
FROM [CostingParts] T0 
LEFT JOIN [MasterVolumeUnits] jVolume ON (jVolume.[ID] = T0.[VolumeUnitID]) 
LEFT JOIN [MasterWeightUnits] jWeight ON (jWeight.[ID] = T0.[WeightUnitID]) 
LEFT JOIN [CostingPartDocumentView] jCostingPartDocumentView ON (jCostingPartDocumentView.[CostingPartID] = T0.ID) 
LEFT JOIN [Companies] jCompany ON (jCompany.[ID] = T0.[CompanyID]) 
LEFT JOIN [Groups] jGroup ON (jGroup.[ID] = T0.[GroupID]) 
LEFT JOIN [MasterCostingStatus] jDrawingConversionStatus ON (jDrawingConversionStatus.[ID] = T0.[DrawingConversionStatusID]) 
LEFT JOIN [MasterCostingStatus] jOcrStatus ON (jOcrStatus.[ID] = T0.[OcrStatusID]) 
LEFT JOIN [MasterCostingStatus] jCostingStatus ON (jCostingStatus.[ID] = T0.[CostingStatusID]) 
LEFT JOIN [MasterCostingStatus] jBalloonStatus ON (jBalloonStatus.[ID] = T0.[BalloonStatusID]) 
LEFT JOIN [Users] jIUId ON (jIUId.[UserId] = T0.[InsertUserId]) 
LEFT JOIN [Users] jUUId ON (jUUId.[UserId] = T0.[UpdateUserId]) 
LEFT JOIN [Users] jDUId ON (jDUId.[UserId] = T0.[DeleteUserId]) 
WHERE (T0.[ID] = @p1)
      
dbug: Serenity.Data.ISqlConnections[0]
      SQL - ExecuteReader[55687482] - END - 9 ms
Calling
Drawing/20/Image/0023-17701-03-01-110-01-01_Page_1.png
info: Serenity.Pro.EmailQueue.EmailQueueJob[0]
      Executing periodic job: EmailQueueJob.
dbug: Serenity.Data.ISqlConnections[0]
      SQL - ExecuteReader[27922202] - START
DECLARE @p1 Int32 = 0;
      DECLARE @p2 Int32 = 5;
      DECLARE @p3 DateTime2 = '2026-09-07T21:42:19.191';
      
      SELECT TOP 10 
T0.[MailId] AS [MailId],
T0.[LockExpiration] AS [LockExpiration] 
FROM [Mail] T0 
WHERE (((T0.[Status] = @p1) AND (T0.[RetryCount] < @p2)) AND (T0.[LockExpiration] < @p3)) 
ORDER BY T0.[Priority], T0.[RetryCount], T0.[MailId]
      
dbug: Serenity.Data.ISqlConnections[0]
      SQL - ExecuteReader[27922202] - END - 10 ms
info: Serenity.Pro.EmailQueue.EmailQueueJob[0]
      Done executing periodic job: EmailQueueJob
Calling
Drawing/20/Image/0023-17701-03-01-110-01-01_Page_2.png
info: Serenity.Pro.EmailQueue.EmailQueueJob[0]
      Executing periodic job: EmailQueueJob.
dbug: Serenity.Data.ISqlConnections[0]
      SQL - ExecuteReader[45745161] - START
DECLARE @p1 Int32 = 0;
      DECLARE @p2 Int32 = 5;
      DECLARE @p3 DateTime2 = '2026-09-07T21:42:49.245';
      
      SELECT TOP 10 
T0.[MailId] AS [MailId],
T0.[LockExpiration] AS [LockExpiration] 
FROM [Mail] T0 
WHERE (((T0.[Status] = @p1) AND (T0.[RetryCount] < @p2)) AND (T0.[LockExpiration] < @p3)) 
ORDER BY T0.[Priority], T0.[RetryCount], T0.[MailId]
      
dbug: Serenity.Data.ISqlConnections[0]
      SQL - ExecuteReader[45745161] - END - 61 ms
info: Serenity.Pro.EmailQueue.EmailQueueJob[0]
      Done executing periodic job: EmailQueueJob
Calling
Drawing/20/Image/0023-17701-03-01-110-01-01_Page_3.png
dbug: Serenity.Data.ISqlConnections[0]
      SQL - ExecuteReader[3261774] - START
DECLARE @p1 Int32 = 20;
      
      SELECT 
T0.[ID] AS [Id],
T0.[PartNumber] AS [PartNumber],
T0.[Revision] AS [Revision],
T0.[Description] AS [Description],
T0.[Length] AS [Length],
T0.[Width] AS [Width],
T0.[Height] AS [Height],
T0.[DimensionUnitID] AS [DimensionUnitId],
T0.[PartPicture] AS [PartPicture],
T0.[CostingMachineName] AS [CostingMachineName],
T0.[CostingMachineID] AS [CostingMachineId],
T0.[CostingMachineID2] AS [CostingMachineId2],
T0.[CostingMachineSupplierID] AS [CostingMachineSupplierId],
T0.[ProcessingMode] AS [ProcessingMode],
T0.[MaterialID] AS [MaterialId],
T0.[MaterialTemperID] AS [MaterialTemperId],
T0.[GrossVolume] AS [GrossVolume],
T0.[NetVolume] AS [NetVolume],
T0.[VolumeUnitID] AS [VolumeUnitId],
T0.[VolumeUnit] AS [VolumeUnit],
jVolume.[Code] AS [VolumeUnitCode],
T0.[GrossWeight] AS [GrossWeight],
T0.[NetWeight] AS [NetWeight],
T0.[WeightUnitID] AS [WeightUnitId],
T0.[WeightUnit] AS [WeightUnit],
jWeight.[Code] AS [WeightUnitCode],
T0.[NumberOfFace] AS [NumberOfFace],
T0.[NumberOfHole] AS [NumberOfHole],
T0.[ProcessRecommendations] AS [ProcessRecommendations],
T0.[QualityControlNotes] AS [QualityControlNotes],
T0.ID AS [CostingPartDocumentView],
jCostingPartDocumentView.[DocumentList] AS [DocumentList],
T0.[CompanyID] AS [CompanyId],
jCompany.[Name] AS [CompanyName],
T0.[GroupID] AS [GroupId],
jGroup.[Name] AS [GroupName],
T0.[DrawingConversionStatusID] AS [DrawingConversionStatusId],
jDrawingConversionStatus.[Name] AS [DrawingConversionStatusName],
jDrawingConversionStatus.[Color] AS [DrawingConversionStatusColor],
T0.[OcrStatusID] AS [OcrStatusId],
jOcrStatus.[Name] AS [OcrStatusName],
jOcrStatus.[Color] AS [OcrStatusColor],
T0.[CostingStatusID] AS [CostingStatusId],
jCostingStatus.[Name] AS [CostingStatusName],
jCostingStatus.[Color] AS [CostingStatusColor],
T0.[BalloonStatusID] AS [BalloonStatusId],
jBalloonStatus.[Name] AS [BalloonStatusName],
jBalloonStatus.[Color] AS [BalloonStatusColor],
T0.[CustomerName] AS [CustomerName],
T0.[Uom] AS [Uom],
T0.[Material] AS [Material],
T0.[InsertUserId] AS [InsertUserId],
T0.[InsertDate] AS [InsertDate],
jIUId.DisplayName AS [InsertBy],
T0.[UpdateUserId] AS [UpdateUserId],
T0.[UpdateDate] AS [UpdateDate],
jUUId.DisplayName AS [UpdateBy],
T0.[DeleteUserId] AS [DeleteUserId],
T0.[DeleteDate] AS [DeleteDate],
jDUId.DisplayName AS [DeleteBy],
T0.[IsActive] AS [IsActive] 
FROM [CostingParts] T0 
LEFT JOIN [MasterVolumeUnits] jVolume ON (jVolume.[ID] = T0.[VolumeUnitID]) 
LEFT JOIN [MasterWeightUnits] jWeight ON (jWeight.[ID] = T0.[WeightUnitID]) 
LEFT JOIN [CostingPartDocumentView] jCostingPartDocumentView ON (jCostingPartDocumentView.[CostingPartID] = T0.ID) 
LEFT JOIN [Companies] jCompany ON (jCompany.[ID] = T0.[CompanyID]) 
LEFT JOIN [Groups] jGroup ON (jGroup.[ID] = T0.[GroupID]) 
LEFT JOIN [MasterCostingStatus] jDrawingConversionStatus ON (jDrawingConversionStatus.[ID] = T0.[DrawingConversionStatusID]) 
LEFT JOIN [MasterCostingStatus] jOcrStatus ON (jOcrStatus.[ID] = T0.[OcrStatusID]) 
LEFT JOIN [MasterCostingStatus] jCostingStatus ON (jCostingStatus.[ID] = T0.[CostingStatusID]) 
LEFT JOIN [MasterCostingStatus] jBalloonStatus ON (jBalloonStatus.[ID] = T0.[BalloonStatusID]) 
LEFT JOIN [Users] jIUId ON (jIUId.[UserId] = T0.[InsertUserId]) 
LEFT JOIN [Users] jUUId ON (jUUId.[UserId] = T0.[UpdateUserId]) 
LEFT JOIN [Users] jDUId ON (jDUId.[UserId] = T0.[DeleteUserId]) 
WHERE (T0.[ID] = @p1)
      
dbug: Serenity.Data.ISqlConnections[0]
      SQL - ExecuteReader[3261774] - END - 16 ms
Calling
Drawing/20/Image/0023-17701-03-01-110-01-01_Page_4.png
dbug: Serenity.Data.ISqlConnections[0]
      SQL - ExecuteReader[21472290] - START
DECLARE @p1 Int32 = 20;
      
      SELECT 
T0.[ID] AS [Id],
T0.[PartNumber] AS [PartNumber],
T0.[Revision] AS [Revision],
T0.[Description] AS [Description],
T0.[Length] AS [Length],
T0.[Width] AS [Width],
T0.[Height] AS [Height],
T0.[DimensionUnitID] AS [DimensionUnitId],
T0.[PartPicture] AS [PartPicture],
T0.[CostingMachineName] AS [CostingMachineName],
T0.[CostingMachineID] AS [CostingMachineId],
T0.[CostingMachineID2] AS [CostingMachineId2],
T0.[CostingMachineSupplierID] AS [CostingMachineSupplierId],
T0.[ProcessingMode] AS [ProcessingMode],
T0.[MaterialID] AS [MaterialId],
T0.[MaterialTemperID] AS [MaterialTemperId],
T0.[GrossVolume] AS [GrossVolume],
T0.[NetVolume] AS [NetVolume],
T0.[VolumeUnitID] AS [VolumeUnitId],
T0.[VolumeUnit] AS [VolumeUnit],
jVolume.[Code] AS [VolumeUnitCode],
T0.[GrossWeight] AS [GrossWeight],
T0.[NetWeight] AS [NetWeight],
T0.[WeightUnitID] AS [WeightUnitId],
T0.[WeightUnit] AS [WeightUnit],
jWeight.[Code] AS [WeightUnitCode],
T0.[NumberOfFace] AS [NumberOfFace],
T0.[NumberOfHole] AS [NumberOfHole],
T0.[ProcessRecommendations] AS [ProcessRecommendations],
T0.[QualityControlNotes] AS [QualityControlNotes],
T0.ID AS [CostingPartDocumentView],
jCostingPartDocumentView.[DocumentList] AS [DocumentList],
T0.[CompanyID] AS [CompanyId],
jCompany.[Name] AS [CompanyName],
T0.[GroupID] AS [GroupId],
jGroup.[Name] AS [GroupName],
T0.[DrawingConversionStatusID] AS [DrawingConversionStatusId],
jDrawingConversionStatus.[Name] AS [DrawingConversionStatusName],
jDrawingConversionStatus.[Color] AS [DrawingConversionStatusColor],
T0.[OcrStatusID] AS [OcrStatusId],
jOcrStatus.[Name] AS [OcrStatusName],
jOcrStatus.[Color] AS [OcrStatusColor],
T0.[CostingStatusID] AS [CostingStatusId],
jCostingStatus.[Name] AS [CostingStatusName],
jCostingStatus.[Color] AS [CostingStatusColor],
T0.[BalloonStatusID] AS [BalloonStatusId],
jBalloonStatus.[Name] AS [BalloonStatusName],
jBalloonStatus.[Color] AS [BalloonStatusColor],
T0.[CustomerName] AS [CustomerName],
T0.[Uom] AS [Uom],
T0.[Material] AS [Material],
T0.[InsertUserId] AS [InsertUserId],
T0.[InsertDate] AS [InsertDate],
jIUId.DisplayName AS [InsertBy],
T0.[UpdateUserId] AS [UpdateUserId],
T0.[UpdateDate] AS [UpdateDate],
jUUId.DisplayName AS [UpdateBy],
T0.[DeleteUserId] AS [DeleteUserId],
T0.[DeleteDate] AS [DeleteDate],
jDUId.DisplayName AS [DeleteBy],
T0.[IsActive] AS [IsActive] 
FROM [CostingParts] T0 
LEFT JOIN [MasterVolumeUnits] jVolume ON (jVolume.[ID] = T0.[VolumeUnitID]) 
LEFT JOIN [MasterWeightUnits] jWeight ON (jWeight.[ID] = T0.[WeightUnitID]) 
LEFT JOIN [CostingPartDocumentView] jCostingPartDocumentView ON (jCostingPartDocumentView.[CostingPartID] = T0.ID) 
LEFT JOIN [Companies] jCompany ON (jCompany.[ID] = T0.[CompanyID]) 
LEFT JOIN [Groups] jGroup ON (jGroup.[ID] = T0.[GroupID]) 
LEFT JOIN [MasterCostingStatus] jDrawingConversionStatus ON (jDrawingConversionStatus.[ID] = T0.[DrawingConversionStatusID]) 
LEFT JOIN [MasterCostingStatus] jOcrStatus ON (jOcrStatus.[ID] = T0.[OcrStatusID]) 
LEFT JOIN [MasterCostingStatus] jCostingStatus ON (jCostingStatus.[ID] = T0.[CostingStatusID]) 
LEFT JOIN [MasterCostingStatus] jBalloonStatus ON (jBalloonStatus.[ID] = T0.[BalloonStatusID]) 
LEFT JOIN [Users] jIUId ON (jIUId.[UserId] = T0.[InsertUserId]) 
LEFT JOIN [Users] jUUId ON (jUUId.[UserId] = T0.[UpdateUserId]) 
LEFT JOIN [Users] jDUId ON (jDUId.[UserId] = T0.[DeleteUserId]) 
WHERE (T0.[ID] = @p1)
      
dbug: Serenity.Data.ISqlConnections[0]
      SQL - ExecuteReader[21472290] - END - 8 ms
info: Serenity.Pro.EmailQueue.EmailQueueJob[0]
      Executing periodic job: EmailQueueJob.
dbug: Serenity.Data.ISqlConnections[0]
      SQL - ExecuteReader[56858567] - START
DECLARE @p1 Int32 = 0;
      DECLARE @p2 Int32 = 5;
      DECLARE @p3 DateTime2 = '2026-09-07T21:43:29.186';
      
      SELECT TOP 10 
T0.[MailId] AS [MailId],
T0.[LockExpiration] AS [LockExpiration] 
FROM [Mail] T0 
WHERE (((T0.[Status] = @p1) AND (T0.[RetryCount] < @p2)) AND (T0.[LockExpiration] < @p3)) 
ORDER BY T0.[Priority], T0.[RetryCount], T0.[MailId]
      
dbug: Serenity.Data.ISqlConnections[0]
      SQL - ExecuteReader[56858567] - END - 7 ms
info: Serenity.Pro.EmailQueue.EmailQueueJob[0]
      Done executing periodic job: EmailQueueJob
info: Serenity.Pro.EmailQueue.EmailQueueJob[0]
      Executing periodic job: EmailQueueJob.
dbug: Serenity.Data.ISqlConnections[0]
      SQL - ExecuteReader[45254660] - START
DECLARE @p1 Int32 = 0;
      DECLARE @p2 Int32 = 5;
      DECLARE @p3 DateTime2 = '2026-09-07T21:43:59.188';
      
      SELECT TOP 10 
T0.[MailId] AS [MailId],
T0.[LockExpiration] AS [LockExpiration] 
FROM [Mail] T0 
WHERE (((T0.[Status] = @p1) AND (T0.[RetryCount] < @p2)) AND (T0.[LockExpiration] < @p3)) 
ORDER BY T0.[Priority], T0.[RetryCount], T0.[MailId]
      
dbug: Serenity.Data.ISqlConnections[0]
      SQL - ExecuteReader[45254660] - END - 7 ms
info: Serenity.Pro.EmailQueue.EmailQueueJob[0]
      Done executing periodic job: EmailQueueJob
Calling
Drawing/20/Image/0023-17701-03-01-110-01-01_Page_5.png
dbug: Serenity.Data.ISqlConnections[0]
      SQL - ExecuteReader[26079021] - START
DECLARE @p1 Int32 = 20;
      
      SELECT 
T0.[ID] AS [Id],
T0.[PartNumber] AS [PartNumber],
T0.[Revision] AS [Revision],
T0.[Description] AS [Description],
T0.[Length] AS [Length],
T0.[Width] AS [Width],
T0.[Height] AS [Height],
T0.[DimensionUnitID] AS [DimensionUnitId],
T0.[PartPicture] AS [PartPicture],
T0.[CostingMachineName] AS [CostingMachineName],
T0.[CostingMachineID] AS [CostingMachineId],
T0.[CostingMachineID2] AS [CostingMachineId2],
T0.[CostingMachineSupplierID] AS [CostingMachineSupplierId],
T0.[ProcessingMode] AS [ProcessingMode],
T0.[MaterialID] AS [MaterialId],
T0.[MaterialTemperID] AS [MaterialTemperId],
T0.[GrossVolume] AS [GrossVolume],
T0.[NetVolume] AS [NetVolume],
T0.[VolumeUnitID] AS [VolumeUnitId],
T0.[VolumeUnit] AS [VolumeUnit],
jVolume.[Code] AS [VolumeUnitCode],
T0.[GrossWeight] AS [GrossWeight],
T0.[NetWeight] AS [NetWeight],
T0.[WeightUnitID] AS [WeightUnitId],
T0.[WeightUnit] AS [WeightUnit],
jWeight.[Code] AS [WeightUnitCode],
T0.[NumberOfFace] AS [NumberOfFace],
T0.[NumberOfHole] AS [NumberOfHole],
T0.[ProcessRecommendations] AS [ProcessRecommendations],
T0.[QualityControlNotes] AS [QualityControlNotes],
T0.ID AS [CostingPartDocumentView],
jCostingPartDocumentView.[DocumentList] AS [DocumentList],
T0.[CompanyID] AS [CompanyId],
jCompany.[Name] AS [CompanyName],
T0.[GroupID] AS [GroupId],
jGroup.[Name] AS [GroupName],
T0.[DrawingConversionStatusID] AS [DrawingConversionStatusId],
jDrawingConversionStatus.[Name] AS [DrawingConversionStatusName],
jDrawingConversionStatus.[Color] AS [DrawingConversionStatusColor],
T0.[OcrStatusID] AS [OcrStatusId],
jOcrStatus.[Name] AS [OcrStatusName],
jOcrStatus.[Color] AS [OcrStatusColor],
T0.[CostingStatusID] AS [CostingStatusId],
jCostingStatus.[Name] AS [CostingStatusName],
jCostingStatus.[Color] AS [CostingStatusColor],
T0.[BalloonStatusID] AS [BalloonStatusId],
jBalloonStatus.[Name] AS [BalloonStatusName],
jBalloonStatus.[Color] AS [BalloonStatusColor],
T0.[CustomerName] AS [CustomerName],
T0.[Uom] AS [Uom],
T0.[Material] AS [Material],
T0.[InsertUserId] AS [InsertUserId],
T0.[InsertDate] AS [InsertDate],
jIUId.DisplayName AS [InsertBy],
T0.[UpdateUserId] AS [UpdateUserId],
T0.[UpdateDate] AS [UpdateDate],
jUUId.DisplayName AS [UpdateBy],
T0.[DeleteUserId] AS [DeleteUserId],
T0.[DeleteDate] AS [DeleteDate],
jDUId.DisplayName AS [DeleteBy],
T0.[IsActive] AS [IsActive] 
FROM [CostingParts] T0 
LEFT JOIN [MasterVolumeUnits] jVolume ON (jVolume.[ID] = T0.[VolumeUnitID]) 
LEFT JOIN [MasterWeightUnits] jWeight ON (jWeight.[ID] = T0.[WeightUnitID]) 
LEFT JOIN [CostingPartDocumentView] jCostingPartDocumentView ON (jCostingPartDocumentView.[CostingPartID] = T0.ID) 
LEFT JOIN [Companies] jCompany ON (jCompany.[ID] = T0.[CompanyID]) 
LEFT JOIN [Groups] jGroup ON (jGroup.[ID] = T0.[GroupID]) 
LEFT JOIN [MasterCostingStatus] jDrawingConversionStatus ON (jDrawingConversionStatus.[ID] = T0.[DrawingConversionStatusID]) 
LEFT JOIN [MasterCostingStatus] jOcrStatus ON (jOcrStatus.[ID] = T0.[OcrStatusID]) 
LEFT JOIN [MasterCostingStatus] jCostingStatus ON (jCostingStatus.[ID] = T0.[CostingStatusID]) 
LEFT JOIN [MasterCostingStatus] jBalloonStatus ON (jBalloonStatus.[ID] = T0.[BalloonStatusID]) 
LEFT JOIN [Users] jIUId ON (jIUId.[UserId] = T0.[InsertUserId]) 
LEFT JOIN [Users] jUUId ON (jUUId.[UserId] = T0.[UpdateUserId]) 
LEFT JOIN [Users] jDUId ON (jDUId.[UserId] = T0.[DeleteUserId]) 
WHERE (T0.[ID] = @p1)
      
dbug: Serenity.Data.ISqlConnections[0]
      SQL - ExecuteReader[26079021] - END - 10 ms
info: Serenity.Pro.EmailQueue.EmailQueueJob[0]
      Executing periodic job: EmailQueueJob.
dbug: Serenity.Data.ISqlConnections[0]
      SQL - ExecuteReader[32057972] - START
DECLARE @p1 Int32 = 0;
      DECLARE @p2 Int32 = 5;
      DECLARE @p3 DateTime2 = '2026-09-07T21:44:39.185';
      
      SELECT TOP 10 
T0.[MailId] AS [MailId],
T0.[LockExpiration] AS [LockExpiration] 
FROM [Mail] T0 
WHERE (((T0.[Status] = @p1) AND (T0.[RetryCount] < @p2)) AND (T0.[LockExpiration] < @p3)) 
ORDER BY T0.[Priority], T0.[RetryCount], T0.[MailId]
      
dbug: Serenity.Data.ISqlConnections[0]
      SQL - ExecuteReader[32057972] - END - 9 ms
info: Serenity.Pro.EmailQueue.EmailQueueJob[0]
      Done executing periodic job: EmailQueueJob
dbug: Serenity.Data.ISqlConnections[0]
      SQL - ExecuteReader[31994356] - START
DECLARE @p1 Int32 = 20;
      
      SELECT 
T0.[ID] AS [Id],
T0.[PartNumber] AS [PartNumber],
T0.[Revision] AS [Revision],
T0.[Description] AS [Description],
T0.[Length] AS [Length],
T0.[Width] AS [Width],
T0.[Height] AS [Height],
T0.[DimensionUnitID] AS [DimensionUnitId],
T0.[PartPicture] AS [PartPicture],
T0.[CostingMachineName] AS [CostingMachineName],
T0.[CostingMachineID] AS [CostingMachineId],
T0.[CostingMachineID2] AS [CostingMachineId2],
T0.[CostingMachineSupplierID] AS [CostingMachineSupplierId],
T0.[ProcessingMode] AS [ProcessingMode],
T0.[MaterialID] AS [MaterialId],
T0.[MaterialTemperID] AS [MaterialTemperId],
T0.[GrossVolume] AS [GrossVolume],
T0.[NetVolume] AS [NetVolume],
T0.[VolumeUnitID] AS [VolumeUnitId],
T0.[VolumeUnit] AS [VolumeUnit],
jVolume.[Code] AS [VolumeUnitCode],
T0.[GrossWeight] AS [GrossWeight],
T0.[NetWeight] AS [NetWeight],
T0.[WeightUnitID] AS [WeightUnitId],
T0.[WeightUnit] AS [WeightUnit],
jWeight.[Code] AS [WeightUnitCode],
T0.[NumberOfFace] AS [NumberOfFace],
T0.[NumberOfHole] AS [NumberOfHole],
T0.[ProcessRecommendations] AS [ProcessRecommendations],
T0.[QualityControlNotes] AS [QualityControlNotes],
T0.ID AS [CostingPartDocumentView],
jCostingPartDocumentView.[DocumentList] AS [DocumentList],
T0.[CompanyID] AS [CompanyId],
jCompany.[Name] AS [CompanyName],
T0.[GroupID] AS [GroupId],
jGroup.[Name] AS [GroupName],
T0.[DrawingConversionStatusID] AS [DrawingConversionStatusId],
jDrawingConversionStatus.[Name] AS [DrawingConversionStatusName],
jDrawingConversionStatus.[Color] AS [DrawingConversionStatusColor],
T0.[OcrStatusID] AS [OcrStatusId],
jOcrStatus.[Name] AS [OcrStatusName],
jOcrStatus.[Color] AS [OcrStatusColor],
T0.[CostingStatusID] AS [CostingStatusId],
jCostingStatus.[Name] AS [CostingStatusName],
jCostingStatus.[Color] AS [CostingStatusColor],
T0.[BalloonStatusID] AS [BalloonStatusId],
jBalloonStatus.[Name] AS [BalloonStatusName],
jBalloonStatus.[Color] AS [BalloonStatusColor],
T0.[CustomerName] AS [CustomerName],
T0.[Uom] AS [Uom],
T0.[Material] AS [Material],
T0.[InsertUserId] AS [InsertUserId],
T0.[InsertDate] AS [InsertDate],
jIUId.DisplayName AS [InsertBy],
T0.[UpdateUserId] AS [UpdateUserId],
T0.[UpdateDate] AS [UpdateDate],
jUUId.DisplayName AS [UpdateBy],
T0.[DeleteUserId] AS [DeleteUserId],
T0.[DeleteDate] AS [DeleteDate],
jDUId.DisplayName AS [DeleteBy],
T0.[IsActive] AS [IsActive] 
FROM [CostingParts] T0 
LEFT JOIN [MasterVolumeUnits] jVolume ON (jVolume.[ID] = T0.[VolumeUnitID]) 
LEFT JOIN [MasterWeightUnits] jWeight ON (jWeight.[ID] = T0.[WeightUnitID]) 
LEFT JOIN [CostingPartDocumentView] jCostingPartDocumentView ON (jCostingPartDocumentView.[CostingPartID] = T0.ID) 
LEFT JOIN [Companies] jCompany ON (jCompany.[ID] = T0.[CompanyID]) 
LEFT JOIN [Groups] jGroup ON (jGroup.[ID] = T0.[GroupID]) 
LEFT JOIN [MasterCostingStatus] jDrawingConversionStatus ON (jDrawingConversionStatus.[ID] = T0.[DrawingConversionStatusID]) 
LEFT JOIN [MasterCostingStatus] jOcrStatus ON (jOcrStatus.[ID] = T0.[OcrStatusID]) 
LEFT JOIN [MasterCostingStatus] jCostingStatus ON (jCostingStatus.[ID] = T0.[CostingStatusID]) 
LEFT JOIN [MasterCostingStatus] jBalloonStatus ON (jBalloonStatus.[ID] = T0.[BalloonStatusID]) 
LEFT JOIN [Users] jIUId ON (jIUId.[UserId] = T0.[InsertUserId]) 
LEFT JOIN [Users] jUUId ON (jUUId.[UserId] = T0.[UpdateUserId]) 
LEFT JOIN [Users] jDUId ON (jDUId.[UserId] = T0.[DeleteUserId]) 
WHERE (T0.[ID] = @p1)
      
dbug: Serenity.Data.ISqlConnections[0]
      SQL - ExecuteReader[31994356] - END - 11 ms
dbug: Serenity.Data.ISqlConnections[0]
      SQL - ExecuteReader[57619509] - START

      SELECT 
T0.[ID] AS [Id],
T0.[Code] AS [Code],
T0.[CompanyID] AS [CompanyId],
jCompany.[Name] AS [CompanyName],
T0.[GroupID] AS [GroupId],
jGroup.[Name] AS [GroupName],
T0.[IsActive] AS [IsActive] 
FROM [Materials] T0 
LEFT JOIN [Companies] jCompany ON (jCompany.[ID] = T0.[CompanyID]) 
LEFT JOIN [Groups] jGroup ON (jGroup.[ID] = T0.[GroupID]) 
ORDER BY T0.[Code]
      
dbug: Serenity.Data.ISqlConnections[0]
      SQL - ExecuteReader[57619509] - END - 10 ms
dbug: Serenity.Data.ISqlConnections[0]
      SQL - ExecuteReader[4374195] - START
DECLARE @p1 Int16 = 1;
      DECLARE @p2 Int32 = 20;
      DECLARE @p3 Int32 = 0;
      
      SELECT 
T0.[ID] AS [Id],
T0.[CostingPartID] AS [CostingPartId],
T0.[PartNumber] AS [PartNumber],
T0.[Description] AS [Description],
T0.[Quantity] AS [Quantity],
T0.[InternalEngineeringNumber] AS [InternalEngineeringNumber],
T0.[IsManual] AS [IsManual],
T0.[InsertUserId] AS [InsertUserId],
T0.[InsertDate] AS [InsertDate],
T0.[UpdateUserId] AS [UpdateUserId],
T0.[UpdateDate] AS [UpdateDate],
T0.[DeleteUserId] AS [DeleteUserId],
T0.[DeleteDate] AS [DeleteDate],
T0.[IsActive] AS [IsActive] 
FROM [CostingPartBomResults] T0 
WHERE (((T0.[IsActive] = @p1) AND (T0.[CostingPartID] = @p2))) AND (T0.[IsActive] >= @p3) 
ORDER BY T0.[PartNumber], T0.[ID]
      
dbug: Serenity.Data.ISqlConnections[0]
      SQL - ExecuteReader[4374195] - END - 9 ms
dbug: Serenity.Data.ISqlConnections[0]
      SQL - ExecuteReader[21608385] - START
DECLARE @p1 Int16 = 1;
      DECLARE @p2 Int32 = 20;
      DECLARE @p3 Int32 = 0;
      
      SELECT 
T0.[MachineName] AS [MachineName],
T0.[MachineID] AS [MachineId],
jMachine.[Name] AS [MachineRealName],
jMachine.[Picture] AS [MachinePicture],
jMachine.[AxisNumber] AS [MachineAxisNumber],
jMachine.[Precision] AS [MachinePrecision],
jMachine.[Cost] AS [MachineCost],
jMachine.[WorkEnvelopeX] AS [MachineWorkEnvelopeX],
jMachine.[WorkEnvelopeY] AS [MachineWorkEnvelopeY],
jMachine.[WorkEnvelopeZ] AS [MachineWorkEnvelopeZ],
jMachine.[WeightLimit] AS [MachineWeightLimit],
jMachine.[Description] AS [MachineDescription],
T0.[ID] AS [Id],
T0.[CostingPartID] AS [CostingPartId],
T0.[CostingCategoryID] AS [CostingCategoryId],
T0.[Name] AS [Name],
T0.[Description] AS [Description],
T0.[Quantity] AS [Quantity],
T0.[DimensionUnitID] AS [DimensionUnitId],
T0.[DimensionUnit] AS [DimensionUnit],
T0.[UnitPrice] AS [UnitPrice],
T0.[CurrencyID] AS [CurrencyId],
T0.[Total] AS [Total],
T0.[IsTimeUnit] AS [IsTimeUnit],
T0.[IsManual] AS [IsManual],
jCurrency.[Code] AS [CurrencyCode],
T0.[InsertUserId] AS [InsertUserId],
T0.[InsertDate] AS [InsertDate],
T0.[UpdateUserId] AS [UpdateUserId],
T0.[UpdateDate] AS [UpdateDate],
T0.[DeleteUserId] AS [DeleteUserId],
T0.[DeleteDate] AS [DeleteDate],
T0.[IsActive] AS [IsActive] 
FROM [CostingPartCostingResults] T0 
LEFT JOIN [Machines] jMachine ON (jMachine.[Id] = T0.[MachineID]) 
LEFT JOIN [MasterCurrencies] jCurrency ON (jCurrency.[ID] = T0.[CurrencyID]) 
WHERE (((T0.[IsActive] = @p1) AND (T0.[CostingPartID] = @p2))) AND (T0.[IsActive] >= @p3) 
ORDER BY T0.[Name], T0.[ID]
      
dbug: Serenity.Data.ISqlConnections[0]
      SQL - ExecuteReader[21608385] - END - 8 ms
dbug: Serenity.Data.ISqlConnections[0]
      SQL - ExecuteReader[29432764] - START
DECLARE @p1 Int16 = 1;
      DECLARE @p2 Int32 = 20;
      DECLARE @p3 Int32 = 0;
      
      SELECT 
T0.[ID] AS [Id],
T0.[CostingPartID] AS [CostingPartId],
T0.[SpecialProcessName] AS [SpecialProcessName],
T0.[SpecialProcessID] AS [SpecialProcessId],
T0.[IsManual] AS [IsManual],
T0.[InsertUserId] AS [InsertUserId],
T0.[InsertDate] AS [InsertDate],
T0.[UpdateUserId] AS [UpdateUserId],
T0.[UpdateDate] AS [UpdateDate],
T0.[DeleteUserId] AS [DeleteUserId],
T0.[DeleteDate] AS [DeleteDate],
T0.[IsActive] AS [IsActive] 
FROM [CostingPartSpecialProcessResults] T0 
WHERE (((T0.[IsActive] = @p1) AND (T0.[CostingPartID] = @p2))) AND (T0.[IsActive] >= @p3) 
ORDER BY T0.[SpecialProcessName], T0.[ID]
      
dbug: Serenity.Data.ISqlConnections[0]
      SQL - ExecuteReader[29432764] - END - 7 ms
dbug: Serenity.Data.ISqlConnections[0]
      SQL - ExecuteReader[31097003] - START
DECLARE @p1 Int16 = 1;
      DECLARE @p2 Int32 = 20;
      DECLARE @p3 Int32 = 0;
      
      SELECT TOP 200 
T0.[ID] AS [Id],
T0.[CostingPartID] AS [CostingPartID],
T0.[RunId] AS [RunId],
T0.[Sequence] AS [Sequence],
T0.[Stage] AS [Stage],
T0.[Label] AS [Label],
T0.[StartTime] AS [StartTime],
T0.[EndTime] AS [EndTime],
T0.[DurationMs] AS [DurationMs],
T0.[Status] AS [Status],
T0.[Detail] AS [Detail],
T0.[InsertUserId] AS [InsertUserId],
T0.[InsertDate] AS [InsertDate],
T0.[UpdateUserId] AS [UpdateUserId],
T0.[UpdateDate] AS [UpdateDate],
T0.[DeleteUserId] AS [DeleteUserId],
T0.[DeleteDate] AS [DeleteDate],
T0.[IsActive] AS [IsActive] 
FROM [CostingPartStageTimings] T0 
WHERE (((T0.[IsActive] = @p1) AND (T0.[CostingPartID] = @p2))) AND (T0.[IsActive] >= @p3) 
ORDER BY T0.[StartTime] DESC, T0.[ID];
SELECT count(*)  
FROM [CostingPartStageTimings] T0 
WHERE (((T0.[IsActive] = @p1) AND (T0.[CostingPartID] = @p2))) AND (T0.[IsActive] >= @p3)
      
dbug: Serenity.Data.ISqlConnections[0]
      SQL - ExecuteReader[31097003] - END - 8 ms
dbug: Serenity.Data.ISqlConnections[0]
      SQL - ExecuteReader[8105093] - START
DECLARE @p1 Int16 = 1;
      DECLARE @p2 Int32 = 20;
      DECLARE @p3 Int32 = 0;
      
      SELECT 
T0.[ID] AS [Id],
T0.[CostingPartID] AS [CostingPartId],
T0.[CostingPartCostingResultID] AS [CostingPartCostingResultId],
T0.[MachineID] AS [MachineId],
T0.[HourlyRate] AS [HourlyRate],
T0.[CurrencyID] AS [CurrencyId],
T0.[LineTotal] AS [LineTotal],
T0.[IsSelected] AS [IsSelected],
T0.[IsRecommended] AS [IsRecommended],
T0.[IsUserChoice] AS [IsUserChoice],
T0.[FitsEnvelope] AS [FitsEnvelope],
T0.[FitsWeight] AS [FitsWeight],
T0.[AxisSufficient] AS [AxisSufficient],
jMachine.[Name] AS [MachineName],
jMachine.[Picture] AS [MachinePicture],
jMachine.[AxisNumber] AS [MachineAxisNumber],
jMachine.[Precision] AS [MachinePrecision],
jMachine.[WorkEnvelopeX] AS [MachineWorkEnvelopeX],
jMachine.[WorkEnvelopeY] AS [MachineWorkEnvelopeY],
jMachine.[WorkEnvelopeZ] AS [MachineWorkEnvelopeZ],
jMachine.[WeightLimit] AS [MachineWeightLimit],
jLine.[Name] AS [ProcessName],
jLine.[Quantity] AS [ProcessHours],
T0.[InsertUserId] AS [InsertUserId],
T0.[InsertDate] AS [InsertDate],
T0.[UpdateUserId] AS [UpdateUserId],
T0.[UpdateDate] AS [UpdateDate],
T0.[DeleteUserId] AS [DeleteUserId],
T0.[DeleteDate] AS [DeleteDate],
T0.[IsActive] AS [IsActive] 
FROM [CostingPartMachineOptions] T0 
LEFT JOIN [Machines] jMachine ON (jMachine.[Id] = T0.[MachineID]) 
LEFT JOIN [CostingPartCostingResults] jLine ON (jLine.[ID] = T0.[CostingPartCostingResultID]) 
WHERE (((T0.[IsActive] = @p1) AND (T0.[CostingPartID] = @p2))) AND (T0.[IsActive] >= @p3) 
ORDER BY jMachine.[Name], T0.[ID]
      
dbug: Serenity.Data.ISqlConnections[0]
      SQL - ExecuteReader[47690142] - START
DECLARE @p1 Int16 = 1;
      DECLARE @p2 Int32 = 20;
      DECLARE @p3 Int32 = 0;
      
      SELECT 
T0.[ID] AS [Id],
T0.[CostingPartID] AS [CostingPartId],
T0.[FileDirectory] AS [FileDirectory],
T0.[ConvertedFileDirectory] AS [ConvertedFileDirectory],
T0.[FileName] AS [FileName],
T0.[Type] AS [Type],
T0.[InsertUserId] AS [InsertUserId],
T0.[InsertDate] AS [InsertDate],
T0.[UpdateUserId] AS [UpdateUserId],
T0.[UpdateDate] AS [UpdateDate],
T0.[DeleteUserId] AS [DeleteUserId],
T0.[DeleteDate] AS [DeleteDate],
T0.[IsActive] AS [IsActive] 
FROM [CostingPartDocuments] T0 
WHERE (((T0.[IsActive] = @p1) AND (T0.[CostingPartID] = @p2))) AND (T0.[IsActive] >= @p3) 
ORDER BY T0.[ID]
      
dbug: Serenity.Data.ISqlConnections[0]
      SQL - ExecuteReader[8105093] - END - 15 ms
dbug: Serenity.Data.ISqlConnections[0]
      SQL - ExecuteReader[47690142] - END - 15 ms
dbug: Serenity.Data.ISqlConnections[0]
      SQL - ExecuteReader[54974783] - START
DECLARE @p1 Int16 = 1;
      DECLARE @p2 Int32 = 35;
      DECLARE @p3 Boolean = 1;
      DECLARE @p4 Int32 = 0;
      
      SELECT 
T0.[ID] AS [Id],
T0.[CostingPartDocumentID] AS [CostingPartDocumentId],
T0.[FileDirectory] AS [FileDirectory],
T0.[FileName] AS [FileName],
T0.[Page] AS [Page],
T0.[Original] AS [Original],
T0.[InsertUserId] AS [InsertUserId],
T0.[InsertDate] AS [InsertDate],
T0.[UpdateUserId] AS [UpdateUserId],
T0.[UpdateDate] AS [UpdateDate],
T0.[DeleteUserId] AS [DeleteUserId],
T0.[DeleteDate] AS [DeleteDate],
T0.[IsActive] AS [IsActive] 
FROM [CostingPartDocumentImages] T0 
WHERE ((((T0.[IsActive] = @p1) AND (T0.[CostingPartDocumentID] = @p2)) AND (T0.[Original] = @p3))) AND (T0.[IsActive] >= @p4) 
ORDER BY T0.[ID]
      
dbug: Serenity.Data.ISqlConnections[0]
      SQL - ExecuteReader[54974783] - END - 7 ms
dbug: Serenity.Data.ISqlConnections[0]
      SQL - ExecuteReader[36954664] - START
DECLARE @p1 Int16 = 1;
      DECLARE @p2 Int32 = 35;
      DECLARE @p3 Boolean = 1;
      DECLARE @p4 Int32 = 0;
      
      SELECT 
T0.[ID] AS [Id],
T0.[CostingPartDocumentID] AS [CostingPartDocumentId],
T0.[FileDirectory] AS [FileDirectory],
T0.[FileName] AS [FileName],
T0.[Page] AS [Page],
T0.[Original] AS [Original],
T0.[InsertUserId] AS [InsertUserId],
T0.[InsertDate] AS [InsertDate],
T0.[UpdateUserId] AS [UpdateUserId],
T0.[UpdateDate] AS [UpdateDate],
T0.[DeleteUserId] AS [DeleteUserId],
T0.[DeleteDate] AS [DeleteDate],
T0.[IsActive] AS [IsActive] 
FROM [CostingPartDocumentImages] T0 
WHERE ((((T0.[IsActive] = @p1) AND (T0.[CostingPartDocumentID] = @p2)) AND (T0.[Original] = @p3))) AND (T0.[IsActive] >= @p4) 
ORDER BY T0.[ID]
      
dbug: Serenity.Data.ISqlConnections[0]
      SQL - ExecuteReader[36954664] - END - 8 ms
dbug: Serenity.Data.ISqlConnections[0]
      SQL - ExecuteReader[47899099] - START
DECLARE @p1 Int16 = 1;
      DECLARE @p2 Int32 = 20;
      DECLARE @p3 Int32 = 0;
      
      SELECT 
T0.[ID] AS [Id],
T0.[CostingPartID] AS [CostingPartId],
T0.[BalloonNo] AS [BalloonNo],
T0.[PageNumber] AS [PageNumber],
T0.[CenterX] AS [CenterX],
T0.[CenterY] AS [CenterY],
T0.[BalloonColor] AS [BalloonColor],
T0.[BalloonSize] AS [BalloonSize],
T0.[BBoxX1] AS [BBoxX1],
T0.[BBoxY1] AS [BBoxY1],
T0.[BBoxX2] AS [BBoxX2],
T0.[BBoxY2] AS [BBoxY2],
T0.[Symbol] AS [Symbol],
T0.[OriginalSymbol] AS [OriginalSymbol],
T0.[FeatureSymbolID] AS [FeatureSymbolId],
T0.[UpperTol] AS [UpperTol],
T0.[LowerTol] AS [LowerTol],
T0.[InspectionToolID] AS [InspectionToolId],
T0.[ToleranceStandard] AS [ToleranceStandard],
T0.[Multiplier] AS [Multiplier],
T0.[Section] AS [Section],
T0.[GridStart] AS [GridStart],
T0.[GridEnd] AS [GridEnd],
T0.[IsNote] AS [IsNote],
T0.[IsDatum] AS [IsDatum],
T0.[Manual] AS [Manual],
T0.[RemovedByUser] AS [RemovedByUser],
T0.[InsertUserId] AS [InsertUserId],
T0.[InsertDate] AS [InsertDate],
T0.[UpdateUserId] AS [UpdateUserId],
T0.[UpdateDate] AS [UpdateDate],
T0.[DeleteUserId] AS [DeleteUserId],
T0.[DeleteDate] AS [DeleteDate],
T0.[IsActive] AS [IsActive] 
FROM [CostingPartBalloons] T0 
WHERE (((T0.[IsActive] = @p1) AND (T0.[CostingPartID] = @p2))) AND (T0.[IsActive] >= @p3) 
ORDER BY T0.[BalloonNo], T0.[ID]
      
dbug: Serenity.Data.ISqlConnections[0]
      SQL - ExecuteReader[47899099] - END - 8 ms
dbug: Serenity.Data.ISqlConnections[0]
      SQL - ExecuteReader[3389586] - START
DECLARE @p1 Int16 = 1;
      DECLARE @p2 Int32 = 20;
      DECLARE @p3 Int32 = 0;
      
      SELECT 
T0.[ID] AS [Id],
T0.[CostingPartID] AS [CostingPartId],
T0.[PageNumber] AS [PageNumber],
T0.[MaskX1] AS [MaskX1],
T0.[MaskY1] AS [MaskY1],
T0.[MaskX2] AS [MaskX2],
T0.[MaskY2] AS [MaskY2],
T0.[InsertUserId] AS [InsertUserId],
T0.[InsertDate] AS [InsertDate],
T0.[UpdateUserId] AS [UpdateUserId],
T0.[UpdateDate] AS [UpdateDate],
T0.[DeleteUserId] AS [DeleteUserId],
T0.[DeleteDate] AS [DeleteDate],
T0.[IsActive] AS [IsActive] 
FROM [CostingPartBalloonMaskZones] T0 
WHERE (((T0.[IsActive] = @p1) AND (T0.[CostingPartID] = @p2))) AND (T0.[IsActive] >= @p3) 
ORDER BY T0.[ID]
      
dbug: Serenity.Data.ISqlConnections[0]
      SQL - ExecuteReader[3389586] - END - 7 ms
dbug: Serenity.Data.ISqlConnections[0]
      SQL - ExecuteReader[61686453] - START
DECLARE @p1 Int16 = 1;
      DECLARE @p2 Int32 = 20;
      DECLARE @p3 Int32 = 0;
      
      SELECT 
T0.[ID] AS [Id],
T0.[CostingPartID] AS [CostingPartId],
T0.[PageNumber] AS [PageNumber],
T0.[OrderIndex] AS [OrderIndex],
T0.[AreaX1] AS [AreaX1],
T0.[AreaY1] AS [AreaY1],
T0.[AreaX2] AS [AreaX2],
T0.[AreaY2] AS [AreaY2],
T0.[SortMode] AS [SortMode],
T0.[StartAngle] AS [StartAngle],
T0.[Label] AS [Label],
T0.[InsertUserId] AS [InsertUserId],
T0.[InsertDate] AS [InsertDate],
T0.[UpdateUserId] AS [UpdateUserId],
T0.[UpdateDate] AS [UpdateDate],
T0.[DeleteUserId] AS [DeleteUserId],
T0.[DeleteDate] AS [DeleteDate],
T0.[IsActive] AS [IsActive] 
FROM [CostingPartBalloonAreas] T0 
WHERE (((T0.[IsActive] = @p1) AND (T0.[CostingPartID] = @p2))) AND (T0.[IsActive] >= @p3) 
ORDER BY T0.[ID]
      
dbug: Serenity.Data.ISqlConnections[0]
      SQL - ExecuteReader[61686453] - END - 6 ms
dbug: Serenity.Data.ISqlConnections[0]
      SQL - ExecuteReader[62781013] - START
DECLARE @p1 Int32 = 20;
      
      SELECT 
T0.[ID] AS [Id],
T0.[PartNumber] AS [PartNumber],
T0.[Revision] AS [Revision],
T0.[Description] AS [Description],
T0.[Length] AS [Length],
T0.[Width] AS [Width],
T0.[Height] AS [Height],
T0.[DimensionUnitID] AS [DimensionUnitId],
T0.[PartPicture] AS [PartPicture],
T0.[CostingMachineName] AS [CostingMachineName],
T0.[CostingMachineID] AS [CostingMachineId],
T0.[CostingMachineID2] AS [CostingMachineId2],
T0.[CostingMachineSupplierID] AS [CostingMachineSupplierId],
T0.[ProcessingMode] AS [ProcessingMode],
T0.[MaterialID] AS [MaterialId],
T0.[MaterialTemperID] AS [MaterialTemperId],
T0.[GrossVolume] AS [GrossVolume],
T0.[NetVolume] AS [NetVolume],
T0.[VolumeUnitID] AS [VolumeUnitId],
T0.[VolumeUnit] AS [VolumeUnit],
T0.[GrossWeight] AS [GrossWeight],
T0.[NetWeight] AS [NetWeight],
T0.[WeightUnitID] AS [WeightUnitId],
T0.[WeightUnit] AS [WeightUnit],
T0.[NumberOfFace] AS [NumberOfFace],
T0.[NumberOfHole] AS [NumberOfHole],
T0.[ProcessRecommendations] AS [ProcessRecommendations],
T0.[QualityControlNotes] AS [QualityControlNotes],
T0.ID AS [CostingPartDocumentView],
T0.[CompanyID] AS [CompanyId],
T0.[GroupID] AS [GroupId],
T0.[DrawingConversionStatusID] AS [DrawingConversionStatusId],
T0.[OcrStatusID] AS [OcrStatusId],
T0.[CostingStatusID] AS [CostingStatusId],
T0.[BalloonStatusID] AS [BalloonStatusId],
T0.[CustomerName] AS [CustomerName],
T0.[Uom] AS [Uom],
T0.[Material] AS [Material],
T0.[InsertUserId] AS [InsertUserId],
T0.[InsertDate] AS [InsertDate],
T0.[UpdateUserId] AS [UpdateUserId],
T0.[UpdateDate] AS [UpdateDate],
T0.[DeleteUserId] AS [DeleteUserId],
T0.[DeleteDate] AS [DeleteDate],
T0.[IsActive] AS [IsActive] 
FROM [CostingParts] T0 
WHERE (T0.[ID] = @p1)
      
dbug: Serenity.Data.ISqlConnections[0]
      SQL - ExecuteReader[62781013] - END - 8 ms
fail: Serenity.Services.ServiceEndpoint[0]
      Error occurred during service request!
      Serenity.Services.ValidationError: Ballooning is already running for this part. Wait for it to finish, or use Force to queue it anyway.
         at DSRFQ.Costing.Endpoints.CostingPartsEndpoint.Rerun(IUnitOfWork uow, RerunStageRequest request) in C:\Aizera\DSRFQ\DSRFQ.Web\Modules\Costing\CostingParts\CostingPartsEndpoint.cs:line 99
         at lambda_method393(Closure, Object, Object[])
         at Microsoft.AspNetCore.Mvc.Infrastructure.ActionMethodExecutor.SyncObjectResultExecutor.Execute(ActionContext actionContext, IActionResultTypeMapper mapper, ObjectMethodExecutor executor, Object controller, Object[] arguments)
         at Microsoft.AspNetCore.Mvc.Infrastructure.ControllerActionInvoker.InvokeActionMethodAsync()
         at Microsoft.AspNetCore.Mvc.Infrastructure.ControllerActionInvoker.InvokeNextActionFilterAsync()
      --- End of stack trace from previous location ---
         at Microsoft.AspNetCore.Mvc.Infrastructure.ControllerActionInvoker.Rethrow(ActionExecutedContextSealed context)
         at Microsoft.AspNetCore.Mvc.Infrastructure.ControllerActionInvoker.InvokeInnerFilterAsync()
      --- End of stack trace from previous location ---
         at Microsoft.AspNetCore.Mvc.Infrastructure.ResourceInvoker.<InvokeNextExceptionFilterAsync>g__Awaited|26_0(ResourceInvoker invoker, Task lastTask, State next, Scope scope, Object state, Boolean isCompleted)
info: Serenity.Pro.EmailQueue.EmailQueueJob[0]
      Executing periodic job: EmailQueueJob.
dbug: Serenity.Data.ISqlConnections[0]
      SQL - ExecuteReader[43889088] - START
DECLARE @p1 Int32 = 0;
      DECLARE @p2 Int32 = 5;
      DECLARE @p3 DateTime2 = '2026-09-07T21:45:09.190';
      
      SELECT TOP 10 
T0.[MailId] AS [MailId],
T0.[LockExpiration] AS [LockExpiration] 
FROM [Mail] T0 
WHERE (((T0.[Status] = @p1) AND (T0.[RetryCount] < @p2)) AND (T0.[LockExpiration] < @p3)) 
ORDER BY T0.[Priority], T0.[RetryCount], T0.[MailId]
      
dbug: Serenity.Data.ISqlConnections[0]
      SQL - ExecuteReader[43889088] - END - 11 ms
info: Serenity.Pro.EmailQueue.EmailQueueJob[0]
      Done executing periodic job: EmailQueueJob
Calling
Drawing/20/Image/0023-17701-03-01-110-01-01_Page_6.png
dbug: Serenity.Data.ISqlConnections[0]
      SQL - ExecuteReader[1680510] - START
DECLARE @p1 Int16 = 1;
      DECLARE @p2 Int32 = 20;
      DECLARE @p3 Int32 = 0;
      
      SELECT 
T0.[ID] AS [Id],
T0.[CostingPartID] AS [CostingPartId],
T0.[BalloonNo] AS [BalloonNo],
T0.[PageNumber] AS [PageNumber],
T0.[CenterX] AS [CenterX],
T0.[CenterY] AS [CenterY],
T0.[BalloonColor] AS [BalloonColor],
T0.[BalloonSize] AS [BalloonSize],
T0.[BBoxX1] AS [BBoxX1],
T0.[BBoxY1] AS [BBoxY1],
T0.[BBoxX2] AS [BBoxX2],
T0.[BBoxY2] AS [BBoxY2],
T0.[Symbol] AS [Symbol],
T0.[OriginalSymbol] AS [OriginalSymbol],
T0.[FeatureSymbolID] AS [FeatureSymbolId],
T0.[UpperTol] AS [UpperTol],
T0.[LowerTol] AS [LowerTol],
T0.[InspectionToolID] AS [InspectionToolId],
T0.[ToleranceStandard] AS [ToleranceStandard],
T0.[Multiplier] AS [Multiplier],
T0.[Section] AS [Section],
T0.[GridStart] AS [GridStart],
T0.[GridEnd] AS [GridEnd],
T0.[IsNote] AS [IsNote],
T0.[IsDatum] AS [IsDatum],
T0.[Manual] AS [Manual],
T0.[RemovedByUser] AS [RemovedByUser],
T0.[InsertUserId] AS [InsertUserId],
T0.[InsertDate] AS [InsertDate],
T0.[UpdateUserId] AS [UpdateUserId],
T0.[UpdateDate] AS [UpdateDate],
T0.[DeleteUserId] AS [DeleteUserId],
T0.[DeleteDate] AS [DeleteDate],
T0.[IsActive] AS [IsActive] 
FROM [CostingPartBalloons] T0 
WHERE (((T0.[IsActive] = @p1) AND (T0.[CostingPartID] = @p2))) AND (T0.[IsActive] >= @p3) 
ORDER BY T0.[BalloonNo], T0.[ID]
      
dbug: Serenity.Data.ISqlConnections[0]
      SQL - ExecuteReader[1680510] - END - 8 ms
dbug: Serenity.Data.ISqlConnections[0]
      SQL - ExecuteReader[16450016] - START
DECLARE @p1 Int16 = 1;
      DECLARE @p2 Int32 = 20;
      DECLARE @p3 Int32 = 0;
      
      SELECT 
T0.[ID] AS [Id],
T0.[CostingPartID] AS [CostingPartId],
T0.[PageNumber] AS [PageNumber],
T0.[MaskX1] AS [MaskX1],
T0.[MaskY1] AS [MaskY1],
T0.[MaskX2] AS [MaskX2],
T0.[MaskY2] AS [MaskY2],
T0.[InsertUserId] AS [InsertUserId],
T0.[InsertDate] AS [InsertDate],
T0.[UpdateUserId] AS [UpdateUserId],
T0.[UpdateDate] AS [UpdateDate],
T0.[DeleteUserId] AS [DeleteUserId],
T0.[DeleteDate] AS [DeleteDate],
T0.[IsActive] AS [IsActive] 
FROM [CostingPartBalloonMaskZones] T0 
WHERE (((T0.[IsActive] = @p1) AND (T0.[CostingPartID] = @p2))) AND (T0.[IsActive] >= @p3) 
ORDER BY T0.[ID]
      
dbug: Serenity.Data.ISqlConnections[0]
      SQL - ExecuteReader[16450016] - END - 8 ms
dbug: Serenity.Data.ISqlConnections[0]
      SQL - ExecuteReader[50009096] - START
DECLARE @p1 Int32 = 20;
      
      SELECT 
T0.[ID] AS [Id],
T0.[PartNumber] AS [PartNumber],
T0.[Revision] AS [Revision],
T0.[Description] AS [Description],
T0.[Length] AS [Length],
T0.[Width] AS [Width],
T0.[Height] AS [Height],
T0.[DimensionUnitID] AS [DimensionUnitId],
T0.[PartPicture] AS [PartPicture],
T0.[CostingMachineName] AS [CostingMachineName],
T0.[CostingMachineID] AS [CostingMachineId],
T0.[CostingMachineID2] AS [CostingMachineId2],
T0.[CostingMachineSupplierID] AS [CostingMachineSupplierId],
T0.[ProcessingMode] AS [ProcessingMode],
T0.[MaterialID] AS [MaterialId],
T0.[MaterialTemperID] AS [MaterialTemperId],
T0.[GrossVolume] AS [GrossVolume],
T0.[NetVolume] AS [NetVolume],
T0.[VolumeUnitID] AS [VolumeUnitId],
T0.[VolumeUnit] AS [VolumeUnit],
jVolume.[Code] AS [VolumeUnitCode],
T0.[GrossWeight] AS [GrossWeight],
T0.[NetWeight] AS [NetWeight],
T0.[WeightUnitID] AS [WeightUnitId],
T0.[WeightUnit] AS [WeightUnit],
jWeight.[Code] AS [WeightUnitCode],
T0.[NumberOfFace] AS [NumberOfFace],
T0.[NumberOfHole] AS [NumberOfHole],
T0.[ProcessRecommendations] AS [ProcessRecommendations],
T0.[QualityControlNotes] AS [QualityControlNotes],
T0.ID AS [CostingPartDocumentView],
jCostingPartDocumentView.[DocumentList] AS [DocumentList],
T0.[CompanyID] AS [CompanyId],
jCompany.[Name] AS [CompanyName],
T0.[GroupID] AS [GroupId],
jGroup.[Name] AS [GroupName],
T0.[DrawingConversionStatusID] AS [DrawingConversionStatusId],
jDrawingConversionStatus.[Name] AS [DrawingConversionStatusName],
jDrawingConversionStatus.[Color] AS [DrawingConversionStatusColor],
T0.[OcrStatusID] AS [OcrStatusId],
jOcrStatus.[Name] AS [OcrStatusName],
jOcrStatus.[Color] AS [OcrStatusColor],
T0.[CostingStatusID] AS [CostingStatusId],
jCostingStatus.[Name] AS [CostingStatusName],
jCostingStatus.[Color] AS [CostingStatusColor],
T0.[BalloonStatusID] AS [BalloonStatusId],
jBalloonStatus.[Name] AS [BalloonStatusName],
jBalloonStatus.[Color] AS [BalloonStatusColor],
T0.[CustomerName] AS [CustomerName],
T0.[Uom] AS [Uom],
T0.[Material] AS [Material],
T0.[InsertUserId] AS [InsertUserId],
T0.[InsertDate] AS [InsertDate],
jIUId.DisplayName AS [InsertBy],
T0.[UpdateUserId] AS [UpdateUserId],
T0.[UpdateDate] AS [UpdateDate],
jUUId.DisplayName AS [UpdateBy],
T0.[DeleteUserId] AS [DeleteUserId],
T0.[DeleteDate] AS [DeleteDate],
jDUId.DisplayName AS [DeleteBy],
T0.[IsActive] AS [IsActive] 
FROM [CostingParts] T0 
LEFT JOIN [MasterVolumeUnits] jVolume ON (jVolume.[ID] = T0.[VolumeUnitID]) 
LEFT JOIN [MasterWeightUnits] jWeight ON (jWeight.[ID] = T0.[WeightUnitID]) 
LEFT JOIN [CostingPartDocumentView] jCostingPartDocumentView ON (jCostingPartDocumentView.[CostingPartID] = T0.ID) 
LEFT JOIN [Companies] jCompany ON (jCompany.[ID] = T0.[CompanyID]) 
LEFT JOIN [Groups] jGroup ON (jGroup.[ID] = T0.[GroupID]) 
LEFT JOIN [MasterCostingStatus] jDrawingConversionStatus ON (jDrawingConversionStatus.[ID] = T0.[DrawingConversionStatusID]) 
LEFT JOIN [MasterCostingStatus] jOcrStatus ON (jOcrStatus.[ID] = T0.[OcrStatusID]) 
LEFT JOIN [MasterCostingStatus] jCostingStatus ON (jCostingStatus.[ID] = T0.[CostingStatusID]) 
LEFT JOIN [MasterCostingStatus] jBalloonStatus ON (jBalloonStatus.[ID] = T0.[BalloonStatusID]) 
LEFT JOIN [Users] jIUId ON (jIUId.[UserId] = T0.[InsertUserId]) 
LEFT JOIN [Users] jUUId ON (jUUId.[UserId] = T0.[UpdateUserId]) 
LEFT JOIN [Users] jDUId ON (jDUId.[UserId] = T0.[DeleteUserId]) 
WHERE (T0.[ID] = @p1)
      
dbug: Serenity.Data.ISqlConnections[0]
      SQL - ExecuteReader[50009096] - END - 7 ms
info: Serenity.Pro.EmailQueue.EmailQueueJob[0]
      Executing periodic job: EmailQueueJob.
dbug: Serenity.Data.ISqlConnections[0]
      SQL - ExecuteReader[981199] - START
DECLARE @p1 Int32 = 0;
      DECLARE @p2 Int32 = 5;
      DECLARE @p3 DateTime2 = '2026-09-07T21:45:39.194';
      
      SELECT TOP 10 
T0.[MailId] AS [MailId],
T0.[LockExpiration] AS [LockExpiration] 
FROM [Mail] T0 
WHERE (((T0.[Status] = @p1) AND (T0.[RetryCount] < @p2)) AND (T0.[LockExpiration] < @p3)) 
ORDER BY T0.[Priority], T0.[RetryCount], T0.[MailId]
      
dbug: Serenity.Data.ISqlConnections[0]
      SQL - ExecuteReader[981199] - END - 7 ms
info: Serenity.Pro.EmailQueue.EmailQueueJob[0]
      Done executing periodic job: EmailQueueJob
Calling
Drawing/20/Image/0023-17701-03-01-110-01-01_Page_7.png
dbug: Serenity.Data.ISqlConnections[0]
      SQL - ExecuteReader[19969897] - START
DECLARE @p1 Int16 = 1;
      DECLARE @p2 Int32 = 20;
      DECLARE @p3 Int32 = 0;
      
      SELECT 
T0.[ID] AS [Id],
T0.[CostingPartID] AS [CostingPartId],
T0.[BalloonNo] AS [BalloonNo],
T0.[PageNumber] AS [PageNumber],
T0.[CenterX] AS [CenterX],
T0.[CenterY] AS [CenterY],
T0.[BalloonColor] AS [BalloonColor],
T0.[BalloonSize] AS [BalloonSize],
T0.[BBoxX1] AS [BBoxX1],
T0.[BBoxY1] AS [BBoxY1],
T0.[BBoxX2] AS [BBoxX2],
T0.[BBoxY2] AS [BBoxY2],
T0.[Symbol] AS [Symbol],
T0.[OriginalSymbol] AS [OriginalSymbol],
T0.[FeatureSymbolID] AS [FeatureSymbolId],
T0.[UpperTol] AS [UpperTol],
T0.[LowerTol] AS [LowerTol],
T0.[InspectionToolID] AS [InspectionToolId],
T0.[ToleranceStandard] AS [ToleranceStandard],
T0.[Multiplier] AS [Multiplier],
T0.[Section] AS [Section],
T0.[GridStart] AS [GridStart],
T0.[GridEnd] AS [GridEnd],
T0.[IsNote] AS [IsNote],
T0.[IsDatum] AS [IsDatum],
T0.[Manual] AS [Manual],
T0.[RemovedByUser] AS [RemovedByUser],
T0.[InsertUserId] AS [InsertUserId],
T0.[InsertDate] AS [InsertDate],
T0.[UpdateUserId] AS [UpdateUserId],
T0.[UpdateDate] AS [UpdateDate],
T0.[DeleteUserId] AS [DeleteUserId],
T0.[DeleteDate] AS [DeleteDate],
T0.[IsActive] AS [IsActive] 
FROM [CostingPartBalloons] T0 
WHERE (((T0.[IsActive] = @p1) AND (T0.[CostingPartID] = @p2))) AND (T0.[IsActive] >= @p3) 
ORDER BY T0.[BalloonNo], T0.[ID]
      
dbug: Serenity.Data.ISqlConnections[0]
      SQL - ExecuteReader[48997524] - START
DECLARE @p1 Int32 = 20;
      
      SELECT 
T0.[ID] AS [Id],
T0.[PartNumber] AS [PartNumber],
T0.[Revision] AS [Revision],
T0.[Description] AS [Description],
T0.[Length] AS [Length],
T0.[Width] AS [Width],
T0.[Height] AS [Height],
T0.[DimensionUnitID] AS [DimensionUnitId],
T0.[PartPicture] AS [PartPicture],
T0.[CostingMachineName] AS [CostingMachineName],
T0.[CostingMachineID] AS [CostingMachineId],
T0.[CostingMachineID2] AS [CostingMachineId2],
T0.[CostingMachineSupplierID] AS [CostingMachineSupplierId],
T0.[ProcessingMode] AS [ProcessingMode],
T0.[MaterialID] AS [MaterialId],
T0.[MaterialTemperID] AS [MaterialTemperId],
T0.[GrossVolume] AS [GrossVolume],
T0.[NetVolume] AS [NetVolume],
T0.[VolumeUnitID] AS [VolumeUnitId],
T0.[VolumeUnit] AS [VolumeUnit],
jVolume.[Code] AS [VolumeUnitCode],
T0.[GrossWeight] AS [GrossWeight],
T0.[NetWeight] AS [NetWeight],
T0.[WeightUnitID] AS [WeightUnitId],
T0.[WeightUnit] AS [WeightUnit],
jWeight.[Code] AS [WeightUnitCode],
T0.[NumberOfFace] AS [NumberOfFace],
T0.[NumberOfHole] AS [NumberOfHole],
T0.[ProcessRecommendations] AS [ProcessRecommendations],
T0.[QualityControlNotes] AS [QualityControlNotes],
T0.ID AS [CostingPartDocumentView],
jCostingPartDocumentView.[DocumentList] AS [DocumentList],
T0.[CompanyID] AS [CompanyId],
jCompany.[Name] AS [CompanyName],
T0.[GroupID] AS [GroupId],
jGroup.[Name] AS [GroupName],
T0.[DrawingConversionStatusID] AS [DrawingConversionStatusId],
jDrawingConversionStatus.[Name] AS [DrawingConversionStatusName],
jDrawingConversionStatus.[Color] AS [DrawingConversionStatusColor],
T0.[OcrStatusID] AS [OcrStatusId],
jOcrStatus.[Name] AS [OcrStatusName],
jOcrStatus.[Color] AS [OcrStatusColor],
T0.[CostingStatusID] AS [CostingStatusId],
jCostingStatus.[Name] AS [CostingStatusName],
jCostingStatus.[Color] AS [CostingStatusColor],
T0.[BalloonStatusID] AS [BalloonStatusId],
jBalloonStatus.[Name] AS [BalloonStatusName],
jBalloonStatus.[Color] AS [BalloonStatusColor],
T0.[CustomerName] AS [CustomerName],
T0.[Uom] AS [Uom],
T0.[Material] AS [Material],
T0.[InsertUserId] AS [InsertUserId],
T0.[InsertDate] AS [InsertDate],
jIUId.DisplayName AS [InsertBy],
T0.[UpdateUserId] AS [UpdateUserId],
T0.[UpdateDate] AS [UpdateDate],
jUUId.DisplayName AS [UpdateBy],
T0.[DeleteUserId] AS [DeleteUserId],
T0.[DeleteDate] AS [DeleteDate],
jDUId.DisplayName AS [DeleteBy],
T0.[IsActive] AS [IsActive] 
FROM [CostingParts] T0 
LEFT JOIN [MasterVolumeUnits] jVolume ON (jVolume.[ID] = T0.[VolumeUnitID]) 
LEFT JOIN [MasterWeightUnits] jWeight ON (jWeight.[ID] = T0.[WeightUnitID]) 
LEFT JOIN [CostingPartDocumentView] jCostingPartDocumentView ON (jCostingPartDocumentView.[CostingPartID] = T0.ID) 
LEFT JOIN [Companies] jCompany ON (jCompany.[ID] = T0.[CompanyID]) 
LEFT JOIN [Groups] jGroup ON (jGroup.[ID] = T0.[GroupID]) 
LEFT JOIN [MasterCostingStatus] jDrawingConversionStatus ON (jDrawingConversionStatus.[ID] = T0.[DrawingConversionStatusID]) 
LEFT JOIN [MasterCostingStatus] jOcrStatus ON (jOcrStatus.[ID] = T0.[OcrStatusID]) 
LEFT JOIN [MasterCostingStatus] jCostingStatus ON (jCostingStatus.[ID] = T0.[CostingStatusID]) 
LEFT JOIN [MasterCostingStatus] jBalloonStatus ON (jBalloonStatus.[ID] = T0.[BalloonStatusID]) 
LEFT JOIN [Users] jIUId ON (jIUId.[UserId] = T0.[InsertUserId]) 
LEFT JOIN [Users] jUUId ON (jUUId.[UserId] = T0.[UpdateUserId]) 
LEFT JOIN [Users] jDUId ON (jDUId.[UserId] = T0.[DeleteUserId]) 
WHERE (T0.[ID] = @p1)
      
dbug: Serenity.Data.ISqlConnections[0]
      SQL - ExecuteReader[48997524] - END - 19 ms
dbug: Serenity.Data.ISqlConnections[0]
      SQL - ExecuteReader[19969897] - END - 21 ms
dbug: Serenity.Data.ISqlConnections[0]
      SQL - ExecuteReader[38331070] - START
DECLARE @p1 Int16 = 1;
      DECLARE @p2 Int32 = 20;
      DECLARE @p3 Int32 = 0;
      
      SELECT 
T0.[ID] AS [Id],
T0.[CostingPartID] AS [CostingPartId],
T0.[PageNumber] AS [PageNumber],
T0.[MaskX1] AS [MaskX1],
T0.[MaskY1] AS [MaskY1],
T0.[MaskX2] AS [MaskX2],
T0.[MaskY2] AS [MaskY2],
T0.[InsertUserId] AS [InsertUserId],
T0.[InsertDate] AS [InsertDate],
T0.[UpdateUserId] AS [UpdateUserId],
T0.[UpdateDate] AS [UpdateDate],
T0.[DeleteUserId] AS [DeleteUserId],
T0.[DeleteDate] AS [DeleteDate],
T0.[IsActive] AS [IsActive] 
FROM [CostingPartBalloonMaskZones] T0 
WHERE (((T0.[IsActive] = @p1) AND (T0.[CostingPartID] = @p2))) AND (T0.[IsActive] >= @p3) 
ORDER BY T0.[ID]
      
dbug: Serenity.Data.ISqlConnections[0]
      SQL - ExecuteReader[38331070] - END - 17 ms
info: Serenity.Pro.EmailQueue.EmailQueueJob[0]
      Executing periodic job: EmailQueueJob.
dbug: Serenity.Data.ISqlConnections[0]
      SQL - ExecuteReader[14713020] - START
DECLARE @p1 Int32 = 0;
      DECLARE @p2 Int32 = 5;
      DECLARE @p3 DateTime2 = '2026-09-07T21:46:19.186';
      
      SELECT TOP 10 
T0.[MailId] AS [MailId],
T0.[LockExpiration] AS [LockExpiration] 
FROM [Mail] T0 
WHERE (((T0.[Status] = @p1) AND (T0.[RetryCount] < @p2)) AND (T0.[LockExpiration] < @p3)) 
ORDER BY T0.[Priority], T0.[RetryCount], T0.[MailId]
      
dbug: Serenity.Data.ISqlConnections[0]
      SQL - ExecuteReader[14713020] - END - 10 ms
info: Serenity.Pro.EmailQueue.EmailQueueJob[0]
      Done executing periodic job: EmailQueueJob
Calling
Drawing/20/Image/0023-17701-03-01-110-01-01_Page_8.png
dbug: Serenity.Data.ISqlConnections[0]
      SQL - ExecuteReader[53218793] - START
DECLARE @p1 Int16 = 1;
      DECLARE @p2 Int32 = 20;
      DECLARE @p3 Int32 = 0;
      
      SELECT 
T0.[ID] AS [Id],
T0.[CostingPartID] AS [CostingPartId],
T0.[BalloonNo] AS [BalloonNo],
T0.[PageNumber] AS [PageNumber],
T0.[CenterX] AS [CenterX],
T0.[CenterY] AS [CenterY],
T0.[BalloonColor] AS [BalloonColor],
T0.[BalloonSize] AS [BalloonSize],
T0.[BBoxX1] AS [BBoxX1],
T0.[BBoxY1] AS [BBoxY1],
T0.[BBoxX2] AS [BBoxX2],
T0.[BBoxY2] AS [BBoxY2],
T0.[Symbol] AS [Symbol],
T0.[OriginalSymbol] AS [OriginalSymbol],
T0.[FeatureSymbolID] AS [FeatureSymbolId],
T0.[UpperTol] AS [UpperTol],
T0.[LowerTol] AS [LowerTol],
T0.[InspectionToolID] AS [InspectionToolId],
T0.[ToleranceStandard] AS [ToleranceStandard],
T0.[Multiplier] AS [Multiplier],
T0.[Section] AS [Section],
T0.[GridStart] AS [GridStart],
T0.[GridEnd] AS [GridEnd],
T0.[IsNote] AS [IsNote],
T0.[IsDatum] AS [IsDatum],
T0.[Manual] AS [Manual],
T0.[RemovedByUser] AS [RemovedByUser],
T0.[InsertUserId] AS [InsertUserId],
T0.[InsertDate] AS [InsertDate],
T0.[UpdateUserId] AS [UpdateUserId],
T0.[UpdateDate] AS [UpdateDate],
T0.[DeleteUserId] AS [DeleteUserId],
T0.[DeleteDate] AS [DeleteDate],
T0.[IsActive] AS [IsActive] 
FROM [CostingPartBalloons] T0 
WHERE (((T0.[IsActive] = @p1) AND (T0.[CostingPartID] = @p2))) AND (T0.[IsActive] >= @p3) 
ORDER BY T0.[BalloonNo], T0.[ID]
      
dbug: Serenity.Data.ISqlConnections[0]
      SQL - ExecuteReader[39727167] - START
DECLARE @p1 Int32 = 20;
      
      SELECT 
T0.[ID] AS [Id],
T0.[PartNumber] AS [PartNumber],
T0.[Revision] AS [Revision],
T0.[Description] AS [Description],
T0.[Length] AS [Length],
T0.[Width] AS [Width],
T0.[Height] AS [Height],
T0.[DimensionUnitID] AS [DimensionUnitId],
T0.[PartPicture] AS [PartPicture],
T0.[CostingMachineName] AS [CostingMachineName],
T0.[CostingMachineID] AS [CostingMachineId],
T0.[CostingMachineID2] AS [CostingMachineId2],
T0.[CostingMachineSupplierID] AS [CostingMachineSupplierId],
T0.[ProcessingMode] AS [ProcessingMode],
T0.[MaterialID] AS [MaterialId],
T0.[MaterialTemperID] AS [MaterialTemperId],
T0.[GrossVolume] AS [GrossVolume],
T0.[NetVolume] AS [NetVolume],
T0.[VolumeUnitID] AS [VolumeUnitId],
T0.[VolumeUnit] AS [VolumeUnit],
jVolume.[Code] AS [VolumeUnitCode],
T0.[GrossWeight] AS [GrossWeight],
T0.[NetWeight] AS [NetWeight],
T0.[WeightUnitID] AS [WeightUnitId],
T0.[WeightUnit] AS [WeightUnit],
jWeight.[Code] AS [WeightUnitCode],
T0.[NumberOfFace] AS [NumberOfFace],
T0.[NumberOfHole] AS [NumberOfHole],
T0.[ProcessRecommendations] AS [ProcessRecommendations],
T0.[QualityControlNotes] AS [QualityControlNotes],
T0.ID AS [CostingPartDocumentView],
jCostingPartDocumentView.[DocumentList] AS [DocumentList],
T0.[CompanyID] AS [CompanyId],
jCompany.[Name] AS [CompanyName],
T0.[GroupID] AS [GroupId],
jGroup.[Name] AS [GroupName],
T0.[DrawingConversionStatusID] AS [DrawingConversionStatusId],
jDrawingConversionStatus.[Name] AS [DrawingConversionStatusName],
jDrawingConversionStatus.[Color] AS [DrawingConversionStatusColor],
T0.[OcrStatusID] AS [OcrStatusId],
jOcrStatus.[Name] AS [OcrStatusName],
jOcrStatus.[Color] AS [OcrStatusColor],
T0.[CostingStatusID] AS [CostingStatusId],
jCostingStatus.[Name] AS [CostingStatusName],
jCostingStatus.[Color] AS [CostingStatusColor],
T0.[BalloonStatusID] AS [BalloonStatusId],
jBalloonStatus.[Name] AS [BalloonStatusName],
jBalloonStatus.[Color] AS [BalloonStatusColor],
T0.[CustomerName] AS [CustomerName],
T0.[Uom] AS [Uom],
T0.[Material] AS [Material],
T0.[InsertUserId] AS [InsertUserId],
T0.[InsertDate] AS [InsertDate],
jIUId.DisplayName AS [InsertBy],
T0.[UpdateUserId] AS [UpdateUserId],
T0.[UpdateDate] AS [UpdateDate],
jUUId.DisplayName AS [UpdateBy],
T0.[DeleteUserId] AS [DeleteUserId],
T0.[DeleteDate] AS [DeleteDate],
jDUId.DisplayName AS [DeleteBy],
T0.[IsActive] AS [IsActive] 
FROM [CostingParts] T0 
LEFT JOIN [MasterVolumeUnits] jVolume ON (jVolume.[ID] = T0.[VolumeUnitID]) 
LEFT JOIN [MasterWeightUnits] jWeight ON (jWeight.[ID] = T0.[WeightUnitID]) 
LEFT JOIN [CostingPartDocumentView] jCostingPartDocumentView ON (jCostingPartDocumentView.[CostingPartID] = T0.ID) 
LEFT JOIN [Companies] jCompany ON (jCompany.[ID] = T0.[CompanyID]) 
LEFT JOIN [Groups] jGroup ON (jGroup.[ID] = T0.[GroupID]) 
LEFT JOIN [MasterCostingStatus] jDrawingConversionStatus ON (jDrawingConversionStatus.[ID] = T0.[DrawingConversionStatusID]) 
LEFT JOIN [MasterCostingStatus] jOcrStatus ON (jOcrStatus.[ID] = T0.[OcrStatusID]) 
LEFT JOIN [MasterCostingStatus] jCostingStatus ON (jCostingStatus.[ID] = T0.[CostingStatusID]) 
LEFT JOIN [MasterCostingStatus] jBalloonStatus ON (jBalloonStatus.[ID] = T0.[BalloonStatusID]) 
LEFT JOIN [Users] jIUId ON (jIUId.[UserId] = T0.[InsertUserId]) 
LEFT JOIN [Users] jUUId ON (jUUId.[UserId] = T0.[UpdateUserId]) 
LEFT JOIN [Users] jDUId ON (jDUId.[UserId] = T0.[DeleteUserId]) 
WHERE (T0.[ID] = @p1)
      
dbug: Serenity.Data.ISqlConnections[0]
      SQL - ExecuteReader[39727167] - END - 7 ms
dbug: Serenity.Data.ISqlConnections[0]
      SQL - ExecuteReader[53218793] - END - 7 ms
dbug: Serenity.Data.ISqlConnections[0]
      SQL - ExecuteReader[17670512] - START
DECLARE @p1 Int16 = 1;
      DECLARE @p2 Int32 = 20;
      DECLARE @p3 Int32 = 0;
      
      SELECT 
T0.[ID] AS [Id],
T0.[CostingPartID] AS [CostingPartId],
T0.[PageNumber] AS [PageNumber],
T0.[MaskX1] AS [MaskX1],
T0.[MaskY1] AS [MaskY1],
T0.[MaskX2] AS [MaskX2],
T0.[MaskY2] AS [MaskY2],
T0.[InsertUserId] AS [InsertUserId],
T0.[InsertDate] AS [InsertDate],
T0.[UpdateUserId] AS [UpdateUserId],
T0.[UpdateDate] AS [UpdateDate],
T0.[DeleteUserId] AS [DeleteUserId],
T0.[DeleteDate] AS [DeleteDate],
T0.[IsActive] AS [IsActive] 
FROM [CostingPartBalloonMaskZones] T0 
WHERE (((T0.[IsActive] = @p1) AND (T0.[CostingPartID] = @p2))) AND (T0.[IsActive] >= @p3) 
ORDER BY T0.[ID]
      
dbug: Serenity.Data.ISqlConnections[0]
      SQL - ExecuteReader[17670512] - END - 7 ms
info: Serenity.Pro.EmailQueue.EmailQueueJob[0]
      Executing periodic job: EmailQueueJob.
dbug: Serenity.Data.ISqlConnections[0]
      SQL - ExecuteReader[4206408] - START
DECLARE @p1 Int32 = 0;
      DECLARE @p2 Int32 = 5;
      DECLARE @p3 DateTime2 = '2026-09-07T21:46:49.195';
      
      SELECT TOP 10 
T0.[MailId] AS [MailId],
T0.[LockExpiration] AS [LockExpiration] 
FROM [Mail] T0 
WHERE (((T0.[Status] = @p1) AND (T0.[RetryCount] < @p2)) AND (T0.[LockExpiration] < @p3)) 
ORDER BY T0.[Priority], T0.[RetryCount], T0.[MailId]
      
dbug: Serenity.Data.ISqlConnections[0]
      SQL - ExecuteReader[4206408] - END - 16 ms
info: Serenity.Pro.EmailQueue.EmailQueueJob[0]
      Done executing periodic job: EmailQueueJob
Calling
Drawing/20/Image/0023-17701-03-01-110-01-01_Page_9.png
dbug: Serenity.Data.ISqlConnections[0]
      SQL - ExecuteReader[7342731] - START
DECLARE @p1 Int32 = 20;
      
      SELECT 
T0.[ID] AS [Id],
T0.[PartNumber] AS [PartNumber],
T0.[Revision] AS [Revision],
T0.[Description] AS [Description],
T0.[Length] AS [Length],
T0.[Width] AS [Width],
T0.[Height] AS [Height],
T0.[DimensionUnitID] AS [DimensionUnitId],
T0.[PartPicture] AS [PartPicture],
T0.[CostingMachineName] AS [CostingMachineName],
T0.[CostingMachineID] AS [CostingMachineId],
T0.[CostingMachineID2] AS [CostingMachineId2],
T0.[CostingMachineSupplierID] AS [CostingMachineSupplierId],
T0.[ProcessingMode] AS [ProcessingMode],
T0.[MaterialID] AS [MaterialId],
T0.[MaterialTemperID] AS [MaterialTemperId],
T0.[GrossVolume] AS [GrossVolume],
T0.[NetVolume] AS [NetVolume],
T0.[VolumeUnitID] AS [VolumeUnitId],
T0.[VolumeUnit] AS [VolumeUnit],
jVolume.[Code] AS [VolumeUnitCode],
T0.[GrossWeight] AS [GrossWeight],
T0.[NetWeight] AS [NetWeight],
T0.[WeightUnitID] AS [WeightUnitId],
T0.[WeightUnit] AS [WeightUnit],
jWeight.[Code] AS [WeightUnitCode],
T0.[NumberOfFace] AS [NumberOfFace],
T0.[NumberOfHole] AS [NumberOfHole],
T0.[ProcessRecommendations] AS [ProcessRecommendations],
T0.[QualityControlNotes] AS [QualityControlNotes],
T0.ID AS [CostingPartDocumentView],
jCostingPartDocumentView.[DocumentList] AS [DocumentList],
T0.[CompanyID] AS [CompanyId],
jCompany.[Name] AS [CompanyName],
T0.[GroupID] AS [GroupId],
jGroup.[Name] AS [GroupName],
T0.[DrawingConversionStatusID] AS [DrawingConversionStatusId],
jDrawingConversionStatus.[Name] AS [DrawingConversionStatusName],
jDrawingConversionStatus.[Color] AS [DrawingConversionStatusColor],
T0.[OcrStatusID] AS [OcrStatusId],
jOcrStatus.[Name] AS [OcrStatusName],
jOcrStatus.[Color] AS [OcrStatusColor],
T0.[CostingStatusID] AS [CostingStatusId],
jCostingStatus.[Name] AS [CostingStatusName],
jCostingStatus.[Color] AS [CostingStatusColor],
T0.[BalloonStatusID] AS [BalloonStatusId],
jBalloonStatus.[Name] AS [BalloonStatusName],
jBalloonStatus.[Color] AS [BalloonStatusColor],
T0.[CustomerName] AS [CustomerName],
T0.[Uom] AS [Uom],
T0.[Material] AS [Material],
T0.[InsertUserId] AS [InsertUserId],
T0.[InsertDate] AS [InsertDate],
jIUId.DisplayName AS [InsertBy],
T0.[UpdateUserId] AS [UpdateUserId],
T0.[UpdateDate] AS [UpdateDate],
jUUId.DisplayName AS [UpdateBy],
T0.[DeleteUserId] AS [DeleteUserId],
T0.[DeleteDate] AS [DeleteDate],
jDUId.DisplayName AS [DeleteBy],
T0.[IsActive] AS [IsActive] 
FROM [CostingParts] T0 
LEFT JOIN [MasterVolumeUnits] jVolume ON (jVolume.[ID] = T0.[VolumeUnitID]) 
LEFT JOIN [MasterWeightUnits] jWeight ON (jWeight.[ID] = T0.[WeightUnitID]) 
LEFT JOIN [CostingPartDocumentView] jCostingPartDocumentView ON (jCostingPartDocumentView.[CostingPartID] = T0.ID) 
LEFT JOIN [Companies] jCompany ON (jCompany.[ID] = T0.[CompanyID]) 
LEFT JOIN [Groups] jGroup ON (jGroup.[ID] = T0.[GroupID]) 
LEFT JOIN [MasterCostingStatus] jDrawingConversionStatus ON (jDrawingConversionStatus.[ID] = T0.[DrawingConversionStatusID]) 
LEFT JOIN [MasterCostingStatus] jOcrStatus ON (jOcrStatus.[ID] = T0.[OcrStatusID]) 
LEFT JOIN [MasterCostingStatus] jCostingStatus ON (jCostingStatus.[ID] = T0.[CostingStatusID]) 
LEFT JOIN [MasterCostingStatus] jBalloonStatus ON (jBalloonStatus.[ID] = T0.[BalloonStatusID]) 
LEFT JOIN [Users] jIUId ON (jIUId.[UserId] = T0.[InsertUserId]) 
LEFT JOIN [Users] jUUId ON (jUUId.[UserId] = T0.[UpdateUserId]) 
LEFT JOIN [Users] jDUId ON (jDUId.[UserId] = T0.[DeleteUserId]) 
WHERE (T0.[ID] = @p1)
      
dbug: Serenity.Data.ISqlConnections[0]
      SQL - ExecuteReader[44043290] - START
DECLARE @p1 Int16 = 1;
      DECLARE @p2 Int32 = 20;
      DECLARE @p3 Int32 = 0;
      
      SELECT 
T0.[ID] AS [Id],
T0.[CostingPartID] AS [CostingPartId],
T0.[BalloonNo] AS [BalloonNo],
T0.[PageNumber] AS [PageNumber],
T0.[CenterX] AS [CenterX],
T0.[CenterY] AS [CenterY],
T0.[BalloonColor] AS [BalloonColor],
T0.[BalloonSize] AS [BalloonSize],
T0.[BBoxX1] AS [BBoxX1],
T0.[BBoxY1] AS [BBoxY1],
T0.[BBoxX2] AS [BBoxX2],
T0.[BBoxY2] AS [BBoxY2],
T0.[Symbol] AS [Symbol],
T0.[OriginalSymbol] AS [OriginalSymbol],
T0.[FeatureSymbolID] AS [FeatureSymbolId],
T0.[UpperTol] AS [UpperTol],
T0.[LowerTol] AS [LowerTol],
T0.[InspectionToolID] AS [InspectionToolId],
T0.[ToleranceStandard] AS [ToleranceStandard],
T0.[Multiplier] AS [Multiplier],
T0.[Section] AS [Section],
T0.[GridStart] AS [GridStart],
T0.[GridEnd] AS [GridEnd],
T0.[IsNote] AS [IsNote],
T0.[IsDatum] AS [IsDatum],
T0.[Manual] AS [Manual],
T0.[RemovedByUser] AS [RemovedByUser],
T0.[InsertUserId] AS [InsertUserId],
T0.[InsertDate] AS [InsertDate],
T0.[UpdateUserId] AS [UpdateUserId],
T0.[UpdateDate] AS [UpdateDate],
T0.[DeleteUserId] AS [DeleteUserId],
T0.[DeleteDate] AS [DeleteDate],
T0.[IsActive] AS [IsActive] 
FROM [CostingPartBalloons] T0 
WHERE (((T0.[IsActive] = @p1) AND (T0.[CostingPartID] = @p2))) AND (T0.[IsActive] >= @p3) 
ORDER BY T0.[BalloonNo], T0.[ID]
      
dbug: Serenity.Data.ISqlConnections[0]
      SQL - ExecuteReader[7342731] - END - 9 ms
dbug: Serenity.Data.ISqlConnections[0]
      SQL - ExecuteReader[44043290] - END - 16 ms
dbug: Serenity.Data.ISqlConnections[0]
      SQL - ExecuteReader[35066657] - START
DECLARE @p1 Int16 = 1;
      DECLARE @p2 Int32 = 20;
      DECLARE @p3 Int32 = 0;
      
      SELECT 
T0.[ID] AS [Id],
T0.[CostingPartID] AS [CostingPartId],
T0.[PageNumber] AS [PageNumber],
T0.[MaskX1] AS [MaskX1],
T0.[MaskY1] AS [MaskY1],
T0.[MaskX2] AS [MaskX2],
T0.[MaskY2] AS [MaskY2],
T0.[InsertUserId] AS [InsertUserId],
T0.[InsertDate] AS [InsertDate],
T0.[UpdateUserId] AS [UpdateUserId],
T0.[UpdateDate] AS [UpdateDate],
T0.[DeleteUserId] AS [DeleteUserId],
T0.[DeleteDate] AS [DeleteDate],
T0.[IsActive] AS [IsActive] 
FROM [CostingPartBalloonMaskZones] T0 
WHERE (((T0.[IsActive] = @p1) AND (T0.[CostingPartID] = @p2))) AND (T0.[IsActive] >= @p3) 
ORDER BY T0.[ID]
      
dbug: Serenity.Data.ISqlConnections[0]
      SQL - ExecuteReader[35066657] - END - 7 ms
dbug: Serenity.Data.ISqlConnections[0]
      SQL - ExecuteReader[40932414] - START
DECLARE @p1 Int16 = 1;
      DECLARE @p2 Int32 = 20;
      DECLARE @p3 Int32 = 0;
      
      SELECT 
T0.[ID] AS [Id],
T0.[CostingPartID] AS [CostingPartId],
T0.[BalloonNo] AS [BalloonNo],
T0.[PageNumber] AS [PageNumber],
T0.[CenterX] AS [CenterX],
T0.[CenterY] AS [CenterY],
T0.[BalloonColor] AS [BalloonColor],
T0.[BalloonSize] AS [BalloonSize],
T0.[BBoxX1] AS [BBoxX1],
T0.[BBoxY1] AS [BBoxY1],
T0.[BBoxX2] AS [BBoxX2],
T0.[BBoxY2] AS [BBoxY2],
T0.[Symbol] AS [Symbol],
T0.[OriginalSymbol] AS [OriginalSymbol],
T0.[FeatureSymbolID] AS [FeatureSymbolId],
T0.[UpperTol] AS [UpperTol],
T0.[LowerTol] AS [LowerTol],
T0.[InspectionToolID] AS [InspectionToolId],
T0.[ToleranceStandard] AS [ToleranceStandard],
T0.[Multiplier] AS [Multiplier],
T0.[Section] AS [Section],
T0.[GridStart] AS [GridStart],
T0.[GridEnd] AS [GridEnd],
T0.[IsNote] AS [IsNote],
T0.[IsDatum] AS [IsDatum],
T0.[Manual] AS [Manual],
T0.[RemovedByUser] AS [RemovedByUser],
T0.[InsertUserId] AS [InsertUserId],
T0.[InsertDate] AS [InsertDate],
T0.[UpdateUserId] AS [UpdateUserId],
T0.[UpdateDate] AS [UpdateDate],
T0.[DeleteUserId] AS [DeleteUserId],
T0.[DeleteDate] AS [DeleteDate],
T0.[IsActive] AS [IsActive] 
FROM [CostingPartBalloons] T0 
WHERE (((T0.[IsActive] = @p1) AND (T0.[CostingPartID] = @p2))) AND (T0.[IsActive] >= @p3) 
ORDER BY T0.[BalloonNo], T0.[ID]
      
dbug: Serenity.Data.ISqlConnections[0]
      SQL - ExecuteReader[13172093] - START
DECLARE @p1 Int32 = 20;
      
      SELECT 
T0.[ID] AS [Id],
T0.[PartNumber] AS [PartNumber],
T0.[Revision] AS [Revision],
T0.[Description] AS [Description],
T0.[Length] AS [Length],
T0.[Width] AS [Width],
T0.[Height] AS [Height],
T0.[DimensionUnitID] AS [DimensionUnitId],
T0.[PartPicture] AS [PartPicture],
T0.[CostingMachineName] AS [CostingMachineName],
T0.[CostingMachineID] AS [CostingMachineId],
T0.[CostingMachineID2] AS [CostingMachineId2],
T0.[CostingMachineSupplierID] AS [CostingMachineSupplierId],
T0.[ProcessingMode] AS [ProcessingMode],
T0.[MaterialID] AS [MaterialId],
T0.[MaterialTemperID] AS [MaterialTemperId],
T0.[GrossVolume] AS [GrossVolume],
T0.[NetVolume] AS [NetVolume],
T0.[VolumeUnitID] AS [VolumeUnitId],
T0.[VolumeUnit] AS [VolumeUnit],
jVolume.[Code] AS [VolumeUnitCode],
T0.[GrossWeight] AS [GrossWeight],
T0.[NetWeight] AS [NetWeight],
T0.[WeightUnitID] AS [WeightUnitId],
T0.[WeightUnit] AS [WeightUnit],
jWeight.[Code] AS [WeightUnitCode],
T0.[NumberOfFace] AS [NumberOfFace],
T0.[NumberOfHole] AS [NumberOfHole],
T0.[ProcessRecommendations] AS [ProcessRecommendations],
T0.[QualityControlNotes] AS [QualityControlNotes],
T0.ID AS [CostingPartDocumentView],
jCostingPartDocumentView.[DocumentList] AS [DocumentList],
T0.[CompanyID] AS [CompanyId],
jCompany.[Name] AS [CompanyName],
T0.[GroupID] AS [GroupId],
jGroup.[Name] AS [GroupName],
T0.[DrawingConversionStatusID] AS [DrawingConversionStatusId],
jDrawingConversionStatus.[Name] AS [DrawingConversionStatusName],
jDrawingConversionStatus.[Color] AS [DrawingConversionStatusColor],
T0.[OcrStatusID] AS [OcrStatusId],
jOcrStatus.[Name] AS [OcrStatusName],
jOcrStatus.[Color] AS [OcrStatusColor],
T0.[CostingStatusID] AS [CostingStatusId],
jCostingStatus.[Name] AS [CostingStatusName],
jCostingStatus.[Color] AS [CostingStatusColor],
T0.[BalloonStatusID] AS [BalloonStatusId],
jBalloonStatus.[Name] AS [BalloonStatusName],
jBalloonStatus.[Color] AS [BalloonStatusColor],
T0.[CustomerName] AS [CustomerName],
T0.[Uom] AS [Uom],
T0.[Material] AS [Material],
T0.[InsertUserId] AS [InsertUserId],
T0.[InsertDate] AS [InsertDate],
jIUId.DisplayName AS [InsertBy],
T0.[UpdateUserId] AS [UpdateUserId],
T0.[UpdateDate] AS [UpdateDate],
jUUId.DisplayName AS [UpdateBy],
T0.[DeleteUserId] AS [DeleteUserId],
T0.[DeleteDate] AS [DeleteDate],
jDUId.DisplayName AS [DeleteBy],
T0.[IsActive] AS [IsActive] 
FROM [CostingParts] T0 
LEFT JOIN [MasterVolumeUnits] jVolume ON (jVolume.[ID] = T0.[VolumeUnitID]) 
LEFT JOIN [MasterWeightUnits] jWeight ON (jWeight.[ID] = T0.[WeightUnitID]) 
LEFT JOIN [CostingPartDocumentView] jCostingPartDocumentView ON (jCostingPartDocumentView.[CostingPartID] = T0.ID) 
LEFT JOIN [Companies] jCompany ON (jCompany.[ID] = T0.[CompanyID]) 
LEFT JOIN [Groups] jGroup ON (jGroup.[ID] = T0.[GroupID]) 
LEFT JOIN [MasterCostingStatus] jDrawingConversionStatus ON (jDrawingConversionStatus.[ID] = T0.[DrawingConversionStatusID]) 
LEFT JOIN [MasterCostingStatus] jOcrStatus ON (jOcrStatus.[ID] = T0.[OcrStatusID]) 
LEFT JOIN [MasterCostingStatus] jCostingStatus ON (jCostingStatus.[ID] = T0.[CostingStatusID]) 
LEFT JOIN [MasterCostingStatus] jBalloonStatus ON (jBalloonStatus.[ID] = T0.[BalloonStatusID]) 
LEFT JOIN [Users] jIUId ON (jIUId.[UserId] = T0.[InsertUserId]) 
LEFT JOIN [Users] jUUId ON (jUUId.[UserId] = T0.[UpdateUserId]) 
LEFT JOIN [Users] jDUId ON (jDUId.[UserId] = T0.[DeleteUserId]) 
WHERE (T0.[ID] = @p1)
      
dbug: Serenity.Data.ISqlConnections[0]
      SQL - ExecuteReader[13172093] - END - 16 ms
dbug: Serenity.Data.ISqlConnections[0]
      SQL - ExecuteReader[40932414] - END - 16 ms
dbug: Serenity.Data.ISqlConnections[0]
      SQL - ExecuteReader[44262597] - START
DECLARE @p1 Int16 = 1;
      DECLARE @p2 Int32 = 20;
      DECLARE @p3 Int32 = 0;
      
      SELECT 
T0.[ID] AS [Id],
T0.[CostingPartID] AS [CostingPartId],
T0.[PageNumber] AS [PageNumber],
T0.[MaskX1] AS [MaskX1],
T0.[MaskY1] AS [MaskY1],
T0.[MaskX2] AS [MaskX2],
T0.[MaskY2] AS [MaskY2],
T0.[InsertUserId] AS [InsertUserId],
T0.[InsertDate] AS [InsertDate],
T0.[UpdateUserId] AS [UpdateUserId],
T0.[UpdateDate] AS [UpdateDate],
T0.[DeleteUserId] AS [DeleteUserId],
T0.[DeleteDate] AS [DeleteDate],
T0.[IsActive] AS [IsActive] 
FROM [CostingPartBalloonMaskZones] T0 
WHERE (((T0.[IsActive] = @p1) AND (T0.[CostingPartID] = @p2))) AND (T0.[IsActive] >= @p3) 
ORDER BY T0.[ID]
      
dbug: Serenity.Data.ISqlConnections[0]
      SQL - ExecuteReader[44262597] - END - 14 ms
info: Serenity.Pro.EmailQueue.EmailQueueJob[0]
      Executing periodic job: EmailQueueJob.
dbug: Serenity.Data.ISqlConnections[0]
      SQL - ExecuteReader[15207127] - START
DECLARE @p1 Int32 = 0;
      DECLARE @p2 Int32 = 5;
      DECLARE @p3 DateTime2 = '2026-09-07T21:47:29.188';
      
      SELECT TOP 10 
T0.[MailId] AS [MailId],
T0.[LockExpiration] AS [LockExpiration] 
FROM [Mail] T0 
WHERE (((T0.[Status] = @p1) AND (T0.[RetryCount] < @p2)) AND (T0.[LockExpiration] < @p3)) 
ORDER BY T0.[Priority], T0.[RetryCount], T0.[MailId]
      
dbug: Serenity.Data.ISqlConnections[0]
      SQL - ExecuteReader[15207127] - END - 8 ms
info: Serenity.Pro.EmailQueue.EmailQueueJob[0]
      Done executing periodic job: EmailQueueJob
info: Serenity.Pro.EmailQueue.EmailQueueJob[0]
      Executing periodic job: EmailQueueJob.
dbug: Serenity.Data.ISqlConnections[0]
      SQL - ExecuteReader[28123088] - START
DECLARE @p1 Int32 = 0;
      DECLARE @p2 Int32 = 5;
      DECLARE @p3 DateTime2 = '2026-09-07T21:47:59.191';
      
      SELECT TOP 10 
T0.[MailId] AS [MailId],
T0.[LockExpiration] AS [LockExpiration] 
FROM [Mail] T0 
WHERE (((T0.[Status] = @p1) AND (T0.[RetryCount] < @p2)) AND (T0.[LockExpiration] < @p3)) 
ORDER BY T0.[Priority], T0.[RetryCount], T0.[MailId]
      
dbug: Serenity.Data.ISqlConnections[0]
      SQL - ExecuteReader[28123088] - END - 7 ms
info: Serenity.Pro.EmailQueue.EmailQueueJob[0]
      Done executing periodic job: EmailQueueJob
info: Serenity.Pro.EmailQueue.EmailQueueJob[0]
      Executing periodic job: EmailQueueJob.
dbug: Serenity.Data.ISqlConnections[0]
      SQL - ExecuteReader[47450468] - START
DECLARE @p1 Int32 = 0;
      DECLARE @p2 Int32 = 5;
      DECLARE @p3 DateTime2 = '2026-09-07T21:48:39.190';
      
      SELECT TOP 10 
T0.[MailId] AS [MailId],
T0.[LockExpiration] AS [LockExpiration] 
FROM [Mail] T0 
WHERE (((T0.[Status] = @p1) AND (T0.[RetryCount] < @p2)) AND (T0.[LockExpiration] < @p3)) 
ORDER BY T0.[Priority], T0.[RetryCount], T0.[MailId]
      
dbug: Serenity.Data.ISqlConnections[0]
      SQL - ExecuteReader[47450468] - END - 7 ms
info: Serenity.Pro.EmailQueue.EmailQueueJob[0]
      Done executing periodic job: EmailQueueJob
info: Serenity.Pro.EmailQueue.EmailQueueJob[0]
      Executing periodic job: EmailQueueJob.
dbug: Serenity.Data.ISqlConnections[0]
      SQL - ExecuteReader[52776815] - START
DECLARE @p1 Int32 = 0;
      DECLARE @p2 Int32 = 5;
      DECLARE @p3 DateTime2 = '2026-09-07T21:49:19.185';
      
      SELECT TOP 10 
T0.[MailId] AS [MailId],
T0.[LockExpiration] AS [LockExpiration] 
FROM [Mail] T0 
WHERE (((T0.[Status] = @p1) AND (T0.[RetryCount] < @p2)) AND (T0.[LockExpiration] < @p3)) 
ORDER BY T0.[Priority], T0.[RetryCount], T0.[MailId]
      
dbug: Serenity.Data.ISqlConnections[0]
      SQL - ExecuteReader[52776815] - END - 8 ms
info: Serenity.Pro.EmailQueue.EmailQueueJob[0]
      Done executing periodic job: EmailQueueJob
info: Serenity.Pro.EmailQueue.EmailQueueJob[0]
      Executing periodic job: EmailQueueJob.
dbug: Serenity.Data.ISqlConnections[0]
      SQL - ExecuteReader[32038328] - START
DECLARE @p1 Int32 = 0;
      DECLARE @p2 Int32 = 5;
      DECLARE @p3 DateTime2 = '2026-09-07T21:49:59.194';
      
      SELECT TOP 10 
T0.[MailId] AS [MailId],
T0.[LockExpiration] AS [LockExpiration] 
FROM [Mail] T0 
WHERE (((T0.[Status] = @p1) AND (T0.[RetryCount] < @p2)) AND (T0.[LockExpiration] < @p3)) 
ORDER BY T0.[Priority], T0.[RetryCount], T0.[MailId]
      
dbug: Serenity.Data.ISqlConnections[0]
      SQL - ExecuteReader[32038328] - END - 30 ms
info: Serenity.Pro.EmailQueue.EmailQueueJob[0]
      Done executing periodic job: EmailQueueJob
info: Serenity.Pro.EmailQueue.EmailQueueJob[0]
      Executing periodic job: EmailQueueJob.
dbug: Serenity.Data.ISqlConnections[0]
      SQL - ExecuteReader[1710634] - START
DECLARE @p1 Int32 = 0;
      DECLARE @p2 Int32 = 5;
      DECLARE @p3 DateTime2 = '2026-09-07T21:50:39.190';
      
      SELECT TOP 10 
T0.[MailId] AS [MailId],
T0.[LockExpiration] AS [LockExpiration] 
FROM [Mail] T0 
WHERE (((T0.[Status] = @p1) AND (T0.[RetryCount] < @p2)) AND (T0.[LockExpiration] < @p3)) 
ORDER BY T0.[Priority], T0.[RetryCount], T0.[MailId]
      
dbug: Serenity.Data.ISqlConnections[0]
      SQL - ExecuteReader[1710634] - END - 9 ms
info: Serenity.Pro.EmailQueue.EmailQueueJob[0]
      Done executing periodic job: EmailQueueJob
info: Serenity.Pro.EmailQueue.EmailQueueJob[0]
      Executing periodic job: EmailQueueJob.
dbug: Serenity.Data.ISqlConnections[0]
      SQL - ExecuteReader[51727130] - START
DECLARE @p1 Int32 = 0;
      DECLARE @p2 Int32 = 5;
      DECLARE @p3 DateTime2 = '2026-09-07T21:51:09.194';
      
      SELECT TOP 10 
T0.[MailId] AS [MailId],
T0.[LockExpiration] AS [LockExpiration] 
FROM [Mail] T0 
WHERE (((T0.[Status] = @p1) AND (T0.[RetryCount] < @p2)) AND (T0.[LockExpiration] < @p3)) 
ORDER BY T0.[Priority], T0.[RetryCount], T0.[MailId]
      
dbug: Serenity.Data.ISqlConnections[0]
      SQL - ExecuteReader[51727130] - END - 9 ms
info: Serenity.Pro.EmailQueue.EmailQueueJob[0]
      Done executing periodic job: EmailQueueJob
info: Serenity.Web.NodeScriptRunner[0]
      [watch] build started (change: "Modules/Common/Widgets/BallooningWidget/BallooningDimensionFilter.ts")

info: Serenity.Web.NodeScriptRunner[0]
      [watch] build finished

info: Serenity.Pro.EmailQueue.EmailQueueJob[0]
      Executing periodic job: EmailQueueJob.
dbug: Serenity.Data.ISqlConnections[0]
      SQL - ExecuteReader[61341976] - START
DECLARE @p1 Int32 = 0;
      DECLARE @p2 Int32 = 5;
      DECLARE @p3 DateTime2 = '2026-09-07T21:51:49.192';
      
      SELECT TOP 10 
T0.[MailId] AS [MailId],
T0.[LockExpiration] AS [LockExpiration] 
FROM [Mail] T0 
WHERE (((T0.[Status] = @p1) AND (T0.[RetryCount] < @p2)) AND (T0.[LockExpiration] < @p3)) 
ORDER BY T0.[Priority], T0.[RetryCount], T0.[MailId]
      
dbug: Serenity.Data.ISqlConnections[0]
      SQL - ExecuteReader[61341976] - END - 8 ms
info: Serenity.Pro.EmailQueue.EmailQueueJob[0]
      Done executing periodic job: EmailQueueJob
info: Serenity.Pro.EmailQueue.EmailQueueJob[0]
      Executing periodic job: EmailQueueJob.
dbug: Serenity.Data.ISqlConnections[0]
      SQL - ExecuteReader[56340933] - START
DECLARE @p1 Int32 = 0;
      DECLARE @p2 Int32 = 5;
      DECLARE @p3 DateTime2 = '2026-09-07T21:52:29.194';
      
      SELECT TOP 10 
T0.[MailId] AS [MailId],
T0.[LockExpiration] AS [LockExpiration] 
FROM [Mail] T0 
WHERE (((T0.[Status] = @p1) AND (T0.[RetryCount] < @p2)) AND (T0.[LockExpiration] < @p3)) 
ORDER BY T0.[Priority], T0.[RetryCount], T0.[MailId]
      
dbug: Serenity.Data.ISqlConnections[0]
      SQL - ExecuteReader[56340933] - END - 10 ms
info: Serenity.Pro.EmailQueue.EmailQueueJob[0]
      Done executing periodic job: EmailQueueJob
info: Serenity.Pro.EmailQueue.EmailQueueJob[0]
      Executing periodic job: EmailQueueJob.
dbug: Serenity.Data.ISqlConnections[0]
      SQL - ExecuteReader[25711714] - START
DECLARE @p1 Int32 = 0;
      DECLARE @p2 Int32 = 5;
      DECLARE @p3 DateTime2 = '2026-09-07T21:53:09.185';
      
      SELECT TOP 10 
T0.[MailId] AS [MailId],
T0.[LockExpiration] AS [LockExpiration] 
FROM [Mail] T0 
WHERE (((T0.[Status] = @p1) AND (T0.[RetryCount] < @p2)) AND (T0.[LockExpiration] < @p3)) 
ORDER BY T0.[Priority], T0.[RetryCount], T0.[MailId]
      
dbug: Serenity.Data.ISqlConnections[0]
      SQL - ExecuteReader[25711714] - END - 9 ms
info: Serenity.Pro.EmailQueue.EmailQueueJob[0]
      Done executing periodic job: EmailQueueJob
info: Serenity.Pro.EmailQueue.EmailQueueJob[0]
      Executing periodic job: EmailQueueJob.
dbug: Serenity.Data.ISqlConnections[0]
      SQL - ExecuteReader[39921406] - START
DECLARE @p1 Int32 = 0;
      DECLARE @p2 Int32 = 5;
      DECLARE @p3 DateTime2 = '2026-09-07T21:53:39.216';
      
      SELECT TOP 10 
T0.[MailId] AS [MailId],
T0.[LockExpiration] AS [LockExpiration] 
FROM [Mail] T0 
WHERE (((T0.[Status] = @p1) AND (T0.[RetryCount] < @p2)) AND (T0.[LockExpiration] < @p3)) 
ORDER BY T0.[Priority], T0.[RetryCount], T0.[MailId]
      
dbug: Serenity.Data.ISqlConnections[0]
      SQL - ExecuteReader[39921406] - END - 18 ms
info: Serenity.Pro.EmailQueue.EmailQueueJob[0]
      Done executing periodic job: EmailQueueJob
info: Serenity.Pro.EmailQueue.EmailQueueJob[0]
      Executing periodic job: EmailQueueJob.
dbug: Serenity.Data.ISqlConnections[0]
      SQL - ExecuteReader[45329695] - START
DECLARE @p1 Int32 = 0;
      DECLARE @p2 Int32 = 5;
      DECLARE @p3 DateTime2 = '2026-09-07T21:54:19.185';
      
      SELECT TOP 10 
T0.[MailId] AS [MailId],
T0.[LockExpiration] AS [LockExpiration] 
FROM [Mail] T0 
WHERE (((T0.[Status] = @p1) AND (T0.[RetryCount] < @p2)) AND (T0.[LockExpiration] < @p3)) 
ORDER BY T0.[Priority], T0.[RetryCount], T0.[MailId]
      
dbug: Serenity.Data.ISqlConnections[0]
      SQL - ExecuteReader[45329695] - END - 11 ms
info: Serenity.Pro.EmailQueue.EmailQueueJob[0]
      Done executing periodic job: EmailQueueJob
info: Serenity.Pro.EmailQueue.EmailQueueJob[0]
      Executing periodic job: EmailQueueJob.
dbug: Serenity.Data.ISqlConnections[0]
      SQL - ExecuteReader[37087218] - START
DECLARE @p1 Int32 = 0;
      DECLARE @p2 Int32 = 5;
      DECLARE @p3 DateTime2 = '2026-09-07T21:54:59.183';
      
      SELECT TOP 10 
T0.[MailId] AS [MailId],
T0.[LockExpiration] AS [LockExpiration] 
FROM [Mail] T0 
WHERE (((T0.[Status] = @p1) AND (T0.[RetryCount] < @p2)) AND (T0.[LockExpiration] < @p3)) 
ORDER BY T0.[Priority], T0.[RetryCount], T0.[MailId]
      
dbug: Serenity.Data.ISqlConnections[0]
      SQL - ExecuteReader[37087218] - END - 7 ms
info: Serenity.Pro.EmailQueue.EmailQueueJob[0]
      Done executing periodic job: EmailQueueJob
info: Serenity.Pro.EmailQueue.EmailQueueJob[0]
      Executing periodic job: EmailQueueJob.
dbug: Serenity.Data.ISqlConnections[0]
      SQL - ExecuteReader[51210353] - START
DECLARE @p1 Int32 = 0;
      DECLARE @p2 Int32 = 5;
      DECLARE @p3 DateTime2 = '2026-09-07T21:55:29.185';
      
      SELECT TOP 10 
T0.[MailId] AS [MailId],
T0.[LockExpiration] AS [LockExpiration] 
FROM [Mail] T0 
WHERE (((T0.[Status] = @p1) AND (T0.[RetryCount] < @p2)) AND (T0.[LockExpiration] < @p3)) 
ORDER BY T0.[Priority], T0.[RetryCount], T0.[MailId]
      
dbug: Serenity.Data.ISqlConnections[0]
      SQL - ExecuteReader[51210353] - END - 9 ms
info: Serenity.Pro.EmailQueue.EmailQueueJob[0]
      Done executing periodic job: EmailQueueJob
info: Serenity.Pro.EmailQueue.EmailQueueJob[0]
      Executing periodic job: EmailQueueJob.
dbug: Serenity.Data.ISqlConnections[0]
      SQL - ExecuteReader[57585470] - START
DECLARE @p1 Int32 = 0;
      DECLARE @p2 Int32 = 5;
      DECLARE @p3 DateTime2 = '2026-09-07T21:55:59.189';
      
      SELECT TOP 10 
T0.[MailId] AS [MailId],
T0.[LockExpiration] AS [LockExpiration] 
FROM [Mail] T0 
WHERE (((T0.[Status] = @p1) AND (T0.[RetryCount] < @p2)) AND (T0.[LockExpiration] < @p3)) 
ORDER BY T0.[Priority], T0.[RetryCount], T0.[MailId]
      
dbug: Serenity.Data.ISqlConnections[0]
      SQL - ExecuteReader[57585470] - END - 7 ms
info: Serenity.Pro.EmailQueue.EmailQueueJob[0]
      Done executing periodic job: EmailQueueJob
info: Serenity.Pro.EmailQueue.EmailQueueJob[0]
      Executing periodic job: EmailQueueJob.
dbug: Serenity.Data.ISqlConnections[0]
      SQL - ExecuteReader[10237485] - START
DECLARE @p1 Int32 = 0;
      DECLARE @p2 Int32 = 5;
      DECLARE @p3 DateTime2 = '2026-09-07T21:56:29.191';
      
      SELECT TOP 10 
T0.[MailId] AS [MailId],
T0.[LockExpiration] AS [LockExpiration] 
FROM [Mail] T0 
WHERE (((T0.[Status] = @p1) AND (T0.[RetryCount] < @p2)) AND (T0.[LockExpiration] < @p3)) 
ORDER BY T0.[Priority], T0.[RetryCount], T0.[MailId]
      
dbug: Serenity.Data.ISqlConnections[0]
      SQL - ExecuteReader[10237485] - END - 15 ms
info: Serenity.Pro.EmailQueue.EmailQueueJob[0]
      Done executing periodic job: EmailQueueJob
info: Serenity.Pro.EmailQueue.EmailQueueJob[0]
      Executing periodic job: EmailQueueJob.
dbug: Serenity.Data.ISqlConnections[0]
      SQL - ExecuteReader[7349102] - START
DECLARE @p1 Int32 = 0;
      DECLARE @p2 Int32 = 5;
      DECLARE @p3 DateTime2 = '2026-09-07T21:57:09.180';
      
      SELECT TOP 10 
T0.[MailId] AS [MailId],
T0.[LockExpiration] AS [LockExpiration] 
FROM [Mail] T0 
WHERE (((T0.[Status] = @p1) AND (T0.[RetryCount] < @p2)) AND (T0.[LockExpiration] < @p3)) 
ORDER BY T0.[Priority], T0.[RetryCount], T0.[MailId]
      
dbug: Serenity.Data.ISqlConnections[0]
      SQL - ExecuteReader[7349102] - END - 7 ms
info: Serenity.Pro.EmailQueue.EmailQueueJob[0]
      Done executing periodic job: EmailQueueJob
info: Serenity.Pro.EmailQueue.EmailQueueJob[0]
      Executing periodic job: EmailQueueJob.
dbug: Serenity.Data.ISqlConnections[0]
      SQL - ExecuteReader[2750526] - START
DECLARE @p1 Int32 = 0;
      DECLARE @p2 Int32 = 5;
      DECLARE @p3 DateTime2 = '2026-09-07T21:57:39.187';
      
      SELECT TOP 10 
T0.[MailId] AS [MailId],
T0.[LockExpiration] AS [LockExpiration] 
FROM [Mail] T0 
WHERE (((T0.[Status] = @p1) AND (T0.[RetryCount] < @p2)) AND (T0.[LockExpiration] < @p3)) 
ORDER BY T0.[Priority], T0.[RetryCount], T0.[MailId]
      
dbug: Serenity.Data.ISqlConnections[0]
      SQL - ExecuteReader[2750526] - END - 11 ms
info: Serenity.Pro.EmailQueue.EmailQueueJob[0]
      Done executing periodic job: EmailQueueJob
info: Serenity.Pro.EmailQueue.EmailQueueJob[0]
      Executing periodic job: EmailQueueJob.
dbug: Serenity.Data.ISqlConnections[0]
      SQL - ExecuteReader[6079001] - START
DECLARE @p1 Int32 = 0;
      DECLARE @p2 Int32 = 5;
      DECLARE @p3 DateTime2 = '2026-09-07T21:58:09.191';
      
      SELECT TOP 10 
T0.[MailId] AS [MailId],
T0.[LockExpiration] AS [LockExpiration] 
FROM [Mail] T0 
WHERE (((T0.[Status] = @p1) AND (T0.[RetryCount] < @p2)) AND (T0.[LockExpiration] < @p3)) 
ORDER BY T0.[Priority], T0.[RetryCount], T0.[MailId]
      
dbug: Serenity.Data.ISqlConnections[0]
      SQL - ExecuteReader[6079001] - END - 8 ms
info: Serenity.Pro.EmailQueue.EmailQueueJob[0]
      Done executing periodic job: EmailQueueJob
info: Serenity.Pro.EmailQueue.EmailQueueJob[0]
      Executing periodic job: EmailQueueJob.
dbug: Serenity.Data.ISqlConnections[0]
      SQL - ExecuteReader[44357105] - START
DECLARE @p1 Int32 = 0;
      DECLARE @p2 Int32 = 5;
      DECLARE @p3 DateTime2 = '2026-09-07T21:58:49.193';
      
      SELECT TOP 10 
T0.[MailId] AS [MailId],
T0.[LockExpiration] AS [LockExpiration] 
FROM [Mail] T0 
WHERE (((T0.[Status] = @p1) AND (T0.[RetryCount] < @p2)) AND (T0.[LockExpiration] < @p3)) 
ORDER BY T0.[Priority], T0.[RetryCount], T0.[MailId]
      
dbug: Serenity.Data.ISqlConnections[0]
      SQL - ExecuteReader[44357105] - END - 7 ms
info: Serenity.Pro.EmailQueue.EmailQueueJob[0]
      Done executing periodic job: EmailQueueJob
info: Serenity.Pro.EmailQueue.EmailQueueJob[0]
      Executing periodic job: EmailQueueJob.
dbug: Serenity.Data.ISqlConnections[0]
      SQL - ExecuteReader[37622479] - START
DECLARE @p1 Int32 = 0;
      DECLARE @p2 Int32 = 5;
      DECLARE @p3 DateTime2 = '2026-09-07T21:59:29.190';
      
      SELECT TOP 10 
T0.[MailId] AS [MailId],
T0.[LockExpiration] AS [LockExpiration] 
FROM [Mail] T0 
WHERE (((T0.[Status] = @p1) AND (T0.[RetryCount] < @p2)) AND (T0.[LockExpiration] < @p3)) 
ORDER BY T0.[Priority], T0.[RetryCount], T0.[MailId]
      
dbug: Serenity.Data.ISqlConnections[0]
      SQL - ExecuteReader[37622479] - END - 8 ms
info: Serenity.Pro.EmailQueue.EmailQueueJob[0]
      Done executing periodic job: EmailQueueJob
info: Serenity.Pro.EmailQueue.EmailQueueJob[0]
      Executing periodic job: EmailQueueJob.
dbug: Serenity.Data.ISqlConnections[0]
      SQL - ExecuteReader[47266920] - START
DECLARE @p1 Int32 = 0;
      DECLARE @p2 Int32 = 5;
      DECLARE @p3 DateTime2 = '2026-09-07T22:00:09.187';
      
      SELECT TOP 10 
T0.[MailId] AS [MailId],
T0.[LockExpiration] AS [LockExpiration] 
FROM [Mail] T0 
WHERE (((T0.[Status] = @p1) AND (T0.[RetryCount] < @p2)) AND (T0.[LockExpiration] < @p3)) 
ORDER BY T0.[Priority], T0.[RetryCount], T0.[MailId]
      
dbug: Serenity.Data.ISqlConnections[0]
      SQL - ExecuteReader[47266920] - END - 7 ms
info: Serenity.Pro.EmailQueue.EmailQueueJob[0]
      Done executing periodic job: EmailQueueJob
info: Serenity.Pro.EmailQueue.EmailQueueJob[0]
      Executing periodic job: EmailQueueJob.
dbug: Serenity.Data.ISqlConnections[0]
      SQL - ExecuteReader[13474884] - START
DECLARE @p1 Int32 = 0;
      DECLARE @p2 Int32 = 5;
      DECLARE @p3 DateTime2 = '2026-09-07T22:00:49.192';
      
      SELECT TOP 10 
T0.[MailId] AS [MailId],
T0.[LockExpiration] AS [LockExpiration] 
FROM [Mail] T0 
WHERE (((T0.[Status] = @p1) AND (T0.[RetryCount] < @p2)) AND (T0.[LockExpiration] < @p3)) 
ORDER BY T0.[Priority], T0.[RetryCount], T0.[MailId]
      
dbug: Serenity.Data.ISqlConnections[0]
      SQL - ExecuteReader[13474884] - END - 9 ms
info: Serenity.Pro.EmailQueue.EmailQueueJob[0]
      Done executing periodic job: EmailQueueJob
info: Serenity.Pro.EmailQueue.EmailQueueJob[0]
      Executing periodic job: EmailQueueJob.
dbug: Serenity.Data.ISqlConnections[0]
      SQL - ExecuteReader[2154703] - START
DECLARE @p1 Int32 = 0;
      DECLARE @p2 Int32 = 5;
      DECLARE @p3 DateTime2 = '2026-09-07T22:01:29.188';
      
      SELECT TOP 10 
T0.[MailId] AS [MailId],
T0.[LockExpiration] AS [LockExpiration] 
FROM [Mail] T0 
WHERE (((T0.[Status] = @p1) AND (T0.[RetryCount] < @p2)) AND (T0.[LockExpiration] < @p3)) 
ORDER BY T0.[Priority], T0.[RetryCount], T0.[MailId]
      
info: Serenity.Pro.EmailQueue.EmailQueueJob[0]
      Error while executing periodic job: EmailQueueJob
      Microsoft.Data.SqlClient.SqlException (0x80131904): A transport-level error has occurred when receiving results from the server. (provider: TCP Provider, error: 0 - A connection attempt failed because the connected party did not properly respond after a period of time, or established connection failed because connected host has failed to respond.)
       ---> System.ComponentModel.Win32Exception (10060): A connection attempt failed because the connected party did not properly respond after a period of time, or established connection failed because connected host has failed to respond.
         at Microsoft.Data.SqlClient.SqlConnection.OnError(SqlException exception, Boolean breakConnection, Action`1 wrapCloseInAction)
         at Microsoft.Data.SqlClient.SqlInternalConnection.OnError(SqlException exception, Boolean breakConnection, Action`1 wrapCloseInAction)
         at Microsoft.Data.SqlClient.TdsParser.ThrowExceptionAndWarning(TdsParserStateObject stateObj, SqlCommand command, Boolean callerHasConnectionLock, Boolean asyncClose)
         at Microsoft.Data.SqlClient.TdsParserStateObject.ThrowExceptionAndWarning(Boolean callerHasConnectionLock, Boolean asyncClose)
         at Microsoft.Data.SqlClient.TdsParserStateObject.ReadSniError(TdsParserStateObject stateObj, UInt32 error)
         at Microsoft.Data.SqlClient.TdsParserStateObject.ReadSniSyncOverAsync()
         at Microsoft.Data.SqlClient.TdsParserStateObject.TryPrepareBuffer()
         at Microsoft.Data.SqlClient.TdsParser.TryRun(RunBehavior runBehavior, SqlCommand cmdHandler, SqlDataReader dataStream, BulkCopySimpleResultSet bulkCopyHandler, TdsParserStateObject stateObj, Boolean& dataReady)
         at Microsoft.Data.SqlClient.SqlDataReader.TryConsumeMetaData()
         at Microsoft.Data.SqlClient.SqlCommand.FinishExecuteReader(SqlDataReader ds, RunBehavior runBehavior, String resetOptionsString, Boolean isInternal, Boolean forDescribeParameterEncryption, Boolean shouldCacheForAlwaysEncrypted)
         at Microsoft.Data.SqlClient.SqlCommand.RunExecuteReaderTds(CommandBehavior cmdBehavior, RunBehavior runBehavior, Boolean returnStream, Boolean isAsync, Int32 timeout, Task& task, Boolean asyncWrite, Boolean inRetry, SqlDataReader ds, Boolean describeParameterEncryptionRequest)
         at Microsoft.Data.SqlClient.SqlCommand.RunExecuteReader(CommandBehavior cmdBehavior, RunBehavior runBehavior, Boolean returnStream, TaskCompletionSource`1 completion, Int32 timeout, Task& task, Boolean& usedCache, Boolean asyncWrite, Boolean inRetry, String method)
         at Microsoft.Data.SqlClient.SqlCommand.ExecuteReader(CommandBehavior behavior)
         at Serenity.Data.SqlHelper.InternalExecuteReader(IDbConnection connection, String commandText, IDictionary`2 param, ILogger logger) in /_/src/Serenity.Net.Services/Data/SqlHelpers/SqlHelper.cs:line 439
         at Serenity.Data.EntitySqlHelper.ForEach(SqlQuery query, IDbConnection connection, Action`1 callback) in /_/src/Serenity.Net.Services/Entity/Extensions/EntitySqlHelper.cs:line 74
         at Serenity.Pro.EmailQueue.EmailQueueJob.InternalRun() in /_/pro-features/src/Serenity.Pro.Extensions/Modules/EmailQueue/EmailQueueJob/EmailQueueJob.cs:line 28
         at Serenity.Pro.Extensions.PeriodicBackgroundJob.Run(Object item) in /_/pro-features/src/Serenity.Pro.Extensions/Modules/BackgroundJobs/PeriodicBackgroundJob.cs:line 89
      ClientConnectionId:79374eb5-1485-4dbc-babf-621d7e1947a6
      Error Number:10060,State:0,Class:20
info: Serenity.Pro.EmailQueue.EmailQueueJob[0]
      Executing periodic job: EmailQueueJob.
dbug: Serenity.Data.ISqlConnections[0]
      SQL - ExecuteReader[6957188] - START
DECLARE @p1 Int32 = 0;
      DECLARE @p2 Int32 = 5;
      DECLARE @p3 DateTime2 = '2026-09-07T22:02:09.186';
      
      SELECT TOP 10 
T0.[MailId] AS [MailId],
T0.[LockExpiration] AS [LockExpiration] 
FROM [Mail] T0 
WHERE (((T0.[Status] = @p1) AND (T0.[RetryCount] < @p2)) AND (T0.[LockExpiration] < @p3)) 
ORDER BY T0.[Priority], T0.[RetryCount], T0.[MailId]
      
dbug: Serenity.Data.ISqlConnections[0]
      SQL - ExecuteReader[6957188] - END - 21 ms
info: Serenity.Pro.EmailQueue.EmailQueueJob[0]
      Done executing periodic job: EmailQueueJob
info: Serenity.Pro.EmailQueue.EmailQueueJob[0]
      Executing periodic job: EmailQueueJob.
dbug: Serenity.Data.ISqlConnections[0]
      SQL - ExecuteReader[20938015] - START
DECLARE @p1 Int32 = 0;
      DECLARE @p2 Int32 = 5;
      DECLARE @p3 DateTime2 = '2026-09-07T22:02:39.192';
      
      SELECT TOP 10 
T0.[MailId] AS [MailId],
T0.[LockExpiration] AS [LockExpiration] 
FROM [Mail] T0 
WHERE (((T0.[Status] = @p1) AND (T0.[RetryCount] < @p2)) AND (T0.[LockExpiration] < @p3)) 
ORDER BY T0.[Priority], T0.[RetryCount], T0.[MailId]
      
dbug: Serenity.Data.ISqlConnections[0]
      SQL - ExecuteReader[20938015] - END - 8 ms
info: Serenity.Pro.EmailQueue.EmailQueueJob[0]
      Done executing periodic job: EmailQueueJob
info: Serenity.Pro.EmailQueue.EmailQueueJob[0]
      Executing periodic job: EmailQueueJob.
dbug: Serenity.Data.ISqlConnections[0]
      SQL - ExecuteReader[34512756] - START
DECLARE @p1 Int32 = 0;
      DECLARE @p2 Int32 = 5;
      DECLARE @p3 DateTime2 = '2026-09-07T22:03:19.187';
      
      SELECT TOP 10 
T0.[MailId] AS [MailId],
T0.[LockExpiration] AS [LockExpiration] 
FROM [Mail] T0 
WHERE (((T0.[Status] = @p1) AND (T0.[RetryCount] < @p2)) AND (T0.[LockExpiration] < @p3)) 
ORDER BY T0.[Priority], T0.[RetryCount], T0.[MailId]
      
dbug: Serenity.Data.ISqlConnections[0]
      SQL - ExecuteReader[34512756] - END - 10 ms
info: Serenity.Pro.EmailQueue.EmailQueueJob[0]
      Done executing periodic job: EmailQueueJob
info: Serenity.Pro.EmailQueue.EmailQueueJob[0]
      Executing periodic job: EmailQueueJob.
dbug: Serenity.Data.ISqlConnections[0]
      SQL - ExecuteReader[13527268] - START
DECLARE @p1 Int32 = 0;
      DECLARE @p2 Int32 = 5;
      DECLARE @p3 DateTime2 = '2026-09-07T22:03:59.187';
      
      SELECT TOP 10 
T0.[MailId] AS [MailId],
T0.[LockExpiration] AS [LockExpiration] 
FROM [Mail] T0 
WHERE (((T0.[Status] = @p1) AND (T0.[RetryCount] < @p2)) AND (T0.[LockExpiration] < @p3)) 
ORDER BY T0.[Priority], T0.[RetryCount], T0.[MailId]
      
dbug: Serenity.Data.ISqlConnections[0]
      SQL - ExecuteReader[13527268] - END - 8 ms
info: Serenity.Pro.EmailQueue.EmailQueueJob[0]
      Done executing periodic job: EmailQueueJob
info: Serenity.Pro.EmailQueue.EmailQueueJob[0]
      Executing periodic job: EmailQueueJob.
dbug: Serenity.Data.ISqlConnections[0]
      SQL - ExecuteReader[5516441] - START
DECLARE @p1 Int32 = 0;
      DECLARE @p2 Int32 = 5;
      DECLARE @p3 DateTime2 = '2026-09-07T22:04:39.187';
      
      SELECT TOP 10 
T0.[MailId] AS [MailId],
T0.[LockExpiration] AS [LockExpiration] 
FROM [Mail] T0 
WHERE (((T0.[Status] = @p1) AND (T0.[RetryCount] < @p2)) AND (T0.[LockExpiration] < @p3)) 
ORDER BY T0.[Priority], T0.[RetryCount], T0.[MailId]
      
dbug: Serenity.Data.ISqlConnections[0]
      SQL - ExecuteReader[5516441] - END - 8 ms
info: Serenity.Pro.EmailQueue.EmailQueueJob[0]
      Done executing periodic job: EmailQueueJob
info: Serenity.Pro.EmailQueue.EmailQueueJob[0]
      Executing periodic job: EmailQueueJob.
dbug: Serenity.Data.ISqlConnections[0]
      SQL - ExecuteReader[32107867] - START
DECLARE @p1 Int32 = 0;
      DECLARE @p2 Int32 = 5;
      DECLARE @p3 DateTime2 = '2026-09-07T22:05:09.190';
      
      SELECT TOP 10 
T0.[MailId] AS [MailId],
T0.[LockExpiration] AS [LockExpiration] 
FROM [Mail] T0 
WHERE (((T0.[Status] = @p1) AND (T0.[RetryCount] < @p2)) AND (T0.[LockExpiration] < @p3)) 
ORDER BY T0.[Priority], T0.[RetryCount], T0.[MailId]
      
dbug: Serenity.Data.ISqlConnections[0]
      SQL - ExecuteReader[32107867] - END - 8 ms
info: Serenity.Pro.EmailQueue.EmailQueueJob[0]
      Done executing periodic job: EmailQueueJob
info: Serenity.Pro.EmailQueue.EmailQueueJob[0]
      Executing periodic job: EmailQueueJob.
dbug: Serenity.Data.ISqlConnections[0]
      SQL - ExecuteReader[21501572] - START
DECLARE @p1 Int32 = 0;
      DECLARE @p2 Int32 = 5;
      DECLARE @p3 DateTime2 = '2026-09-07T22:05:49.191';
      
      SELECT TOP 10 
T0.[MailId] AS [MailId],
T0.[LockExpiration] AS [LockExpiration] 
FROM [Mail] T0 
WHERE (((T0.[Status] = @p1) AND (T0.[RetryCount] < @p2)) AND (T0.[LockExpiration] < @p3)) 
ORDER BY T0.[Priority], T0.[RetryCount], T0.[MailId]
      
dbug: Serenity.Data.ISqlConnections[0]
      SQL - ExecuteReader[21501572] - END - 8 ms
info: Serenity.Pro.EmailQueue.EmailQueueJob[0]
      Done executing periodic job: EmailQueueJob
info: Serenity.Pro.EmailQueue.EmailQueueJob[0]
      Executing periodic job: EmailQueueJob.
dbug: Serenity.Data.ISqlConnections[0]
      SQL - ExecuteReader[28738146] - START
DECLARE @p1 Int32 = 0;
      DECLARE @p2 Int32 = 5;
      DECLARE @p3 DateTime2 = '2026-09-07T22:06:29.193';
      
      SELECT TOP 10 
T0.[MailId] AS [MailId],
T0.[LockExpiration] AS [LockExpiration] 
FROM [Mail] T0 
WHERE (((T0.[Status] = @p1) AND (T0.[RetryCount] < @p2)) AND (T0.[LockExpiration] < @p3)) 
ORDER BY T0.[Priority], T0.[RetryCount], T0.[MailId]
      
dbug: Serenity.Data.ISqlConnections[0]
      SQL - ExecuteReader[28738146] - END - 11 ms
info: Serenity.Pro.EmailQueue.EmailQueueJob[0]
      Done executing periodic job: EmailQueueJob
info: Serenity.Pro.EmailQueue.EmailQueueJob[0]
      Executing periodic job: EmailQueueJob.
dbug: Serenity.Data.ISqlConnections[0]
      SQL - ExecuteReader[66579419] - START
DECLARE @p1 Int32 = 0;
      DECLARE @p2 Int32 = 5;
      DECLARE @p3 DateTime2 = '2026-09-07T22:07:09.192';
      
      SELECT TOP 10 
T0.[MailId] AS [MailId],
T0.[LockExpiration] AS [LockExpiration] 
FROM [Mail] T0 
WHERE (((T0.[Status] = @p1) AND (T0.[RetryCount] < @p2)) AND (T0.[LockExpiration] < @p3)) 
ORDER BY T0.[Priority], T0.[RetryCount], T0.[MailId]
      
dbug: Serenity.Data.ISqlConnections[0]
      SQL - ExecuteReader[66579419] - END - 7 ms
info: Serenity.Pro.EmailQueue.EmailQueueJob[0]
      Done executing periodic job: EmailQueueJob
info: Serenity.Pro.EmailQueue.EmailQueueJob[0]
      Executing periodic job: EmailQueueJob.
dbug: Serenity.Data.ISqlConnections[0]
      SQL - ExecuteReader[38388321] - START
DECLARE @p1 Int32 = 0;
      DECLARE @p2 Int32 = 5;
      DECLARE @p3 DateTime2 = '2026-09-07T22:07:39.193';
      
      SELECT TOP 10 
T0.[MailId] AS [MailId],
T0.[LockExpiration] AS [LockExpiration] 
FROM [Mail] T0 
WHERE (((T0.[Status] = @p1) AND (T0.[RetryCount] < @p2)) AND (T0.[LockExpiration] < @p3)) 
ORDER BY T0.[Priority], T0.[RetryCount], T0.[MailId]
      
dbug: Serenity.Data.ISqlConnections[0]
      SQL - ExecuteReader[38388321] - END - 9 ms
info: Serenity.Pro.EmailQueue.EmailQueueJob[0]
      Done executing periodic job: EmailQueueJob
info: Serenity.Pro.EmailQueue.EmailQueueJob[0]
      Executing periodic job: EmailQueueJob.
dbug: Serenity.Data.ISqlConnections[0]
      SQL - ExecuteReader[45516295] - START
DECLARE @p1 Int32 = 0;
      DECLARE @p2 Int32 = 5;
      DECLARE @p3 DateTime2 = '2026-09-07T22:08:19.181';
      
      SELECT TOP 10 
T0.[MailId] AS [MailId],
T0.[LockExpiration] AS [LockExpiration] 
FROM [Mail] T0 
WHERE (((T0.[Status] = @p1) AND (T0.[RetryCount] < @p2)) AND (T0.[LockExpiration] < @p3)) 
ORDER BY T0.[Priority], T0.[RetryCount], T0.[MailId]
      
dbug: Serenity.Data.ISqlConnections[0]
      SQL - ExecuteReader[45516295] - END - 7 ms
info: Serenity.Pro.EmailQueue.EmailQueueJob[0]
      Done executing periodic job: EmailQueueJob
info: Serenity.Pro.EmailQueue.EmailQueueJob[0]
      Executing periodic job: EmailQueueJob.
dbug: Serenity.Data.ISqlConnections[0]
      SQL - ExecuteReader[60555209] - START
DECLARE @p1 Int32 = 0;
      DECLARE @p2 Int32 = 5;
      DECLARE @p3 DateTime2 = '2026-09-07T22:08:49.187';
      
      SELECT TOP 10 
T0.[MailId] AS [MailId],
T0.[LockExpiration] AS [LockExpiration] 
FROM [Mail] T0 
WHERE (((T0.[Status] = @p1) AND (T0.[RetryCount] < @p2)) AND (T0.[LockExpiration] < @p3)) 
ORDER BY T0.[Priority], T0.[RetryCount], T0.[MailId]
      
dbug: Serenity.Data.ISqlConnections[0]
      SQL - ExecuteReader[60555209] - END - 8 ms
info: Serenity.Pro.EmailQueue.EmailQueueJob[0]
      Done executing periodic job: EmailQueueJob
info: Serenity.Pro.EmailQueue.EmailQueueJob[0]
      Executing periodic job: EmailQueueJob.
dbug: Serenity.Data.ISqlConnections[0]
      SQL - ExecuteReader[3320637] - START
DECLARE @p1 Int32 = 0;
      DECLARE @p2 Int32 = 5;
      DECLARE @p3 DateTime2 = '2026-09-07T22:09:29.183';
      
      SELECT TOP 10 
T0.[MailId] AS [MailId],
T0.[LockExpiration] AS [LockExpiration] 
FROM [Mail] T0 
WHERE (((T0.[Status] = @p1) AND (T0.[RetryCount] < @p2)) AND (T0.[LockExpiration] < @p3)) 
ORDER BY T0.[Priority], T0.[RetryCount], T0.[MailId]
      
dbug: Serenity.Data.ISqlConnections[0]
      SQL - ExecuteReader[3320637] - END - 84 ms
info: Serenity.Pro.EmailQueue.EmailQueueJob[0]
      Done executing periodic job: EmailQueueJob
info: Serenity.Pro.EmailQueue.EmailQueueJob[0]
      Executing periodic job: EmailQueueJob.
dbug: Serenity.Data.ISqlConnections[0]
      SQL - ExecuteReader[50881897] - START
DECLARE @p1 Int32 = 0;
      DECLARE @p2 Int32 = 5;
      DECLARE @p3 DateTime2 = '2026-09-07T22:09:59.191';
      
      SELECT TOP 10 
T0.[MailId] AS [MailId],
T0.[LockExpiration] AS [LockExpiration] 
FROM [Mail] T0 
WHERE (((T0.[Status] = @p1) AND (T0.[RetryCount] < @p2)) AND (T0.[LockExpiration] < @p3)) 
ORDER BY T0.[Priority], T0.[RetryCount], T0.[MailId]
      
dbug: Serenity.Data.ISqlConnections[0]
      SQL - ExecuteReader[50881897] - END - 7 ms
info: Serenity.Pro.EmailQueue.EmailQueueJob[0]
      Done executing periodic job: EmailQueueJob
info: Serenity.Pro.EmailQueue.EmailQueueJob[0]
      Executing periodic job: EmailQueueJob.
dbug: Serenity.Data.ISqlConnections[0]
      SQL - ExecuteReader[4064386] - START
DECLARE @p1 Int32 = 0;
      DECLARE @p2 Int32 = 5;
      DECLARE @p3 DateTime2 = '2026-09-07T22:10:39.181';
      
      SELECT TOP 10 
T0.[MailId] AS [MailId],
T0.[LockExpiration] AS [LockExpiration] 
FROM [Mail] T0 
WHERE (((T0.[Status] = @p1) AND (T0.[RetryCount] < @p2)) AND (T0.[LockExpiration] < @p3)) 
ORDER BY T0.[Priority], T0.[RetryCount], T0.[MailId]
      
dbug: Serenity.Data.ISqlConnections[0]
      SQL - ExecuteReader[4064386] - END - 40 ms
info: Serenity.Pro.EmailQueue.EmailQueueJob[0]
      Done executing periodic job: EmailQueueJob
info: Serenity.Pro.EmailQueue.EmailQueueJob[0]
      Executing periodic job: EmailQueueJob.
dbug: Serenity.Data.ISqlConnections[0]
      SQL - ExecuteReader[23852488] - START
DECLARE @p1 Int32 = 0;
      DECLARE @p2 Int32 = 5;
      DECLARE @p3 DateTime2 = '2026-09-07T22:11:09.191';
      
      SELECT TOP 10 
T0.[MailId] AS [MailId],
T0.[LockExpiration] AS [LockExpiration] 
FROM [Mail] T0 
WHERE (((T0.[Status] = @p1) AND (T0.[RetryCount] < @p2)) AND (T0.[LockExpiration] < @p3)) 
ORDER BY T0.[Priority], T0.[RetryCount], T0.[MailId]
      
dbug: Serenity.Data.ISqlConnections[0]
      SQL - ExecuteReader[23852488] - END - 8 ms
info: Serenity.Pro.EmailQueue.EmailQueueJob[0]
      Done executing periodic job: EmailQueueJob
info: Serenity.Pro.EmailQueue.EmailQueueJob[0]
      Executing periodic job: EmailQueueJob.
dbug: Serenity.Data.ISqlConnections[0]
      SQL - ExecuteReader[23314309] - START
DECLARE @p1 Int32 = 0;
      DECLARE @p2 Int32 = 5;
      DECLARE @p3 DateTime2 = '2026-09-07T22:11:49.192';
      
      SELECT TOP 10 
T0.[MailId] AS [MailId],
T0.[LockExpiration] AS [LockExpiration] 
FROM [Mail] T0 
WHERE (((T0.[Status] = @p1) AND (T0.[RetryCount] < @p2)) AND (T0.[LockExpiration] < @p3)) 
ORDER BY T0.[Priority], T0.[RetryCount], T0.[MailId]
      
dbug: Serenity.Data.ISqlConnections[0]
      SQL - ExecuteReader[23314309] - END - 7 ms
info: Serenity.Pro.EmailQueue.EmailQueueJob[0]
      Done executing periodic job: EmailQueueJob
info: Serenity.Pro.EmailQueue.EmailQueueJob[0]
      Executing periodic job: EmailQueueJob.
dbug: Serenity.Data.ISqlConnections[0]
      SQL - ExecuteReader[6943203] - START
DECLARE @p1 Int32 = 0;
      DECLARE @p2 Int32 = 5;
      DECLARE @p3 DateTime2 = '2026-09-07T22:12:29.182';
      
      SELECT TOP 10 
T0.[MailId] AS [MailId],
T0.[LockExpiration] AS [LockExpiration] 
FROM [Mail] T0 
WHERE (((T0.[Status] = @p1) AND (T0.[RetryCount] < @p2)) AND (T0.[LockExpiration] < @p3)) 
ORDER BY T0.[Priority], T0.[RetryCount], T0.[MailId]
      
dbug: Serenity.Data.ISqlConnections[0]
      SQL - ExecuteReader[6943203] - END - 8 ms
info: Serenity.Pro.EmailQueue.EmailQueueJob[0]
      Done executing periodic job: EmailQueueJob
info: Serenity.Pro.EmailQueue.EmailQueueJob[0]
      Executing periodic job: EmailQueueJob.
dbug: Serenity.Data.ISqlConnections[0]
      SQL - ExecuteReader[16555232] - START
DECLARE @p1 Int32 = 0;
      DECLARE @p2 Int32 = 5;
      DECLARE @p3 DateTime2 = '2026-09-07T22:12:59.222';
      
      SELECT TOP 10 
T0.[MailId] AS [MailId],
T0.[LockExpiration] AS [LockExpiration] 
FROM [Mail] T0 
WHERE (((T0.[Status] = @p1) AND (T0.[RetryCount] < @p2)) AND (T0.[LockExpiration] < @p3)) 
ORDER BY T0.[Priority], T0.[RetryCount], T0.[MailId]
      
dbug: Serenity.Data.ISqlConnections[0]
      SQL - ExecuteReader[16555232] - END - 26 ms
info: Serenity.Pro.EmailQueue.EmailQueueJob[0]
      Done executing periodic job: EmailQueueJob
info: Serenity.Pro.EmailQueue.EmailQueueJob[0]
      Executing periodic job: EmailQueueJob.
dbug: Serenity.Data.ISqlConnections[0]
      SQL - ExecuteReader[15344802] - START
DECLARE @p1 Int32 = 0;
      DECLARE @p2 Int32 = 5;
      DECLARE @p3 DateTime2 = '2026-09-07T22:13:39.188';
      
      SELECT TOP 10 
T0.[MailId] AS [MailId],
T0.[LockExpiration] AS [LockExpiration] 
FROM [Mail] T0 
WHERE (((T0.[Status] = @p1) AND (T0.[RetryCount] < @p2)) AND (T0.[LockExpiration] < @p3)) 
ORDER BY T0.[Priority], T0.[RetryCount], T0.[MailId]
      
dbug: Serenity.Data.ISqlConnections[0]
      SQL - ExecuteReader[15344802] - END - 10 ms
info: Serenity.Pro.EmailQueue.EmailQueueJob[0]
      Done executing periodic job: EmailQueueJob
info: Serenity.Pro.EmailQueue.EmailQueueJob[0]
      Executing periodic job: EmailQueueJob.
dbug: Serenity.Data.ISqlConnections[0]
      SQL - ExecuteReader[63833945] - START
DECLARE @p1 Int32 = 0;
      DECLARE @p2 Int32 = 5;
      DECLARE @p3 DateTime2 = '2026-09-07T22:14:09.193';
      
      SELECT TOP 10 
T0.[MailId] AS [MailId],
T0.[LockExpiration] AS [LockExpiration] 
FROM [Mail] T0 
WHERE (((T0.[Status] = @p1) AND (T0.[RetryCount] < @p2)) AND (T0.[LockExpiration] < @p3)) 
ORDER BY T0.[Priority], T0.[RetryCount], T0.[MailId]
      
dbug: Serenity.Data.ISqlConnections[0]
      SQL - ExecuteReader[63833945] - END - 7 ms
info: Serenity.Pro.EmailQueue.EmailQueueJob[0]
      Done executing periodic job: EmailQueueJob
info: Serenity.Pro.EmailQueue.EmailQueueJob[0]
      Executing periodic job: EmailQueueJob.
dbug: Serenity.Data.ISqlConnections[0]
      SQL - ExecuteReader[52947186] - START
DECLARE @p1 Int32 = 0;
      DECLARE @p2 Int32 = 5;
      DECLARE @p3 DateTime2 = '2026-09-07T22:14:49.187';
      
      SELECT TOP 10 
T0.[MailId] AS [MailId],
T0.[LockExpiration] AS [LockExpiration] 
FROM [Mail] T0 
WHERE (((T0.[Status] = @p1) AND (T0.[RetryCount] < @p2)) AND (T0.[LockExpiration] < @p3)) 
ORDER BY T0.[Priority], T0.[RetryCount], T0.[MailId]
      
dbug: Serenity.Data.ISqlConnections[0]
      SQL - ExecuteReader[52947186] - END - 7 ms
info: Serenity.Pro.EmailQueue.EmailQueueJob[0]
      Done executing periodic job: EmailQueueJob
info: Serenity.Pro.EmailQueue.EmailQueueJob[0]
      Executing periodic job: EmailQueueJob.
dbug: Serenity.Data.ISqlConnections[0]
      SQL - ExecuteReader[39029321] - START
DECLARE @p1 Int32 = 0;
      DECLARE @p2 Int32 = 5;
      DECLARE @p3 DateTime2 = '2026-09-07T22:15:29.184';
      
      SELECT TOP 10 
T0.[MailId] AS [MailId],
T0.[LockExpiration] AS [LockExpiration] 
FROM [Mail] T0 
WHERE (((T0.[Status] = @p1) AND (T0.[RetryCount] < @p2)) AND (T0.[LockExpiration] < @p3)) 
ORDER BY T0.[Priority], T0.[RetryCount], T0.[MailId]
      
dbug: Serenity.Data.ISqlConnections[0]
      SQL - ExecuteReader[39029321] - END - 7 ms
info: Serenity.Pro.EmailQueue.EmailQueueJob[0]
      Done executing periodic job: EmailQueueJob
info: Serenity.Web.NodeScriptRunner[0]
      [watch] build started (change: "Modules/ServerTypes/Master.ts")

info: Serenity.Web.NodeScriptRunner[0]
      esbuild clean: deleting extra file _chunks\chunk-KECCO7ZN.js

info: Serenity.Web.NodeScriptRunner[0]
      esbuild clean: deleting extra file _chunks\chunk-KECCO7ZN.js.map

info: Serenity.Web.NodeScriptRunner[0]
      [watch] build finished

info: Serenity.Pro.EmailQueue.EmailQueueJob[0]
      Executing periodic job: EmailQueueJob.
dbug: Serenity.Data.ISqlConnections[0]
      SQL - ExecuteReader[5167072] - START
DECLARE @p1 Int32 = 0;
      DECLARE @p2 Int32 = 5;
      DECLARE @p3 DateTime2 = '2026-09-07T22:15:59.190';
      
      SELECT TOP 10 
T0.[MailId] AS [MailId],
T0.[LockExpiration] AS [LockExpiration] 
FROM [Mail] T0 
WHERE (((T0.[Status] = @p1) AND (T0.[RetryCount] < @p2)) AND (T0.[LockExpiration] < @p3)) 
ORDER BY T0.[Priority], T0.[RetryCount], T0.[MailId]
      
dbug: Serenity.Data.ISqlConnections[0]
      SQL - ExecuteReader[5167072] - END - 8 ms
info: Serenity.Pro.EmailQueue.EmailQueueJob[0]
      Done executing periodic job: EmailQueueJob
