[?2026h[?25l[1Gpulling manifest ⠋ [K[?25h[?2026l[?2026h[?25l[1Gpulling manifest ⠙ [K[?25h[?2026l[?2026h[?25l[1Gpulling manifest ⠹ [K[?25h[?2026l[?2026h[?25l[1Gpulling manifest ⠸ [K[?25h[?2026l[?2026h[?25l[1Gpulling manifest ⠼ [K[?25h[?2026l[?2026h[?25l[1Gpulling manifest ⠴ [K[?25h[?2026l[?2026h[?25l[1Gpulling manifest ⠦ [K[?25h[?2026l[?2026h[?25l[1Gpulling manifest ⠧ [K[?25h[?2026l[?2026h[?25l[1Gpulling manifest ⠇ [K[?25h[?2026l[?2026h[?25l[1Gpulling manifest ⠏ [K[?25h[?2026l[?2026h[?25l[1Gpulling manifest ⠋ [K[?25h[?2026l[?2026h[?25l[1Gpulling manifest ⠙ [K[?25h[?2026l[?2026h[?25l[1Gpulling manifest ⠹ [K[?25h[?2026l[?2026h[?25l[1Gpulling manifest [K
pulling a99b7f834d75:   5% ▕                  ▏ 292 MB/6.0 GB                  [K[?25h[?2026l[?2026h[?25l[A[1Gpulling manifest [K
pulling a99b7f834d75:   5% ▕                  ▏ 292 MB/6.0 GB                  [K[?25h[?2026l[?2026h[?25l[A[1Gpulling manifest [K
pulling a99b7f834d75:   5% ▕                  ▏ 292 MB/6.0 GB                  [K[?25h[?2026l[?2026h[?25l[A[1Gpulling manifest [K
pulling a99b7f834d75:   5% ▕                  ▏ 292 MB/6.0 GB                  [K[?25h[?2026l[?2026h[?25l[A[1Gpulling manifest [K
pulling a99b7f834d75:   5% ▕                  ▏ 292 MB/6.0 GB                  [K[?25h[?2026l[?2026h[?25l[A[1Gpulling manifest [K
pulling a99b7f834d75:   5% ▕                  ▏ 292 MB/6.0 GB                  [K[?25h[?2026l[?2026h[?25l[A[1Gpulling manifest [K
pulling a99b7f834d75:   5% ▕                  ▏ 292 MB/6.0 GB                  [K[?25h[?2026l[?2026h[?25l[A[1Gpulling manifest [K
pulling a99b7f834d75:   5% ▕                  ▏ 292 MB/6.0 GB                  [K[?25h[?2026l[?2026h[?25l[A[1Gpulling manifest [K
pulling a99b7f834d75:   5% ▕                  ▏ 292 MB/6.0 GB                  [K[?25h[?2026l[?2026h[?25l[A[1Gpulling manifest [K
pulling a99b7f834d75:   5% ▕                  ▏ 292 MB/6.0 GB                  [K[?25h[?2026l[?2026h[?25l[A[1Gpulling manifest [K
pulling a99b7f834d75:   5% ▕                  ▏ 293 MB/6.0 GB  1.2 MB/s   1h15m[K[?25h[?2026l[?2026h[?25l[A[1Gpulling manifest [K
pulling a99b7f834d75:   5% ▕                  ▏ 295 MB/6.0 GB  1.2 MB/s   1h15m[K[?25h[?2026l[?2026h[?25l[A[1Gpulling manifest [K
pulling a99b7f834d75:   5% ▕                  ▏ 297 MB/6.0 GB  1.2 MB/s   1h15m[K[?25h[?2026l[?2026h[?25l[A[1Gpulling manifest [K
pulling a99b7f834d75:   5% ▕                  ▏ 298 MB/6.0 GB  1.2 MB/s   1h15m[K[?25h[?2026l[?2026h[?25l[A[1Gpulling manifest [K
pulling a99b7f834d75:   5% ▕                  ▏ 300 MB/6.0 GB  1.2 MB/s   1h15m[K[?25h[?2026l[?2026h[?25l[A[1Gpulling manifest [K
pulling a99b7f834d75:   5% ▕                  ▏ 301 MB/6.0 GB  1.2 MB/s   1h15m[K[?25h[?2026l[?2026h[?25l[A[1Gpulling manifest [K
pulling a99b7f834d75:   5% ▕                  ▏ 304 MB/6.0 GB  1.2 MB/s   1h15m[K[?25h[?2026l[?2026h[?25l[A[1Gpulling manifest [K
pulling a99b7f834d75:   5% ▕                  ▏ 306 MB/6.0 GB  1.2 MB/s   1h15m[K[?25h[?2026l[?2026h[?25l[A[1Gpulling manifest [K
pulling a99b7f834d75:   5% ▕                  ▏ 307 MB/6.0 GB  1.2 MB/s   1h15m[K[?25h[?2026l[?2026h[?25l[A[1Gpulling manifest [K
pulling a99b7f834d75:   5% ▕                  ▏ 309 MB/6.0 GB  1.2 MB/s   1h15m[K[?25h[?2026l[?2026h[?25l[A[1Gpulling manifest [K
pulling a99b7f834d75:   5% ▕                  ▏ 312 MB/6.0 GB  9.7 MB/s   9m42s[K[?25h[?2026l[?2026h[?25l[A[1Gpulling manifest [K
pulling a99b7f834d75:   5% ▕                  ▏ 313 MB/6.0 GB  9.7 MB/s   9m41s[K[?25h[?2026l[?2026h[?25l[A[1Gpulling manifest [K
pulling a99b7f834d75:   5% ▕                  ▏ 315 MB/6.0 GB  9.7 MB/s   9m41s[K[?25h[?2026l[?2026h[?25l[A[1Gpulling manifest [K
pulling a99b7f834d75:   5% ▕                  ▏ 318 MB/6.0 GB  9.7 MB/s   9m41s[K[?25h[?2026l[?2026h[?25l[A[1Gpulling manifest [K
pulling a99b7f834d75:   5% ▕                  ▏ 319 MB/6.0 GB  9.7 MB/s   9m41s[K[?25h[?2026l[?2026h[?25l[A[1Gpulling manifest [K
pulling a99b7f834d75:   5% ▕                  ▏ 321 MB/6.0 GB  9.7 MB/s   9m41s[K[?25h[?2026l[?2026h[?25l[A[1Gpulling manifest [K
pulling a99b7f834d75:   5% ▕                  ▏ 323 MB/6.0 GB  9.7 MB/s   9m40s[K[?25h[?2026l[?2026h[?25l[A[1Gpulling manifest [K
pulling a99b7f834d75:   5% ▕                  ▏ 324 MB/6.0 GB  9.7 MB/s   9m40s[K[?25h[?2026l[?2026h[?25l[A[1Gpulling manifest [K
pulling a99b7f834d75:   5% ▕                  ▏ 327 MB/6.0 GB  9.7 MB/s   9m40s[K[?25h[?2026l[?2026h[?25l[A[1Gpulling manifest [K
pulling a99b7f834d75:   6% ▕                  ▏ 329 MB/6.0 GB  9.7 MB/s   9m40s[K[?25h[?2026l[?2026h[?25l[A[1Gpulling manifest [K
pulling a99b7f834d75:   6% ▕                  ▏ 330 MB/6.0 GB  9.7 MB/s   9m40s[K[?25h[?2026l[?2026h[?25l[A[1Gpulling manifest [K
pulling a99b7f834d75:   6% ▕█                 ▏ 332 MB/6.0 GB   12 MB/s   7m14s[K[?25h[?2026l[?2026h[?25l[A[1Gpulling manifest [K
pulling a99b7f834d75:   6% ▕█                 ▏ 334 MB/6.0 GB   12 MB/s   7m13s[K[?25h[?2026l[?2026h[?25l[A[1Gpulling manifest [K
pulling a99b7f834d75:   6% ▕█                 ▏ 336 MB/6.0 GB   12 MB/s   7m13s[K[?25h[?2026l[?2026h[?25l[A[1Gpulling manifest [K
pulling a99b7f834d75:   6% ▕█                 ▏ 338 MB/6.0 GB   12 MB/s   7m13s[K[?25h[?2026l[?2026h[?25l[A[1Gpulling manifest [K
pulling a99b7f834d75:   6% ▕█                 ▏ 339 MB/6.0 GB   12 MB/s   7m13s[K[?25h[?2026l[?2026h[?25l[A[1Gpulling manifest [K
pulling a99b7f834d75:   6% ▕█                 ▏ 340 MB/6.0 GB   12 MB/s   7m13s[K[?25h[?2026l[?2026h[?25l[A[1Gpulling manifest [K
pulling a99b7f834d75:   6% ▕█                 ▏ 343 MB/6.0 GB   12 MB/s   7m13s[K[?25h[?2026l[?2026h[?25l[A[1Gpulling manifest [K
pulling a99b7f834d75:   6% ▕█                 ▏ 345 MB/6.0 GB   12 MB/s   7m13s[K[?25h[?2026l[?2026h[?25l[A[1Gpulling manifest [K
pulling a99b7f834d75:   6% ▕█                 ▏ 346 MB/6.0 GB   12 MB/s   7m13s[K[?25h[?2026l[?2026h[?25l[A[1Gpulling manifest [K
pulling a99b7f834d75:   6% ▕█                 ▏ 348 MB/6.0 GB   12 MB/s   7m12s[K[?25h[?2026l[?2026h[?25l[A[1Gpulling manifest [K
pulling a99b7f834d75:   6% ▕█                 ▏ 350 MB/6.0 GB   14 MB/s   6m34s[K[?25h[?2026l[?2026h[?25l[A[1Gpulling manifest [K
pulling a99b7f834d75:   6% ▕█                 ▏ 352 MB/6.0 GB   14 MB/s   6m34s[K[?25h[?2026l[?2026h[?25l[A[1Gpulling manifest [K
pulling a99b7f834d75:   6% ▕█                 ▏ 354 MB/6.0 GB   14 MB/s   6m34s[K[?25h[?2026l[?2026h[?25l[A[1Gpulling manifest [K
pulling a99b7f834d75:   6% ▕█                 ▏ 356 MB/6.0 GB   14 MB/s   6m34s[K[?25h[?2026l[?2026h[?25l[A[1Gpulling manifest [K
pulling a99b7f834d75:   6% ▕█                 ▏ 358 MB/6.0 GB   14 MB/s   6m34s[K[?25h[?2026l[?2026h[?25l[A[1Gpulling manifest [K
pulling a99b7f834d75:   6% ▕█                 ▏ 360 MB/6.0 GB   14 MB/s   6m34s[K[?25h[?2026l[?2026h[?25l[A[1Gpulling manifest [K
pulling a99b7f834d75:   6% ▕█                 ▏ 362 MB/6.0 GB   14 MB/s   6m33s[K[?25h[?2026l[?2026h[?25l[A[1Gpulling manifest [K
pulling a99b7f834d75:   6% ▕█                 ▏ 363 MB/6.0 GB   14 MB/s   6m33s[K[?25h[?2026l[?2026h[?25l[A[1Gpulling manifest [K
pulling a99b7f834d75:   6% ▕█                 ▏ 366 MB/6.0 GB   14 MB/s   6m33s[K[?25h[?2026l[?2026h[?25l[A[1Gpulling manifest [K
pulling a99b7f834d75:   6% ▕█                 ▏ 368 MB/6.0 GB   14 MB/s   6m33s[K[?25h[?2026l[?2026h[?25l[A[1Gpulling manifest [K
pulling a99b7f834d75:   6% ▕█                 ▏ 369 MB/6.0 GB   15 MB/s    6m2s[K[?25h[?2026l[?2026h[?25l[A[1Gpulling manifest [K
pulling a99b7f834d75:   6% ▕█                 ▏ 372 MB/6.0 GB   15 MB/s    6m2s[K[?25h[?2026l[?2026h[?25l[A[1Gpulling manifest [K
pulling a99b7f834d75:   6% ▕█                 ▏ 374 MB/6.0 GB   15 MB/s    6m2s[K[?25h[?2026l[?2026h[?25l[A[1Gpulling manifest [K
pulling a99b7f834d75:   6% ▕█                 ▏ 375 MB/6.0 GB   15 MB/s    6m2s[K[?25h[?2026l[?2026h[?25l[A[1Gpulling manifest [K
pulling a99b7f834d75:   6% ▕█                 ▏ 378 MB/6.0 GB   15 MB/s    6m2s[K[?25h[?2026l[?2026h[?25l[A[1Gpulling manifest [K
pulling a99b7f834d75:   6% ▕█                 ▏ 380 MB/6.0 GB   15 MB/s    6m2s[K[?25h[?2026l[?2026h[?25l[A[1Gpulling manifest [K
pulling a99b7f834d75:   6% ▕█                 ▏ 381 MB/6.0 GB   15 MB/s    6m1s[K[?25h[?2026l[?2026h[?25l[A[1Gpulling manifest [K
pulling a99b7f834d75:   6% ▕█                 ▏ 383 MB/6.0 GB   15 MB/s    6m1s[K[?25h[?2026l[?2026h[?25l[A[1Gpulling manifest [K
pulling a99b7f834d75:   6% ▕█                 ▏ 386 MB/6.0 GB   15 MB/s    6m1s[K[?25h[?2026l[?2026h[?25l[A[1Gpulling manifest [K
pulling a99b7f834d75:   6% ▕█                 ▏ 387 MB/6.0 GB   15 MB/s    6m1s[K[?25h[?2026l[?2026h[?25l[A[1Gpulling manifest [K
pulling a99b7f834d75:   7% ▕█                 ▏ 389 MB/6.0 GB   16 MB/s   5m44s[K[?25h[?2026l[?2026h[?25l[A[1Gpulling manifest [K
pulling a99b7f834d75:   7% ▕█                 ▏ 392 MB/6.0 GB   16 MB/s   5m44s[K[?25h[?2026l[?2026h[?25l[A[1Gpulling manifest [K
pulling a99b7f834d75:   7% ▕█                 ▏ 393 MB/6.0 GB   16 MB/s   5m44s[K[?25h[?2026l[?2026h[?25l[A[1Gpulling manifest [K
pulling a99b7f834d75:   7% ▕█                 ▏ 395 MB/6.0 GB   16 MB/s   5m43s[K[?25h[?2026l[?2026h[?25l[A[1Gpulling manifest [K
pulling a99b7f834d75:   7% ▕█                 ▏ 398 MB/6.0 GB   16 MB/s   5m43s[K[?25h[?2026l[?2026h[?25l[A[1Gpulling manifest [K
pulling a99b7f834d75:   7% ▕█                 ▏ 399 MB/6.0 GB   16 MB/s   5m43s[K[?25h[?2026l[?2026h[?25l[A[1Gpulling manifest [K
pulling a99b7f834d75:   7% ▕█                 ▏ 401 MB/6.0 GB   16 MB/s   5m43s[K[?25h[?2026l[?2026h[?25l[A[1Gpulling manifest [K
pulling a99b7f834d75:   7% ▕█                 ▏ 403 MB/6.0 GB   16 MB/s   5m43s[K[?25h[?2026l[?2026h[?25l[A[1Gpulling manifest [K
pulling a99b7f834d75:   7% ▕█                 ▏ 405 MB/6.0 GB   16 MB/s   5m43s[K[?25h[?2026l[?2026h[?25l[A[1Gpulling manifest [K
pulling a99b7f834d75:   7% ▕█                 ▏ 407 MB/6.0 GB   16 MB/s   5m43s[K[?25h[?2026l[?2026h[?25l[A[1Gpulling manifest [K
pulling a99b7f834d75:   7% ▕█                 ▏ 409 MB/6.0 GB   16 MB/s   5m31s[K[?25h[?2026l[?2026h[?25l[A[1Gpulling manifest [K
pulling a99b7f834d75:   7% ▕█                 ▏ 411 MB/6.0 GB   16 MB/s   5m31s[K[?25h[?2026l[?2026h[?25l[A[1Gpulling manifest [K
pulling a99b7f834d75:   7% ▕█                 ▏ 413 MB/6.0 GB   16 MB/s   5m31s[K[?25h[?2026l[?2026h[?25l[A[1Gpulling manifest [K
pulling a99b7f834d75:   7% ▕█                 ▏ 416 MB/6.0 GB   16 MB/s   5m31s[K[?25h[?2026l[?2026h[?25l[A[1Gpulling manifest [K
pulling a99b7f834d75:   7% ▕█                 ▏ 417 MB/6.0 GB   16 MB/s   5m31s[K[?25h[?2026l[?2026h[?25l[A[1Gpulling manifest [K
pulling a99b7f834d75:   7% ▕█                 ▏ 419 MB/6.0 GB   16 MB/s   5m31s[K[?25h[?2026l[?2026h[?25l[A[1Gpulling manifest [K
pulling a99b7f834d75:   7% ▕█                 ▏ 421 MB/6.0 GB   16 MB/s   5m31s[K[?25h[?2026l[?2026h[?25l[A[1Gpulling manifest [K
pulling a99b7f834d75:   7% ▕█                 ▏ 422 MB/6.0 GB   16 MB/s   5m31s[K[?25h[?2026l[?2026h[?25l[A[1Gpulling manifest [K
pulling a99b7f834d75:   7% ▕█                 ▏ 424 MB/6.0 GB   16 MB/s   5m30s[K[?25h[?2026l[?2026h[?25l[A[1Gpulling manifest [K
pulling a99b7f834d75:   7% ▕█                 ▏ 426 MB/6.0 GB   16 MB/s   5m30s[K[?25h[?2026l[?2026h[?25l[A[1Gpulling manifest [K
pulling a99b7f834d75:   7% ▕█                 ▏ 427 MB/6.0 GB   16 MB/s   5m30s[K[?25h[?2026l[?2026h[?25l[A[1Gpulling manifest [K
pulling a99b7f834d75:   7% ▕█                 ▏ 429 MB/6.0 GB   16 MB/s   5m26s[K[?25h[?2026l[?2026h[?25l[A[1Gpulling manifest [K
pulling a99b7f834d75:   7% ▕█                 ▏ 432 MB/6.0 GB   16 MB/s   5m26s[K[?25h[?2026l[?2026h[?25l[A[1Gpulling manifest [K
pulling a99b7f834d75:   7% ▕█                 ▏ 433 MB/6.0 GB   16 MB/s   5m26s[K[?25h[?2026l[?2026h[?25l[A[1Gpulling manifest [K
pulling a99b7f834d75:   7% ▕█                 ▏ 436 MB/6.0 GB   16 MB/s   5m26s[K[?25h[?2026l[?2026h[?25l[A[1Gpulling manifest [K
pulling a99b7f834d75:   7% ▕█                 ▏ 438 MB/6.0 GB   16 MB/s   5m25s[K[?25h[?2026l[?2026h[?25l[A[1Gpulling manifest [K
pulling a99b7f834d75:   7% ▕█                 ▏ 439 MB/6.0 GB   16 MB/s   5m25s[K[?25h[?2026l[?2026h[?25l[A[1Gpulling manifest [K
pulling a99b7f834d75:   7% ▕█                 ▏ 441 MB/6.0 GB   16 MB/s   5m25s[K[?25h[?2026l[?2026h[?25l[A[1Gpulling manifest [K
pulling a99b7f834d75:   7% ▕█                 ▏ 444 MB/6.0 GB   16 MB/s   5m25s[K[?25h[?2026l[?2026h[?25l[A[1Gpulling manifest [K
pulling a99b7f834d75:   7% ▕█                 ▏ 445 MB/6.0 GB   16 MB/s   5m25s[K[?25h[?2026l[?2026h[?25l[A[1Gpulling manifest [K
pulling a99b7f834d75:   8% ▕█                 ▏ 447 MB/6.0 GB   16 MB/s   5m25s[K[?25h[?2026l[?2026h[?25l[A[1Gpulling manifest [K
pulling a99b7f834d75:   8% ▕█                 ▏ 450 MB/6.0 GB   17 MB/s   5m17s[K[?25h[?2026l[?2026h[?25l[A[1Gpulling manifest [K
pulling a99b7f834d75:   8% ▕█                 ▏ 451 MB/6.0 GB   17 MB/s   5m17s[K[?25h[?2026l[?2026h[?25l[A[1Gpulling manifest [K
pulling a99b7f834d75:   8% ▕█                 ▏ 453 MB/6.0 GB   17 MB/s   5m17s[K[?25h[?2026l[?2026h[?25l[A[1Gpulling manifest [K
pulling a99b7f834d75:   8% ▕█                 ▏ 456 MB/6.0 GB   17 MB/s   5m17s[K[?25h[?2026l[?2026h[?25l[A[1Gpulling manifest [K
pulling a99b7f834d75:   8% ▕█                 ▏ 457 MB/6.0 GB   17 MB/s   5m17s[K[?25h[?2026l[?2026h[?25l[A[1Gpulling manifest [K
pulling a99b7f834d75:   8% ▕█                 ▏ 459 MB/6.0 GB   17 MB/s   5m17s[K[?25h[?2026l[?2026h[?25l[A[1Gpulling manifest [K
pulling a99b7f834d75:   8% ▕█                 ▏ 462 MB/6.0 GB   17 MB/s   5m16s[K[?25h[?2026l[?2026h[?25l[A[1Gpulling manifest [K
pulling a99b7f834d75:   8% ▕█                 ▏ 463 MB/6.0 GB   17 MB/s   5m16s[K[?25h[?2026l[?2026h[?25l[A[1Gpulling manifest [K
pulling a99b7f834d75:   8% ▕█                 ▏ 465 MB/6.0 GB   17 MB/s   5m16s[K[?25h[?2026l[?2026h[?25l[A[1Gpulling manifest [K
pulling a99b7f834d75:   8% ▕█                 ▏ 468 MB/6.0 GB   17 MB/s   5m16s[K[?25h[?2026l[?2026h[?25l[A[1Gpulling manifest [K
pulling a99b7f834d75:   8% ▕█                 ▏ 469 MB/6.0 GB   19 MB/s   4m42s[K[?25h[?2026l[?2026h[?25l[A[1Gpulling manifest [K
pulling a99b7f834d75:   8% ▕█                 ▏ 471 MB/6.0 GB   19 MB/s   4m42s[K[?25h[?2026l[?2026h[?25l[A[1Gpulling manifest [K
pulling a99b7f834d75:   8% ▕█                 ▏ 473 MB/6.0 GB   19 MB/s   4m42s[K[?25h[?2026l[?2026h[?25l[A[1Gpulling manifest [K
pulling a99b7f834d75:   8% ▕█                 ▏ 474 MB/6.0 GB   19 MB/s   4m42s[K[?25h[?2026l[?2026h[?25l[A[1Gpulling manifest [K
pulling a99b7f834d75:   8% ▕█                 ▏ 474 MB/6.0 GB   19 MB/s   4m42s[K[?25h[?2026l[?2026h[?25l[A[1Gpulling manifest [K
pulling a99b7f834d75:   8% ▕█                 ▏ 476 MB/6.0 GB   19 MB/s   4m42s[K[?25h[?2026l[?2026h[?25l[A[1Gpulling manifest [K
pulling a99b7f834d75:   8% ▕█                 ▏ 477 MB/6.0 GB   19 MB/s   4m41s[K[?25h[?2026l[?2026h[?25l[A[1Gpulling manifest [K
pulling a99b7f834d75:   8% ▕█                 ▏ 479 MB/6.0 GB   19 MB/s   4m41s[K[?25h[?2026l[?2026h[?25l[A[1Gpulling manifest [K
pulling a99b7f834d75:   8% ▕█                 ▏ 482 MB/6.0 GB   19 MB/s   4m41s[K[?25h[?2026l[?2026h[?25l[A[1Gpulling manifest [K
pulling a99b7f834d75:   8% ▕█                 ▏ 483 MB/6.0 GB   19 MB/s   4m41s[K[?25h[?2026l[?2026h[?25l[A[1Gpulling manifest [K
pulling a99b7f834d75:   8% ▕█                 ▏ 486 MB/6.0 GB   19 MB/s   4m43s[K[?25h[?2026l[?2026h[?25l[A[1Gpulling manifest [K
pulling a99b7f834d75:   8% ▕█                 ▏ 488 MB/6.0 GB   19 MB/s   4m43s[K[?25h[?2026l[?2026h[?25l[A[1Gpulling manifest [K
pulling a99b7f834d75:   8% ▕█                 ▏ 489 MB/6.0 GB   19 MB/s   4m43s[K[?25h[?2026l[?2026h[?25l[A[1Gpulling manifest [K
pulling a99b7f834d75:   8% ▕█                 ▏ 491 MB/6.0 GB   19 MB/s   4m43s[K[?25h[?2026l[?2026h[?25l[A[1Gpulling manifest [K
pulling a99b7f834d75:   8% ▕█                 ▏ 493 MB/6.0 GB   19 MB/s   4m43s[K[?25h[?2026l[?2026h[?25l[A[1Gpulling manifest [K
pulling a99b7f834d75:   8% ▕█                 ▏ 495 MB/6.0 GB   19 MB/s   4m43s[K[?25h[?2026l[?2026h[?25l[A[1Gpulling manifest [K
pulling a99b7f834d75:   8% ▕█                 ▏ 497 MB/6.0 GB   19 MB/s   4m42s[K[?25h[?2026l[?2026h[?25l[A[1Gpulling manifest [K
pulling a99b7f834d75:   8% ▕█                 ▏ 499 MB/6.0 GB   19 MB/s   4m42s[K[?25h[?2026l[?2026h[?25l[A[1Gpulling manifest [K
pulling a99b7f834d75:   8% ▕█                 ▏ 500 MB/6.0 GB   19 MB/s   4m42s[K[?25h[?2026l[?2026h[?25l[A[1Gpulling manifest [K
pulling a99b7f834d75:   8% ▕█                 ▏ 503 MB/6.0 GB   19 MB/s   4m42s[K[?25h[?2026l[?2026h[?25l[A[1Gpulling manifest [K
pulling a99b7f834d75:   8% ▕█                 ▏ 505 MB/6.0 GB   19 MB/s   4m42s[K[?25h[?2026l[?2026h[?25l[A[1Gpulling manifest [K
pulling a99b7f834d75:   8% ▕█                 ▏ 507 MB/6.0 GB   19 MB/s   4m42s[K[?25h[?2026l[?2026h[?25l[A[1Gpulling manifest [K
pulling a99b7f834d75:   9% ▕█                 ▏ 509 MB/6.0 GB   19 MB/s   4m41s[K[?25h[?2026l[?2026h[?25l[A[1Gpulling manifest [K
pulling a99b7f834d75:   9% ▕█                 ▏ 511 MB/6.0 GB   19 MB/s   4m41s[K[?25h[?2026l[?2026h[?25l[A[1Gpulling manifest [K
pulling a99b7f834d75:   9% ▕█                 ▏ 513 MB/6.0 GB   19 MB/s   4m41s[K[?25h[?2026l[?2026h[?25l[A[1Gpulling manifest [K
pulling a99b7f834d75:   9% ▕█                 ▏ 515 MB/6.0 GB   19 MB/s   4m41s[K[?25h[?2026l[?2026h[?25l[A[1Gpulling manifest [K
pulling a99b7f834d75:   9% ▕█                 ▏ 517 MB/6.0 GB   19 MB/s   4m41s[K[?25h[?2026l[?2026h[?25l[A[1Gpulling manifest [K
pulling a99b7f834d75:   9% ▕█                 ▏ 519 MB/6.0 GB   19 MB/s   4m41s[K[?25h[?2026l[?2026h[?25l[A[1Gpulling manifest [K
pulling a99b7f834d75:   9% ▕█                 ▏ 521 MB/6.0 GB   19 MB/s   4m41s[K[?25h[?2026l[?2026h[?25l[A[1Gpulling manifest [K
pulling a99b7f834d75:   9% ▕█                 ▏ 523 MB/6.0 GB   19 MB/s   4m41s[K[?25h[?2026l[?2026h[?25l[A[1Gpulling manifest [K
pulling a99b7f834d75:   9% ▕█                 ▏ 524 MB/6.0 GB   19 MB/s   4m41s[K[?25h[?2026l[?2026h[?25l[A[1Gpulling manifest [K
pulling a99b7f834d75:   9% ▕█                 ▏ 526 MB/6.0 GB   19 MB/s   4m37s[K[?25h[?2026l[?2026h[?25l[A[1Gpulling manifest [K
pulling a99b7f834d75:   9% ▕█                 ▏ 529 MB/6.0 GB   19 MB/s   4m37s[K[?25h[?2026l[?2026h[?25l[A[1Gpulling manifest [K
pulling a99b7f834d75:   9% ▕█                 ▏ 530 MB/6.0 GB   19 MB/s   4m37s[K[?25h[?2026l[?2026h[?25l[A[1Gpulling manifest [K
pulling a99b7f834d75:   9% ▕█                 ▏ 532 MB/6.0 GB   19 MB/s   4m37s[K[?25h[?2026l[?2026h[?25l[A[1Gpulling manifest [K
pulling a99b7f834d75:   9% ▕█                 ▏ 535 MB/6.0 GB   19 MB/s   4m37s[K[?25h[?2026l[?2026h[?25l[A[1Gpulling manifest [K
pulling a99b7f834d75:   9% ▕█                 ▏ 536 MB/6.0 GB   19 MB/s   4m37s[K[?25h[?2026l[?2026h[?25l[A[1Gpulling manifest [K
pulling a99b7f834d75:   9% ▕█                 ▏ 538 MB/6.0 GB   19 MB/s   4m37s[K[?25h[?2026l[?2026h[?25l[A[1Gpulling manifest [K
pulling a99b7f834d75:   9% ▕█                 ▏ 541 MB/6.0 GB   19 MB/s   4m37s[K[?25h[?2026l[?2026h[?25l[A[1Gpulling manifest [K
pulling a99b7f834d75:   9% ▕█                 ▏ 542 MB/6.0 GB   19 MB/s   4m36s[K[?25h[?2026l[?2026h[?25l[A[1Gpulling manifest [K
pulling a99b7f834d75:   9% ▕█                 ▏ 544 MB/6.0 GB   19 MB/s   4m36s[K[?25h[?2026l[?2026h[?25l[A[1Gpulling manifest [K
pulling a99b7f834d75:   9% ▕█                 ▏ 547 MB/6.0 GB   19 MB/s   4m36s[K[?25h[?2026l[?2026h[?25l[A[1Gpulling manifest [K
pulling a99b7f834d75:   9% ▕█                 ▏ 548 MB/6.0 GB   19 MB/s   4m36s[K[?25h[?2026l[?2026h[?25l[A[1Gpulling manifest [K
pulling a99b7f834d75:   9% ▕█                 ▏ 550 MB/6.0 GB   19 MB/s   4m36s[K[?25h[?2026l[?2026h[?25l[A[1Gpulling manifest [K
pulling a99b7f834d75:   9% ▕█                 ▏ 553 MB/6.0 GB   19 MB/s   4m36s[K[?25h[?2026l[?2026h[?25l[A[1Gpulling manifest [K
pulling a99b7f834d75:   9% ▕█                 ▏ 554 MB/6.0 GB   19 MB/s   4m36s[K[?25h[?2026l[?2026h[?25l[A[1Gpulling manifest [K
pulling a99b7f834d75:   9% ▕█                 ▏ 556 MB/6.0 GB   19 MB/s   4m36s[K[?25h[?2026l[?2026h[?25l[A[1Gpulling manifest [K
pulling a99b7f834d75:   9% ▕█                 ▏ 558 MB/6.0 GB   19 MB/s   4m36s[K[?25h[?2026l[?2026h[?25l[A[1Gpulling manifest [K
pulling a99b7f834d75:   9% ▕█                 ▏ 559 MB/6.0 GB   19 MB/s   4m36s[K[?25h[?2026l[?2026h[?25l[A[1Gpulling manifest [K
pulling a99b7f834d75:   9% ▕█                 ▏ 562 MB/6.0 GB   19 MB/s   4m36s[K[?25h[?2026l[?2026h[?25l[A[1Gpulling manifest [K
pulling a99b7f834d75:   9% ▕█                 ▏ 564 MB/6.0 GB   19 MB/s   4m35s[K[?25h[?2026l[?2026h[?25l[A[1Gpulling manifest [K
pulling a99b7f834d75:   9% ▕█                 ▏ 565 MB/6.0 GB   19 MB/s   4m36s[K[?25h[?2026l[?2026h[?25l[A[1Gpulling manifest [K
pulling a99b7f834d75:  10% ▕█                 ▏ 568 MB/6.0 GB   19 MB/s   4m36s[K[?25h[?2026l[?2026h[?25l[A[1Gpulling manifest [K
pulling a99b7f834d75:  10% ▕█                 ▏ 570 MB/6.0 GB   19 MB/s   4m35s[K[?25h[?2026l[?2026h[?25l[A[1Gpulling manifest [K
pulling a99b7f834d75:  10% ▕█                 ▏ 571 MB/6.0 GB   19 MB/s   4m35s[K[?25h[?2026l[?2026h[?25l[A[1Gpulling manifest [K
pulling a99b7f834d75:  10% ▕█                 ▏ 574 MB/6.0 GB   19 MB/s   4m35s[K[?25h[?2026l[?2026h[?25l[A[1Gpulling manifest [K
pulling a99b7f834d75:  10% ▕█                 ▏ 576 MB/6.0 GB   19 MB/s   4m35s[K[?25h[?2026l[?2026h[?25l[A[1Gpulling manifest [K
pulling a99b7f834d75:  10% ▕█                 ▏ 577 MB/6.0 GB   19 MB/s   4m35s[K[?25h[?2026l[?2026h[?25l[A[1Gpulling manifest [K
pulling a99b7f834d75:  10% ▕█                 ▏ 579 MB/6.0 GB   19 MB/s   4m35s[K[?25h[?2026l[?2026h[?25l[A[1Gpulling manifest [K
pulling a99b7f834d75:  10% ▕█                 ▏ 582 MB/6.0 GB   19 MB/s   4m35s[K[?25h[?2026l[?2026h[?25l[A[1Gpulling manifest [K
pulling a99b7f834d75:  10% ▕█                 ▏ 583 MB/6.0 GB   19 MB/s   4m35s[K[?25h[?2026l[?2026h[?25l[A[1Gpulling manifest [K
pulling a99b7f834d75:  10% ▕█                 ▏ 585 MB/6.0 GB   19 MB/s   4m35s[K[?25h[?2026l[?2026h[?25l[A[1Gpulling manifest [K
pulling a99b7f834d75:  10% ▕█                 ▏ 587 MB/6.0 GB   19 MB/s   4m35s[K[?25h[?2026l[?2026h[?25l[A[1Gpulling manifest [K
pulling a99b7f834d75:  10% ▕█                 ▏ 588 MB/6.0 GB   19 MB/s   4m35s[K[?25h[?2026l[?2026h[?25l[A[1Gpulling manifest [K
pulling a99b7f834d75:  10% ▕█                 ▏ 591 MB/6.0 GB   19 MB/s   4m35s[K[?25h[?2026l[?2026h[?25l[A[1Gpulling manifest [K
pulling a99b7f834d75:  10% ▕█                 ▏ 593 MB/6.0 GB   19 MB/s   4m35s[K[?25h[?2026l[?2026h[?25l[A[1Gpulling manifest [K
pulling a99b7f834d75:  10% ▕█                 ▏ 594 MB/6.0 GB   19 MB/s   4m35s[K[?25h[?2026l[?2026h[?25l[A[1Gpulling manifest [K
pulling a99b7f834d75:  10% ▕█                 ▏ 596 MB/6.0 GB   19 MB/s   4m35s[K[?25h[?2026l[?2026h[?25l[A[1Gpulling manifest [K
pulling a99b7f834d75:  10% ▕█                 ▏ 598 MB/6.0 GB   19 MB/s   4m35s[K[?25h[?2026l[?2026h[?25l[A[1Gpulling manifest [K
pulling a99b7f834d75:  10% ▕█                 ▏ 599 MB/6.0 GB   19 MB/s   4m35s[K[?25h[?2026l[?2026h[?25l[A[1Gpulling manifest [K
pulling a99b7f834d75:  10% ▕█                 ▏ 602 MB/6.0 GB   19 MB/s   4m35s[K[?25h[?2026l[?2026h[?25l[A[1Gpulling manifest [K
pulling a99b7f834d75:  10% ▕█                 ▏ 604 MB/6.0 GB   19 MB/s   4m33s[K[?25h[?2026l[?2026h[?25l[A[1Gpulling manifest [K
pulling a99b7f834d75:  10% ▕█                 ▏ 605 MB/6.0 GB   19 MB/s   4m33s[K[?25h[?2026l[?2026h[?25l[A[1Gpulling manifest [K
pulling a99b7f834d75:  10% ▕█                 ▏ 608 MB/6.0 GB   19 MB/s   4m33s[K[?25h[?2026l[?2026h[?25l[A[1Gpulling manifest [K
pulling a99b7f834d75:  10% ▕█                 ▏ 610 MB/6.0 GB   19 MB/s   4m33s[K[?25h[?2026l[?2026h[?25l[A[1Gpulling manifest [K
pulling a99b7f834d75:  10% ▕█                 ▏ 611 MB/6.0 GB   19 MB/s   4m33s[K[?25h[?2026l[?2026h[?25l[A[1Gpulling manifest [K
pulling a99b7f834d75:  10% ▕█                 ▏ 614 MB/6.0 GB   19 MB/s   4m33s[K[?25h[?2026l[?2026h[?25l[A[1Gpulling manifest [K
pulling a99b7f834d75:  10% ▕█                 ▏ 616 MB/6.0 GB   19 MB/s   4m33s[K[?25h[?2026l[?2026h[?25l[A[1Gpulling manifest [K
pulling a99b7f834d75:  10% ▕█                 ▏ 617 MB/6.0 GB   19 MB/s   4m33s[K[?25h[?2026l[?2026h[?25l[A[1Gpulling manifest [K
pulling a99b7f834d75:  10% ▕█                 ▏ 619 MB/6.0 GB   19 MB/s   4m33s[K[?25h[?2026l[?2026h[?25l[A[1Gpulling manifest [K
pulling a99b7f834d75:  10% ▕█                 ▏ 622 MB/6.0 GB   19 MB/s   4m32s[K[?25h[?2026l[?2026h[?25l[A[1Gpulling manifest [K
pulling a99b7f834d75:  10% ▕█                 ▏ 623 MB/6.0 GB   19 MB/s   4m32s[K[?25h[?2026l[?2026h[?25l[A[1Gpulling manifest [K
pulling a99b7f834d75:  10% ▕█                 ▏ 626 MB/6.0 GB   19 MB/s   4m33s[K[?25h[?2026l[?2026h[?25l[A[1Gpulling manifest [K
pulling a99b7f834d75:  11% ▕█                 ▏ 628 MB/6.0 GB   19 MB/s   4m33s[K[?25h[?2026l[?2026h[?25l[A[1Gpulling manifest [K
pulling a99b7f834d75:  11% ▕█                 ▏ 629 MB/6.0 GB   19 MB/s   4m33s[K[?25h[?2026l[?2026h[?25l[A[1Gpulling manifest [K
pulling a99b7f834d75:  11% ▕█                 ▏ 631 MB/6.0 GB   19 MB/s   4m33s[K[?25h[?2026l[?2026h[?25l[A[1Gpulling manifest [K
pulling a99b7f834d75:  11% ▕█                 ▏ 634 MB/6.0 GB   19 MB/s   4m33s[K[?25h[?2026l[?2026h[?25l[A[1Gpulling manifest [K
pulling a99b7f834d75:  11% ▕█                 ▏ 635 MB/6.0 GB   19 MB/s   4m32s[K[?25h[?2026l[?2026h[?25l[A[1Gpulling manifest [K
pulling a99b7f834d75:  11% ▕█                 ▏ 637 MB/6.0 GB   19 MB/s   4m32s[K[?25h[?2026l[?2026h[?25l[A[1Gpulling manifest [K
pulling a99b7f834d75:  11% ▕█                 ▏ 639 MB/6.0 GB   19 MB/s   4m32s[K[?25h[?2026l[?2026h[?25l[A[1Gpulling manifest [K
pulling a99b7f834d75:  11% ▕█                 ▏ 640 MB/6.0 GB   19 MB/s   4m32s[K[?25h[?2026l[?2026h[?25l[A[1Gpulling manifest [K
pulling a99b7f834d75:  11% ▕█                 ▏ 643 MB/6.0 GB   19 MB/s   4m32s[K[?25h[?2026l[?2026h[?25l[A[1Gpulling manifest [K
pulling a99b7f834d75:  11% ▕█                 ▏ 645 MB/6.0 GB   19 MB/s   4m33s[K[?25h[?2026l[?2026h[?25l[A[1Gpulling manifest [K
pulling a99b7f834d75:  11% ▕█                 ▏ 646 MB/6.0 GB   19 MB/s   4m33s[K[?25h[?2026l[?2026h[?25l[A[1Gpulling manifest [K
pulling a99b7f834d75:  11% ▕█                 ▏ 648 MB/6.0 GB   19 MB/s   4m33s[K[?25h[?2026l[?2026h[?25l[A[1Gpulling manifest [K
pulling a99b7f834d75:  11% ▕█                 ▏ 650 MB/6.0 GB   19 MB/s   4m33s[K[?25h[?2026l[?2026h[?25l[A[1Gpulling manifest [K
pulling a99b7f834d75:  11% ▕█                 ▏ 652 MB/6.0 GB   19 MB/s   4m33s[K[?25h[?2026l[?2026h[?25l[A[1Gpulling manifest [K
pulling a99b7f834d75:  11% ▕█                 ▏ 654 MB/6.0 GB   19 MB/s   4m33s[K[?25h[?2026l[?2026h[?25l[A[1Gpulling manifest [K
pulling a99b7f834d75:  11% ▕█                 ▏ 657 MB/6.0 GB   19 MB/s   4m33s[K[?25h[?2026l[?2026h[?25l[A[1Gpulling manifest [K
pulling a99b7f834d75:  11% ▕█                 ▏ 658 MB/6.0 GB   19 MB/s   4m33s[K[?25h[?2026l[?2026h[?25l[A[1Gpulling manifest [K
pulling a99b7f834d75:  11% ▕█                 ▏ 660 MB/6.0 GB   19 MB/s   4m33s[K[?25h[?2026l[?2026h[?25l[A[1Gpulling manifest [K
pulling a99b7f834d75:  11% ▕██                ▏ 663 MB/6.0 GB   19 MB/s   4m32s[K[?25h[?2026l[?2026h[?25l[A[1Gpulling manifest [K
pulling a99b7f834d75:  11% ▕██                ▏ 664 MB/6.0 GB   19 MB/s   4m27s[K[?25h[?2026l[?2026h[?25l[A[1Gpulling manifest [K
pulling a99b7f834d75:  11% ▕██                ▏ 667 MB/6.0 GB   19 MB/s   4m27s[K[?25h[?2026l[?2026h[?25l[A[1Gpulling manifest [K
pulling a99b7f834d75:  11% ▕██                ▏ 668 MB/6.0 GB   19 MB/s   4m27s[K[?25h[?2026l[?2026h[?25l[A[1Gpulling manifest [K
pulling a99b7f834d75:  11% ▕██                ▏ 670 MB/6.0 GB   19 MB/s   4m27s[K[?25h[?2026l[?2026h[?25l[A[1Gpulling manifest [K
pulling a99b7f834d75:  11% ▕██                ▏ 671 MB/6.0 GB   19 MB/s   4m27s[K[?25h[?2026l[?2026h[?25l[A[1Gpulling manifest [K
pulling a99b7f834d75:  11% ▕██                ▏ 671 MB/6.0 GB   19 MB/s   4m27s[K[?25h[?2026l[?2026h[?25l[A[1Gpulling manifest [K
pulling a99b7f834d75:  11% ▕██                ▏ 672 MB/6.0 GB   19 MB/s   4m27s[K[?25h[?2026l[?2026h[?25l[A[1Gpulling manifest [K
pulling a99b7f834d75:  11% ▕██                ▏ 674 MB/6.0 GB   19 MB/s   4m27s[K[?25h[?2026l[?2026h[?25l[A[1Gpulling manifest [K
pulling a99b7f834d75:  11% ▕██                ▏ 677 MB/6.0 GB   19 MB/s   4m27s[K[?25h[?2026l[?2026h[?25l[A[1Gpulling manifest [K
pulling a99b7f834d75:  11% ▕██                ▏ 678 MB/6.0 GB   19 MB/s   4m27s[K[?25h[?2026l[?2026h[?25l[A[1Gpulling manifest [K
pulling a99b7f834d75:  11% ▕██                ▏ 680 MB/6.0 GB   19 MB/s   4m32s[K[?25h[?2026l[?2026h[?25l[A[1Gpulling manifest [K
pulling a99b7f834d75:  11% ▕██                ▏ 683 MB/6.0 GB   19 MB/s   4m32s[K[?25h[?2026l[?2026h[?25l[A[1Gpulling manifest [K
pulling a99b7f834d75:  11% ▕██                ▏ 684 MB/6.0 GB   19 MB/s   4m31s[K[?25h[?2026l[?2026h[?25l[A[1Gpulling manifest [K
pulling a99b7f834d75:  12% ▕██                ▏ 686 MB/6.0 GB   19 MB/s   4m31s[K[?25h[?2026l[?2026h[?25l[A[1Gpulling manifest [K
pulling a99b7f834d75:  12% ▕██                ▏ 689 MB/6.0 GB   19 MB/s   4m31s[K[?25h[?2026l[?2026h[?25l[A[1Gpulling manifest [K
pulling a99b7f834d75:  12% ▕██                ▏ 690 MB/6.0 GB   19 MB/s   4m31s[K[?25h[?2026l[?2026h[?25l[A[1Gpulling manifest [K
pulling a99b7f834d75:  12% ▕██                ▏ 692 MB/6.0 GB   19 MB/s   4m31s[K[?25h[?2026l[?2026h[?25l[A[1Gpulling manifest [K
pulling a99b7f834d75:  12% ▕██                ▏ 694 MB/6.0 GB   19 MB/s   4m31s[K[?25h[?2026l[?2026h[?25l[A[1Gpulling manifest [K
pulling a99b7f834d75:  12% ▕██                ▏ 696 MB/6.0 GB   19 MB/s   4m31s[K[?25h[?2026l[?2026h[?25l[A[1Gpulling manifest [K
pulling a99b7f834d75:  12% ▕██                ▏ 698 MB/6.0 GB   19 MB/s   4m31s[K[?25h[?2026l[?2026h[?25l[A[1Gpulling manifest [K
pulling a99b7f834d75:  12% ▕██                ▏ 701 MB/6.0 GB   19 MB/s   4m30s[K[?25h[?2026l[?2026h[?25l[A[1Gpulling manifest [K
pulling a99b7f834d75:  12% ▕██                ▏ 702 MB/6.0 GB   19 MB/s   4m30s[K[?25h[?2026l[?2026h[?25l[A[1Gpulling manifest [K
pulling a99b7f834d75:  12% ▕██                ▏ 704 MB/6.0 GB   19 MB/s   4m30s[K[?25h[?2026l[?2026h[?25l[A[1Gpulling manifest [K
pulling a99b7f834d75:  12% ▕██                ▏ 707 MB/6.0 GB   19 MB/s   4m30s[K[?25h[?2026l[?2026h[?25l[A[1Gpulling manifest [K
pulling a99b7f834d75:  12% ▕██                ▏ 708 MB/6.0 GB   19 MB/s   4m30s[K[?25h[?2026l[?2026h[?25l[A[1Gpulling manifest [K
pulling a99b7f834d75:  12% ▕██                ▏ 710 MB/6.0 GB   19 MB/s   4m30s[K[?25h[?2026l[?2026h[?25l[A[1Gpulling manifest [K
pulling a99b7f834d75:  12% ▕██                ▏ 713 MB/6.0 GB   19 MB/s   4m30s[K[?25h[?2026l[?2026h[?25l[A[1Gpulling manifest [K
pulling a99b7f834d75:  12% ▕██                ▏ 713 MB/6.0 GB   19 MB/s   4m30s[K[?25h[?2026l[?2026h[?25l[A[1Gpulling manifest [K
pulling a99b7f834d75:  12% ▕██                ▏ 715 MB/6.0 GB   19 MB/s   4m30s[K[?25h[?2026l[?2026h[?25l[A[1Gpulling manifest [K
pulling a99b7f834d75:  12% ▕██                ▏ 718 MB/6.0 GB   19 MB/s   4m29s[K[?25h[?2026l[?2026h[?25l[A[1Gpulling manifest [K
pulling a99b7f834d75:  12% ▕██                ▏ 719 MB/6.0 GB   19 MB/s   4m29s[K[?25h[?2026l[?2026h[?25l[A[1Gpulling manifest [K
pulling a99b7f834d75:  12% ▕██                ▏ 721 MB/6.0 GB   19 MB/s   4m30s[K[?25h[?2026l[?2026h[?25l[A[1Gpulling manifest [K
pulling a99b7f834d75:  12% ▕██                ▏ 724 MB/6.0 GB   19 MB/s   4m30s[K[?25h[?2026l[?2026h[?25l[A[1Gpulling manifest [K
pulling a99b7f834d75:  12% ▕██                ▏ 725 MB/6.0 GB   19 MB/s   4m30s[K[?25h[?2026l[?2026h[?25l[A[1Gpulling manifest [K
pulling a99b7f834d75:  12% ▕██                ▏ 727 MB/6.0 GB   19 MB/s   4m30s[K[?25h[?2026l[?2026h[?25l[A[1Gpulling manifest [K
pulling a99b7f834d75:  12% ▕██                ▏ 729 MB/6.0 GB   19 MB/s   4m30s[K[?25h[?2026l[?2026h[?25l[A[1Gpulling manifest [K
pulling a99b7f834d75:  12% ▕██                ▏ 730 MB/6.0 GB   19 MB/s   4m30s[K[?25h[?2026l[?2026h[?25l[A[1Gpulling manifest [K
pulling a99b7f834d75:  12% ▕██                ▏ 733 MB/6.0 GB   19 MB/s   4m30s[K[?25h[?2026l[?2026h[?25l[A[1Gpulling manifest [K
pulling a99b7f834d75:  12% ▕██                ▏ 734 MB/6.0 GB   19 MB/s   4m29s[K[?25h[?2026l[?2026h[?25l[A[1Gpulling manifest [K
pulling a99b7f834d75:  12% ▕██                ▏ 735 MB/6.0 GB   19 MB/s   4m29s[K[?25h[?2026l[?2026h[?25l[A[1Gpulling manifest [K
pulling a99b7f834d75:  12% ▕██                ▏ 738 MB/6.0 GB   19 MB/s   4m29s[K[?25h[?2026l[?2026h[?25l[A[1Gpulling manifest [K
pulling a99b7f834d75:  12% ▕██                ▏ 740 MB/6.0 GB   19 MB/s   4m31s[K[?25h[?2026l[?2026h[?25l[A[1Gpulling manifest [K
pulling a99b7f834d75:  12% ▕██                ▏ 741 MB/6.0 GB   19 MB/s   4m31s[K[?25h[?2026l[?2026h[?25l[A[1Gpulling manifest [K
pulling a99b7f834d75:  12% ▕██                ▏ 744 MB/6.0 GB   19 MB/s   4m31s[K[?25h[?2026l[?2026h[?25l[A[1Gpulling manifest [K
pulling a99b7f834d75:  13% ▕██                ▏ 746 MB/6.0 GB   19 MB/s   4m31s[K[?25h[?2026l[?2026h[?25l[A[1Gpulling manifest [K
pulling a99b7f834d75:  13% ▕██                ▏ 747 MB/6.0 GB   19 MB/s   4m31s[K[?25h[?2026l[?2026h[?25l[A[1Gpulling manifest [K
pulling a99b7f834d75:  13% ▕██                ▏ 750 MB/6.0 GB   19 MB/s   4m31s[K[?25h[?2026l[?2026h[?25l[A[1Gpulling manifest [K
pulling a99b7f834d75:  13% ▕██                ▏ 752 MB/6.0 GB   19 MB/s   4m30s[K[?25h[?2026l[?2026h[?25l[A[1Gpulling manifest [K
pulling a99b7f834d75:  13% ▕██                ▏ 753 MB/6.0 GB   19 MB/s   4m30s[K[?25h[?2026l[?2026h[?25l[A[1Gpulling manifest [K
pulling a99b7f834d75:  13% ▕██                ▏ 755 MB/6.0 GB   19 MB/s   4m30s[K[?25h[?2026l[?2026h[?25l[A[1Gpulling manifest [K
pulling a99b7f834d75:  13% ▕██                ▏ 758 MB/6.0 GB   19 MB/s   4m30s[K[?25h[?2026l[?2026h[?25l[A[1Gpulling manifest [K
pulling a99b7f834d75:  13% ▕██                ▏ 759 MB/6.0 GB   19 MB/s   4m29s[K[?25h[?2026l[?2026h[?25l[A[1Gpulling manifest [K
pulling a99b7f834d75:  13% ▕██                ▏ 761 MB/6.0 GB   19 MB/s   4m29s[K[?25h[?2026l[?2026h[?25l[A[1Gpulling manifest [K
pulling a99b7f834d75:  13% ▕██                ▏ 763 MB/6.0 GB   19 MB/s   4m29s[K[?25h[?2026l[?2026h[?25l[A[1Gpulling manifest [K
pulling a99b7f834d75:  13% ▕██                ▏ 764 MB/6.0 GB   19 MB/s   4m29s[K[?25h[?2026l[?2026h[?25l[A[1Gpulling manifest [K
pulling a99b7f834d75:  13% ▕██                ▏ 766 MB/6.0 GB   19 MB/s   4m29s[K[?25h[?2026l[?2026h[?25l[A[1Gpulling manifest [K
pulling a99b7f834d75:  13% ▕██                ▏ 769 MB/6.0 GB   19 MB/s   4m29s[K[?25h[?2026l[?2026h[?25l[A[1Gpulling manifest [K
pulling a99b7f834d75:  13% ▕██                ▏ 770 MB/6.0 GB   19 MB/s   4m29s[K[?25h[?2026l[?2026h[?25l[A[1Gpulling manifest [K
pulling a99b7f834d75:  13% ▕██                ▏ 772 MB/6.0 GB   19 MB/s   4m29s[K[?25h[?2026l[?2026h[?25l[A[1Gpulling manifest [K
pulling a99b7f834d75:  13% ▕██                ▏ 775 MB/6.0 GB   19 MB/s   4m29s[K[?25h[?2026l[?2026h[?25l[A[1Gpulling manifest [K
pulling a99b7f834d75:  13% ▕██                ▏ 776 MB/6.0 GB   19 MB/s   4m29s[K[?25h[?2026l[?2026h[?25l[A[1Gpulling manifest [K
pulling a99b7f834d75:  13% ▕██                ▏ 778 MB/6.0 GB   19 MB/s   4m28s[K[?25h[?2026l[?2026h[?25l[A[1Gpulling manifest [K
pulling a99b7f834d75:  13% ▕██                ▏ 781 MB/6.0 GB   19 MB/s   4m28s[K[?25h[?2026l[?2026h[?25l[A[1Gpulling manifest [K
pulling a99b7f834d75:  13% ▕██                ▏ 782 MB/6.0 GB   19 MB/s   4m27s[K[?25h[?2026l[?2026h[?25l[A[1Gpulling manifest [K
pulling a99b7f834d75:  13% ▕██                ▏ 784 MB/6.0 GB   19 MB/s   4m27s[K[?25h[?2026l[?2026h[?25l[A[1Gpulling manifest [K
pulling a99b7f834d75:  13% ▕██                ▏ 787 MB/6.0 GB   19 MB/s   4m27s[K[?25h[?2026l[?2026h[?25l[A[1Gpulling manifest [K
pulling a99b7f834d75:  13% ▕██                ▏ 788 MB/6.0 GB   19 MB/s   4m27s[K[?25h[?2026l[?2026h[?25l[A[1Gpulling manifest [K
pulling a99b7f834d75:  13% ▕██                ▏ 790 MB/6.0 GB   19 MB/s   4m27s[K[?25h[?2026l[?2026h[?25l[A[1Gpulling manifest [K
pulling a99b7f834d75:  13% ▕██                ▏ 793 MB/6.0 GB   19 MB/s   4m27s[K[?25h[?2026l[?2026h[?25l[A[1Gpulling manifest [K
pulling a99b7f834d75:  13% ▕██                ▏ 794 MB/6.0 GB   19 MB/s   4m27s[K[?25h[?2026l[?2026h[?25l[A[1Gpulling manifest [K
pulling a99b7f834d75:  13% ▕██                ▏ 796 MB/6.0 GB   19 MB/s   4m27s[K[?25h[?2026l[?2026h[?25l[A[1Gpulling manifest [K
pulling a99b7f834d75:  13% ▕██                ▏ 798 MB/6.0 GB   19 MB/s   4m28s[K[?25h[?2026l[?2026h[?25l[A[1Gpulling manifest [K
pulling a99b7f834d75:  13% ▕██                ▏ 799 MB/6.0 GB   19 MB/s   4m28s[K[?25h[?2026l[?2026h[?25l[A[1Gpulling manifest [K
pulling a99b7f834d75:  13% ▕██                ▏ 802 MB/6.0 GB   19 MB/s   4m28s[K[?25h[?2026l[?2026h[?25l[A[1Gpulling manifest [K
pulling a99b7f834d75:  13% ▕██                ▏ 804 MB/6.0 GB   19 MB/s   4m28s[K[?25h[?2026l[?2026h[?25l[A[1Gpulling manifest [K
pulling a99b7f834d75:  14% ▕██                ▏ 805 MB/6.0 GB   19 MB/s   4m27s[K[?25h[?2026l[?2026h[?25l[A[1Gpulling manifest [K
pulling a99b7f834d75:  14% ▕██                ▏ 808 MB/6.0 GB   19 MB/s   4m27s[K[?25h[?2026l[?2026h[?25l[A[1Gpulling manifest [K
pulling a99b7f834d75:  14% ▕██                ▏ 810 MB/6.0 GB   19 MB/s   4m27s[K[?25h[?2026l[?2026h[?25l[A[1Gpulling manifest [K
pulling a99b7f834d75:  14% ▕██                ▏ 811 MB/6.0 GB   19 MB/s   4m27s[K[?25h[?2026l[?2026h[?25l[A[1Gpulling manifest [K
pulling a99b7f834d75:  14% ▕██                ▏ 814 MB/6.0 GB   19 MB/s   4m27s[K[?25h[?2026l[?2026h[?25l[A[1Gpulling manifest [K
pulling a99b7f834d75:  14% ▕██                ▏ 816 MB/6.0 GB   19 MB/s   4m27s[K[?25h[?2026l[?2026h[?25l[A[1Gpulling manifest [K
pulling a99b7f834d75:  14% ▕██                ▏ 817 MB/6.0 GB   19 MB/s   4m27s[K[?25h[?2026l[?2026h[?25l[A[1Gpulling manifest [K
pulling a99b7f834d75:  14% ▕██                ▏ 819 MB/6.0 GB   19 MB/s   4m25s[K[?25h[?2026l[?2026h[?25l[A[1Gpulling manifest [K
pulling a99b7f834d75:  14% ▕██                ▏ 822 MB/6.0 GB   19 MB/s   4m25s[K[?25h[?2026l[?2026h[?25l[A[1Gpulling manifest [K
pulling a99b7f834d75:  14% ▕██                ▏ 823 MB/6.0 GB   19 MB/s   4m25s[K[?25h[?2026l[?2026h[?25l[A[1Gpulling manifest [K
pulling a99b7f834d75:  14% ▕██                ▏ 825 MB/6.0 GB   19 MB/s   4m25s[K[?25h[?2026l[?2026h[?25l[A[1Gpulling manifest [K
pulling a99b7f834d75:  14% ▕██                ▏ 828 MB/6.0 GB   19 MB/s   4m25s[K[?25h[?2026l[?2026h[?25l[A[1Gpulling manifest [K
pulling a99b7f834d75:  14% ▕██                ▏ 829 MB/6.0 GB   19 MB/s   4m25s[K[?25h[?2026l[?2026h[?25l[A[1Gpulling manifest [K
pulling a99b7f834d75:  14% ▕██                ▏ 831 MB/6.0 GB   19 MB/s   4m24s[K[?25h[?2026l[?2026h[?25l[A[1Gpulling manifest [K
pulling a99b7f834d75:  14% ▕██                ▏ 833 MB/6.0 GB   19 MB/s   4m24s[K[?25h[?2026l[?2026h[?25l[A[1Gpulling manifest [K
pulling a99b7f834d75:  14% ▕██                ▏ 835 MB/6.0 GB   19 MB/s   4m24s[K[?25h[?2026l[?2026h[?25l[A[1Gpulling manifest [K
pulling a99b7f834d75:  14% ▕██                ▏ 837 MB/6.0 GB   19 MB/s   4m24s[K[?25h[?2026l[?2026h[?25l[A[1Gpulling manifest [K
pulling a99b7f834d75:  14% ▕██                ▏ 840 MB/6.0 GB   19 MB/s   4m24s[K[?25h[?2026l[?2026h[?25l[A[1Gpulling manifest [K
pulling a99b7f834d75:  14% ▕██                ▏ 841 MB/6.0 GB   19 MB/s   4m24s[K[?25h[?2026l[?2026h[?25l[A[1Gpulling manifest [K
pulling a99b7f834d75:  14% ▕██                ▏ 843 MB/6.0 GB   19 MB/s   4m24s[K[?25h[?2026l[?2026h[?25l[A[1Gpulling manifest [K
pulling a99b7f834d75:  14% ▕██                ▏ 846 MB/6.0 GB   19 MB/s   4m24s[K[?25h[?2026l[?2026h[?25l[A[1Gpulling manifest [K
pulling a99b7f834d75:  14% ▕██                ▏ 847 MB/6.0 GB   19 MB/s   4m24s[K[?25h[?2026l[?2026h[?25l[A[1Gpulling manifest [K
pulling a99b7f834d75:  14% ▕██                ▏ 849 MB/6.0 GB   19 MB/s   4m24s[K[?25h[?2026l[?2026h[?25l[A[1Gpulling manifest [K
pulling a99b7f834d75:  14% ▕██                ▏ 851 MB/6.0 GB   19 MB/s   4m24s[K[?25h[?2026l[?2026h[?25l[A[1Gpulling manifest [K
pulling a99b7f834d75:  14% ▕██                ▏ 853 MB/6.0 GB   19 MB/s   4m23s[K[?25h[?2026l[?2026h[?25l[A[1Gpulling manifest [K
pulling a99b7f834d75:  14% ▕██                ▏ 855 MB/6.0 GB   19 MB/s   4m23s[K[?25h[?2026l[?2026h[?25l[A[1Gpulling manifest [K
pulling a99b7f834d75:  14% ▕██                ▏ 858 MB/6.0 GB   19 MB/s   4m23s[K[?25h[?2026l[?2026h[?25l[A[1Gpulling manifest [K
pulling a99b7f834d75:  14% ▕██                ▏ 859 MB/6.0 GB   19 MB/s   4m17s[K[?25h[?2026l[?2026h[?25l[A[1Gpulling manifest [K
pulling a99b7f834d75:  14% ▕██                ▏ 861 MB/6.0 GB   19 MB/s   4m17s[K[?25h[?2026l[?2026h[?25l[A[1Gpulling manifest [K
pulling a99b7f834d75:  14% ▕██                ▏ 864 MB/6.0 GB   19 MB/s   4m17s[K[?25h[?2026l[?2026h[?25l[A[1Gpulling manifest [K
pulling a99b7f834d75:  14% ▕██                ▏ 865 MB/6.0 GB   19 MB/s   4m17s[K[?25h[?2026l[?2026h[?25l[A[1Gpulling manifest [K
pulling a99b7f834d75:  15% ▕██                ▏ 867 MB/6.0 GB   19 MB/s   4m17s[K[?25h[?2026l[?2026h[?25l[A[1Gpulling manifest [K
pulling a99b7f834d75:  15% ▕██                ▏ 867 MB/6.0 GB   19 MB/s   4m17s[K[?25h[?2026l[?2026h[?25l[A[1Gpulling manifest [K
pulling a99b7f834d75:  15% ▕██                ▏ 867 MB/6.0 GB   19 MB/s   4m17s[K[?25h[?2026l[?2026h[?25l[A[1Gpulling manifest [K
pulling a99b7f834d75:  15% ▕██                ▏ 868 MB/6.0 GB   19 MB/s   4m16s[K[?25h[?2026l[?2026h[?25l[A[1Gpulling manifest [K
pulling a99b7f834d75:  15% ▕██                ▏ 871 MB/6.0 GB   19 MB/s   4m16s[K[?25h[?2026l[?2026h[?25l[A[1Gpulling manifest [K
pulling a99b7f834d75:  15% ▕██                ▏ 872 MB/6.0 GB   19 MB/s   4m16s[K[?25h[?2026l[?2026h[?25l[A[1Gpulling manifest [K
pulling a99b7f834d75:  15% ▕██                ▏ 874 MB/6.0 GB   19 MB/s   4m24s[K[?25h[?2026l[?2026h[?25l[A[1Gpulling manifest [K
pulling a99b7f834d75:  15% ▕██                ▏ 876 MB/6.0 GB   19 MB/s   4m24s[K[?25h[?2026l[?2026h[?25l[A[1Gpulling manifest [K
pulling a99b7f834d75:  15% ▕██                ▏ 878 MB/6.0 GB   19 MB/s   4m24s[K[?25h[?2026l[?2026h[?25l[A[1Gpulling manifest [K
pulling a99b7f834d75:  15% ▕██                ▏ 880 MB/6.0 GB   19 MB/s   4m23s[K[?25h[?2026l[?2026h[?25l[A[1Gpulling manifest [K
pulling a99b7f834d75:  15% ▕██                ▏ 883 MB/6.0 GB   19 MB/s   4m23s[K[?25h[?2026l[?2026h[?25l[A[1Gpulling manifest [K
pulling a99b7f834d75:  15% ▕██                ▏ 884 MB/6.0 GB   19 MB/s   4m23s[K[?25h[?2026l[?2026h[?25l[A[1Gpulling manifest [K
pulling a99b7f834d75:  15% ▕██                ▏ 886 MB/6.0 GB   19 MB/s   4m23s[K[?25h[?2026l[?2026h[?25l[A[1Gpulling manifest [K
pulling a99b7f834d75:  15% ▕██                ▏ 889 MB/6.0 GB   19 MB/s   4m23s[K[?25h[?2026l[?2026h[?25l[A[1Gpulling manifest [K
pulling a99b7f834d75:  15% ▕██                ▏ 890 MB/6.0 GB   19 MB/s   4m23s[K[?25h[?2026l[?2026h[?25l[A[1Gpulling manifest [K
pulling a99b7f834d75:  15% ▕██                ▏ 893 MB/6.0 GB   19 MB/s   4m23s[K[?25h[?2026l[?2026h[?25l[A[1Gpulling manifest [K
pulling a99b7f834d75:  15% ▕██                ▏ 895 MB/6.0 GB   19 MB/s   4m21s[K[?25h[?2026l[?2026h[?25l[A[1Gpulling manifest [K
pulling a99b7f834d75:  15% ▕██                ▏ 896 MB/6.0 GB   19 MB/s   4m21s[K[?25h[?2026l[?2026h[?25l[A[1Gpulling manifest [K
pulling a99b7f834d75:  15% ▕██                ▏ 898 MB/6.0 GB   19 MB/s   4m21s[K[?25h[?2026l[?2026h[?25l[A[1Gpulling manifest [K
pulling a99b7f834d75:  15% ▕██                ▏ 901 MB/6.0 GB   19 MB/s   4m21s[K[?25h[?2026l[?2026h[?25l[A[1Gpulling manifest [K
pulling a99b7f834d75:  15% ▕██                ▏ 902 MB/6.0 GB   19 MB/s   4m21s[K[?25h[?2026l[?2026h[?25l[A[1Gpulling manifest [K
pulling a99b7f834d75:  15% ▕██                ▏ 904 MB/6.0 GB   19 MB/s   4m20s[K[?25h[?2026l[?2026h[?25l[A[1Gpulling manifest [K
pulling a99b7f834d75:  15% ▕██                ▏ 906 MB/6.0 GB   19 MB/s   4m20s[K[?25h[?2026l[?2026h[?25l[A[1Gpulling manifest [K
pulling a99b7f834d75:  15% ▕██                ▏ 908 MB/6.0 GB   19 MB/s   4m20s[K[?25h[?2026l[?2026h[?25l[A[1Gpulling manifest [K
pulling a99b7f834d75:  15% ▕██                ▏ 910 MB/6.0 GB   19 MB/s   4m20s[K[?25h[?2026l[?2026h[?25l[A[1Gpulling manifest [K
pulling a99b7f834d75:  15% ▕██                ▏ 913 MB/6.0 GB   19 MB/s   4m20s[K[?25h[?2026l[?2026h[?25l[A[1Gpulling manifest [K
pulling a99b7f834d75:  15% ▕██                ▏ 914 MB/6.0 GB   19 MB/s   4m20s[K[?25h[?2026l[?2026h[?25l[A[1Gpulling manifest [K
pulling a99b7f834d75:  15% ▕██                ▏ 916 MB/6.0 GB   19 MB/s   4m18s[K[?25h[?2026l[?2026h[?25l[A[1Gpulling manifest [K
pulling a99b7f834d75:  15% ▕██                ▏ 919 MB/6.0 GB   19 MB/s   4m18s[K[?25h[?2026l[?2026h[?25l[A[1Gpulling manifest [K
pulling a99b7f834d75:  15% ▕██                ▏ 920 MB/6.0 GB   19 MB/s   4m18s[K[?25h[?2026l[?2026h[?25l[A[1Gpulling manifest [K
pulling a99b7f834d75:  15% ▕██                ▏ 921 MB/6.0 GB   19 MB/s   4m18s[K[?25h[?2026l[?2026h[?25l[A[1Gpulling manifest [K
pulling a99b7f834d75:  15% ▕██                ▏ 923 MB/6.0 GB   19 MB/s   4m18s[K[?25h[?2026l[?2026h[?25l[A[1Gpulling manifest [K
pulling a99b7f834d75:  15% ▕██                ▏ 924 MB/6.0 GB   19 MB/s   4m17s[K[?25h[?2026l[?2026h[?25l[A[1Gpulling manifest [K
pulling a99b7f834d75:  16% ▕██                ▏ 926 MB/6.0 GB   19 MB/s   4m17s[K[?25h[?2026l[?2026h[?25l[A[1Gpulling manifest [K
pulling a99b7f834d75:  16% ▕██                ▏ 929 MB/6.0 GB   19 MB/s   4m17s[K[?25h[?2026l[?2026h[?25l[A[1Gpulling manifest [K
pulling a99b7f834d75:  16% ▕██                ▏ 930 MB/6.0 GB   19 MB/s   4m17s[K[?25h[?2026l[?2026h[?25l[A[1Gpulling manifest [K
pulling a99b7f834d75:  16% ▕██                ▏ 932 MB/6.0 GB   19 MB/s   4m17s[K[?25h[?2026l[?2026h[?25l[A[1Gpulling manifest [K
pulling a99b7f834d75:  16% ▕██                ▏ 935 MB/6.0 GB   19 MB/s   4m19s[K[?25h[?2026l[?2026h[?25l[A[1Gpulling manifest [K
pulling a99b7f834d75:  16% ▕██                ▏ 936 MB/6.0 GB   19 MB/s   4m19s[K[?25h[?2026l[?2026h[?25l[A[1Gpulling manifest [K
pulling a99b7f834d75:  16% ▕██                ▏ 939 MB/6.0 GB   19 MB/s   4m19s[K[?25h[?2026l[?2026h[?25l[A[1Gpulling manifest [K
pulling a99b7f834d75:  16% ▕██                ▏ 941 MB/6.0 GB   19 MB/s   4m18s[K[?25h[?2026l[?2026h[?25l[A[1Gpulling manifest [K
pulling a99b7f834d75:  16% ▕██                ▏ 942 MB/6.0 GB   19 MB/s   4m18s[K[?25h[?2026l[?2026h[?25l[A[1Gpulling manifest [K
pulling a99b7f834d75:  16% ▕██                ▏ 945 MB/6.0 GB   19 MB/s   4m18s[K[?25h[?2026l[?2026h[?25l[A[1Gpulling manifest [K
pulling a99b7f834d75:  16% ▕██                ▏ 947 MB/6.0 GB   19 MB/s   4m18s[K[?25h[?2026l[?2026h[?25l[A[1Gpulling manifest [K
pulling a99b7f834d75:  16% ▕██                ▏ 948 MB/6.0 GB   19 MB/s   4m18s[K[?25h[?2026l[?2026h[?25l[A[1Gpulling manifest [K
pulling a99b7f834d75:  16% ▕██                ▏ 951 MB/6.0 GB   19 MB/s   4m18s[K[?25h[?2026l[?2026h[?25l[A[1Gpulling manifest [K
pulling a99b7f834d75:  16% ▕██                ▏ 953 MB/6.0 GB   19 MB/s   4m18s[K[?25h[?2026l[?2026h[?25l[A[1Gpulling manifest [K
pulling a99b7f834d75:  16% ▕██                ▏ 954 MB/6.0 GB   19 MB/s   4m17s[K[?25h[?2026l[?2026h[?25l[A[1Gpulling manifest [K
pulling a99b7f834d75:  16% ▕██                ▏ 956 MB/6.0 GB   19 MB/s   4m17s[K[?25h[?2026l[?2026h[?25l[A[1Gpulling manifest [K
pulling a99b7f834d75:  16% ▕██                ▏ 959 MB/6.0 GB   19 MB/s   4m17s[K[?25h[?2026l[?2026h[?25l[A[1Gpulling manifest [K
pulling a99b7f834d75:  16% ▕██                ▏ 960 MB/6.0 GB   19 MB/s   4m17s[K[?25h[?2026l[?2026h[?25l[A[1Gpulling manifest [K
pulling a99b7f834d75:  16% ▕██                ▏ 962 MB/6.0 GB   19 MB/s   4m17s[K[?25h[?2026l[?2026h[?25l[A[1Gpulling manifest [K
pulling a99b7f834d75:  16% ▕██                ▏ 964 MB/6.0 GB   19 MB/s   4m17s[K[?25h[?2026l[?2026h[?25l[A[1Gpulling manifest [K
pulling a99b7f834d75:  16% ▕██                ▏ 966 MB/6.0 GB   19 MB/s   4m17s[K[?25h[?2026l[?2026h[?25l[A[1Gpulling manifest [K
pulling a99b7f834d75:  16% ▕██                ▏ 968 MB/6.0 GB   19 MB/s   4m16s[K[?25h[?2026l[?2026h[?25l[A[1Gpulling manifest [K
pulling a99b7f834d75:  16% ▕██                ▏ 970 MB/6.0 GB   19 MB/s   4m16s[K[?25h[?2026l[?2026h[?25l[A[1Gpulling manifest [K
pulling a99b7f834d75:  16% ▕██                ▏ 972 MB/6.0 GB   19 MB/s   4m16s[K[?25h[?2026l[?2026h[?25l[A[1Gpulling manifest [K
pulling a99b7f834d75:  16% ▕██                ▏ 974 MB/6.0 GB   19 MB/s   4m15s[K[?25h[?2026l[?2026h[?25l[A[1Gpulling manifest [K
pulling a99b7f834d75:  16% ▕██                ▏ 976 MB/6.0 GB   19 MB/s   4m15s[K[?25h[?2026l[?2026h[?25l[A[1Gpulling manifest [K
pulling a99b7f834d75:  16% ▕██                ▏ 977 MB/6.0 GB   19 MB/s   4m15s[K[?25h[?2026l[?2026h[?25l[A[1Gpulling manifest [K
pulling a99b7f834d75:  16% ▕██                ▏ 980 MB/6.0 GB   19 MB/s   4m15s[K[?25h[?2026l[?2026h[?25l[A[1Gpulling manifest [K
pulling a99b7f834d75:  16% ▕██                ▏ 982 MB/6.0 GB   19 MB/s   4m14s[K[?25h[?2026l[?2026h[?25l[A[1Gpulling manifest [K
pulling a99b7f834d75:  16% ▕██                ▏ 983 MB/6.0 GB   19 MB/s   4m14s[K[?25h[?2026l[?2026h[?25l[A[1Gpulling manifest [K
pulling a99b7f834d75:  17% ▕██                ▏ 986 MB/6.0 GB   19 MB/s   4m14s[K[?25h[?2026l[?2026h[?25l[A[1Gpulling manifest [K
pulling a99b7f834d75:  17% ▕██                ▏ 988 MB/6.0 GB   19 MB/s   4m14s[K[?25h[?2026l[?2026h[?25l[A[1Gpulling manifest [K
pulling a99b7f834d75:  17% ▕██                ▏ 990 MB/6.0 GB   19 MB/s   4m14s[K[?25h[?2026l[?2026h[?25l[A[1Gpulling manifest [K
pulling a99b7f834d75:  17% ▕██                ▏ 992 MB/6.0 GB   19 MB/s   4m14s[K[?25h[?2026l[?2026h[?25l[A[1Gpulling manifest [K
pulling a99b7f834d75:  17% ▕███               ▏ 995 MB/6.0 GB   19 MB/s   4m13s[K[?25h[?2026l[?2026h[?25l[A[1Gpulling manifest [K
pulling a99b7f834d75:  17% ▕███               ▏ 996 MB/6.0 GB   19 MB/s   4m13s[K[?25h[?2026l[?2026h[?25l[A[1Gpulling manifest [K
pulling a99b7f834d75:  17% ▕███               ▏ 998 MB/6.0 GB   19 MB/s   4m13s[K[?25h[?2026l[?2026h[?25l[A[1Gpulling manifest [K
pulling a99b7f834d75:  17% ▕███               ▏ 1.0 GB/6.0 GB   19 MB/s   4m13s[K[?25h[?2026l[?2026h[?25l[A[1Gpulling manifest [K
pulling a99b7f834d75:  17% ▕███               ▏ 1.0 GB/6.0 GB   19 MB/s   4m13s[K[?25h[?2026l[?2026h[?25l[A[1Gpulling manifest [K
pulling a99b7f834d75:  17% ▕███               ▏ 1.0 GB/6.0 GB   19 MB/s   4m13s[K[?25h[?2026l[?2026h[?25l[A[1Gpulling manifest [K
pulling a99b7f834d75:  17% ▕███               ▏ 1.0 GB/6.0 GB   19 MB/s   4m13s[K[?25h[?2026l[?2026h[?25l[A[1Gpulling manifest [K
pulling a99b7f834d75:  17% ▕███               ▏ 1.0 GB/6.0 GB   19 MB/s   4m13s[K[?25h[?2026l[?2026h[?25l[A[1Gpulling manifest [K
pulling a99b7f834d75:  17% ▕███               ▏ 1.0 GB/6.0 GB   19 MB/s   4m12s[K[?25h[?2026l[?2026h[?25l[A[1Gpulling manifest [K
pulling a99b7f834d75:  17% ▕███               ▏ 1.0 GB/6.0 GB   19 MB/s   4m12s[K[?25h[?2026l[?2026h[?25l[A[1Gpulling manifest [K
pulling a99b7f834d75:  17% ▕███               ▏ 1.0 GB/6.0 GB   19 MB/s   4m12s[K[?25h[?2026l[?2026h[?25l[A[1Gpulling manifest [K
pulling a99b7f834d75:  17% ▕███               ▏ 1.0 GB/6.0 GB   19 MB/s   4m12s[K[?25h[?2026l[?2026h[?25l[A[1Gpulling manifest [K
pulling a99b7f834d75:  17% ▕███               ▏ 1.0 GB/6.0 GB   19 MB/s   4m12s[K[?25h[?2026l[?2026h[?25l[A[1Gpulling manifest [K
pulling a99b7f834d75:  17% ▕███               ▏ 1.0 GB/6.0 GB   19 MB/s   4m12s[K[?25h[?2026l[?2026h[?25l[A[1Gpulling manifest [K
pulling a99b7f834d75:  17% ▕███               ▏ 1.0 GB/6.0 GB   19 MB/s   4m11s[K[?25h[?2026l[?2026h[?25l[A[1Gpulling manifest [K
pulling a99b7f834d75:  17% ▕███               ▏ 1.0 GB/6.0 GB   19 MB/s   4m11s[K[?25h[?2026l[?2026h[?25l[A[1Gpulling manifest [K
pulling a99b7f834d75:  17% ▕███               ▏ 1.0 GB/6.0 GB   19 MB/s   4m11s[K[?25h[?2026l[?2026h[?25l[A[1Gpulling manifest [K
pulling a99b7f834d75:  17% ▕███               ▏ 1.0 GB/6.0 GB   19 MB/s   4m11s[K[?25h[?2026l[?2026h[?25l[A[1Gpulling manifest [K
pulling a99b7f834d75:  17% ▕███               ▏ 1.0 GB/6.0 GB   19 MB/s   4m11s[K[?25h[?2026l[?2026h[?25l[A[1Gpulling manifest [K
pulling a99b7f834d75:  17% ▕███               ▏ 1.0 GB/6.0 GB   19 MB/s   4m11s[K[?25h[?2026l[?2026h[?25l[A[1Gpulling manifest [K
pulling a99b7f834d75:  17% ▕███               ▏ 1.0 GB/6.0 GB   19 MB/s   4m11s[K[?25h[?2026l[?2026h[?25l[A[1Gpulling manifest [K
pulling a99b7f834d75:  17% ▕███               ▏ 1.0 GB/6.0 GB   19 MB/s   4m10s[K[?25h[?2026l[?2026h[?25l[A[1Gpulling manifest [K
pulling a99b7f834d75:  17% ▕███               ▏ 1.0 GB/6.0 GB   19 MB/s   4m10s[K[?25h[?2026l[?2026h[?25l[A[1Gpulling manifest [K
pulling a99b7f834d75:  17% ▕███               ▏ 1.0 GB/6.0 GB   19 MB/s   4m10s[K[?25h[?2026l[?2026h[?25l[A[1Gpulling manifest [K
pulling a99b7f834d75:  17% ▕███               ▏ 1.0 GB/6.0 GB   19 MB/s   4m10s[K[?25h[?2026l[?2026h[?25l[A[1Gpulling manifest [K
pulling a99b7f834d75:  18% ▕███               ▏ 1.0 GB/6.0 GB   19 MB/s   4m10s[K[?25h[?2026l[?2026h[?25l[A[1Gpulling manifest [K
pulling a99b7f834d75:  18% ▕███               ▏ 1.0 GB/6.0 GB   19 MB/s   4m10s[K[?25h[?2026l[?2026h[?25l[A[1Gpulling manifest [K
pulling a99b7f834d75:  18% ▕███               ▏ 1.1 GB/6.0 GB   19 MB/s   4m10s[K[?25h[?2026l[?2026h[?25l[A[1Gpulling manifest [K
pulling a99b7f834d75:  18% ▕███               ▏ 1.1 GB/6.0 GB   19 MB/s   4m10s[K[?25h[?2026l[?2026h[?25l[A[1Gpulling manifest [K
pulling a99b7f834d75:  18% ▕███               ▏ 1.1 GB/6.0 GB   19 MB/s    4m9s[K[?25h[?2026l[?2026h[?25l[A[1Gpulling manifest [K
pulling a99b7f834d75:  18% ▕███               ▏ 1.1 GB/6.0 GB   19 MB/s    4m9s[K[?25h[?2026l[?2026h[?25l[A[1Gpulling manifest [K
pulling a99b7f834d75:  18% ▕███               ▏ 1.1 GB/6.0 GB   20 MB/s    4m1s[K[?25h[?2026l[?2026h[?25l[A[1Gpulling manifest [K
pulling a99b7f834d75:  18% ▕███               ▏ 1.1 GB/6.0 GB   20 MB/s    4m1s[K[?25h[?2026l[?2026h[?25l[A[1Gpulling manifest [K
pulling a99b7f834d75:  18% ▕███               ▏ 1.1 GB/6.0 GB   20 MB/s    4m1s[K[?25h[?2026l[?2026h[?25l[A[1Gpulling manifest [K
pulling a99b7f834d75:  18% ▕███               ▏ 1.1 GB/6.0 GB   20 MB/s    4m1s[K[?25h[?2026l[?2026h[?25l[A[1Gpulling manifest [K
pulling a99b7f834d75:  18% ▕███               ▏ 1.1 GB/6.0 GB   20 MB/s    4m1s[K[?25h[?2026l[?2026h[?25l[A[1Gpulling manifest [K
pulling a99b7f834d75:  18% ▕███               ▏ 1.1 GB/6.0 GB   20 MB/s    4m1s[K[?25h[?2026l[?2026h[?25l[A[1Gpulling manifest [K
pulling a99b7f834d75:  18% ▕███               ▏ 1.1 GB/6.0 GB   20 MB/s    4m1s[K[?25h[?2026l[?2026h[?25l[A[1Gpulling manifest [K
pulling a99b7f834d75:  18% ▕███               ▏ 1.1 GB/6.0 GB   20 MB/s    4m1s[K[?25h[?2026l[?2026h[?25l[A[1Gpulling manifest [K
pulling a99b7f834d75:  18% ▕███               ▏ 1.1 GB/6.0 GB   20 MB/s    4m1s[K[?25h[?2026l[?2026h[?25l[A[1Gpulling manifest [K
pulling a99b7f834d75:  18% ▕███               ▏ 1.1 GB/6.0 GB   20 MB/s    4m1s[K[?25h[?2026l[?2026h[?25l[A[1Gpulling manifest [K
pulling a99b7f834d75:  18% ▕███               ▏ 1.1 GB/6.0 GB   19 MB/s    4m7s[K[?25h[?2026l[?2026h[?25l[A[1Gpulling manifest [K
pulling a99b7f834d75:  18% ▕███               ▏ 1.1 GB/6.0 GB   19 MB/s    4m7s[K[?25h[?2026l[?2026h[?25l[A[1Gpulling manifest [K
pulling a99b7f834d75:  18% ▕███               ▏ 1.1 GB/6.0 GB   19 MB/s    4m7s[K[?25h[?2026l[?2026h[?25l[A[1Gpulling manifest [K
pulling a99b7f834d75:  18% ▕███               ▏ 1.1 GB/6.0 GB   19 MB/s    4m7s[K[?25h[?2026l[?2026h[?25l[A[1Gpulling manifest [K
pulling a99b7f834d75:  18% ▕███               ▏ 1.1 GB/6.0 GB   19 MB/s    4m7s[K[?25h[?2026l[?2026h[?25l[A[1Gpulling manifest [K
pulling a99b7f834d75:  18% ▕███               ▏ 1.1 GB/6.0 GB   19 MB/s    4m7s[K[?25h[?2026l[?2026h[?25l[A[1Gpulling manifest [K
pulling a99b7f834d75:  18% ▕███               ▏ 1.1 GB/6.0 GB   19 MB/s    4m6s[K[?25h[?2026l[?2026h[?25l[A[1Gpulling manifest [K
pulling a99b7f834d75:  18% ▕███               ▏ 1.1 GB/6.0 GB   19 MB/s    4m6s[K[?25h[?2026l[?2026h[?25l[A[1Gpulling manifest [K
pulling a99b7f834d75:  18% ▕███               ▏ 1.1 GB/6.0 GB   19 MB/s    4m6s[K[?25h[?2026l[?2026h[?25l[A[1Gpulling manifest [K
pulling a99b7f834d75:  18% ▕███               ▏ 1.1 GB/6.0 GB   19 MB/s    4m6s[K[?25h[?2026l[?2026h[?25l[A[1Gpulling manifest [K
pulling a99b7f834d75:  18% ▕███               ▏ 1.1 GB/6.0 GB   19 MB/s    4m6s[K[?25h[?2026l[?2026h[?25l[A[1Gpulling manifest [K
pulling a99b7f834d75:  18% ▕███               ▏ 1.1 GB/6.0 GB   19 MB/s    4m6s[K[?25h[?2026l[?2026h[?25l[A[1Gpulling manifest [K
pulling a99b7f834d75:  18% ▕███               ▏ 1.1 GB/6.0 GB   19 MB/s    4m6s[K[?25h[?2026l[?2026h[?25l[A[1Gpulling manifest [K
pulling a99b7f834d75:  18% ▕███               ▏ 1.1 GB/6.0 GB   19 MB/s    4m6s[K[?25h[?2026l[?2026h[?25l[A[1Gpulling manifest [K
pulling a99b7f834d75:  18% ▕███               ▏ 1.1 GB/6.0 GB   19 MB/s    4m6s[K[?25h[?2026l[?2026h[?25l[A[1Gpulling manifest [K
pulling a99b7f834d75:  18% ▕███               ▏ 1.1 GB/6.0 GB   19 MB/s    4m6s[K[?25h[?2026l[?2026h[?25l[A[1Gpulling manifest [K
pulling a99b7f834d75:  19% ▕███               ▏ 1.1 GB/6.0 GB   19 MB/s    4m6s[K[?25h[?2026l[?2026h[?25l[A[1Gpulling manifest [K
pulling a99b7f834d75:  19% ▕███               ▏ 1.1 GB/6.0 GB   19 MB/s    4m6s[K[?25h[?2026l[?2026h[?25l[A[1Gpulling manifest [K
pulling a99b7f834d75:  19% ▕███               ▏ 1.1 GB/6.0 GB   19 MB/s    4m5s[K[?25h[?2026l[?2026h[?25l[A[1Gpulling manifest [K
pulling a99b7f834d75:  19% ▕███               ▏ 1.1 GB/6.0 GB   19 MB/s    4m5s[K[?25h[?2026l[?2026h[?25l[A[1Gpulling manifest [K
pulling a99b7f834d75:  19% ▕███               ▏ 1.1 GB/6.0 GB   19 MB/s    4m5s[K[?25h[?2026l[?2026h[?25l[A[1Gpulling manifest [K
pulling a99b7f834d75:  19% ▕███               ▏ 1.1 GB/6.0 GB   19 MB/s    4m3s[K[?25h[?2026l[?2026h[?25l[A[1Gpulling manifest [K
pulling a99b7f834d75:  19% ▕███               ▏ 1.1 GB/6.0 GB   19 MB/s    4m3s[K[?25h[?2026l[?2026h[?25l[A[1Gpulling manifest [K
pulling a99b7f834d75:  19% ▕███               ▏ 1.1 GB/6.0 GB   19 MB/s    4m3s[K[?25h[?2026l[?2026h[?25l[A[1Gpulling manifest [K
pulling a99b7f834d75:  19% ▕███               ▏ 1.1 GB/6.0 GB   19 MB/s    4m3s[K[?25h[?2026l[?2026h[?25l[A[1Gpulling manifest [K
pulling a99b7f834d75:  19% ▕███               ▏ 1.1 GB/6.0 GB   19 MB/s    4m2s[K[?25h[?2026l[?2026h[?25l[A[1Gpulling manifest [K
pulling a99b7f834d75:  19% ▕███               ▏ 1.1 GB/6.0 GB   19 MB/s    4m2s[K[?25h[?2026l[?2026h[?25l[A[1Gpulling manifest [K
pulling a99b7f834d75:  19% ▕███               ▏ 1.1 GB/6.0 GB   19 MB/s    4m2s[K[?25h[?2026l[?2026h[?25l[A[1Gpulling manifest [K
pulling a99b7f834d75:  19% ▕███               ▏ 1.1 GB/6.0 GB   19 MB/s    4m2s[K[?25h[?2026l[?2026h[?25l[A[1Gpulling manifest [K
pulling a99b7f834d75:  19% ▕███               ▏ 1.1 GB/6.0 GB   19 MB/s    4m2s[K[?25h[?2026l[?2026h[?25l[A[1Gpulling manifest [K
pulling a99b7f834d75:  19% ▕███               ▏ 1.1 GB/6.0 GB   19 MB/s    4m2s[K[?25h[?2026l[?2026h[?25l[A[1Gpulling manifest [K
pulling a99b7f834d75:  19% ▕███               ▏ 1.1 GB/6.0 GB   19 MB/s    4m3s[K[?25h[?2026l[?2026h[?25l[A[1Gpulling manifest [K
pulling a99b7f834d75:  19% ▕███               ▏ 1.1 GB/6.0 GB   19 MB/s    4m3s[K[?25h[?2026l[?2026h[?25l[A[1Gpulling manifest [K
pulling a99b7f834d75:  19% ▕███               ▏ 1.1 GB/6.0 GB   19 MB/s    4m3s[K[?25h[?2026l[?2026h[?25l[A[1Gpulling manifest [K
pulling a99b7f834d75:  19% ▕███               ▏ 1.1 GB/6.0 GB   19 MB/s    4m3s[K[?25h[?2026l[?2026h[?25l[A[1Gpulling manifest [K
pulling a99b7f834d75:  19% ▕███               ▏ 1.1 GB/6.0 GB   19 MB/s    4m3s[K[?25h[?2026l[?2026h[?25l[A[1Gpulling manifest [K
pulling a99b7f834d75:  19% ▕███               ▏ 1.1 GB/6.0 GB   19 MB/s    4m3s[K[?25h[?2026l[?2026h[?25l[A[1Gpulling manifest [K
pulling a99b7f834d75:  19% ▕███               ▏ 1.1 GB/6.0 GB   19 MB/s    4m3s[K[?25h[?2026l[?2026h[?25l[A[1Gpulling manifest [K
pulling a99b7f834d75:  19% ▕███               ▏ 1.1 GB/6.0 GB   19 MB/s    4m3s[K[?25h[?2026l[?2026h[?25l[A[1Gpulling manifest [K
pulling a99b7f834d75:  19% ▕███               ▏ 1.1 GB/6.0 GB   19 MB/s    4m3s[K[?25h[?2026l[?2026h[?25l[A[1Gpulling manifest [K
pulling a99b7f834d75:  19% ▕███               ▏ 1.1 GB/6.0 GB   19 MB/s    4m3s[K[?25h[?2026l[?2026h[?25l[A[1Gpulling manifest [K
pulling a99b7f834d75:  19% ▕███               ▏ 1.2 GB/6.0 GB   19 MB/s    4m5s[K[?25h[?2026l[?2026h[?25l[A[1Gpulling manifest [K
pulling a99b7f834d75:  19% ▕███               ▏ 1.2 GB/6.0 GB   19 MB/s    4m5s[K[?25h[?2026l[?2026h[?25l[A[1Gpulling manifest [K
pulling a99b7f834d75:  19% ▕███               ▏ 1.2 GB/6.0 GB   19 MB/s    4m5s[K[?25h[?2026l[?2026h[?25l[A[1Gpulling manifest [K
pulling a99b7f834d75:  19% ▕███               ▏ 1.2 GB/6.0 GB   19 MB/s    4m5s[K[?25h[?2026l[?2026h[?25l[A[1Gpulling manifest [K
pulling a99b7f834d75:  19% ▕███               ▏ 1.2 GB/6.0 GB   19 MB/s    4m5s[K[?25h[?2026l[?2026h[?25l[A[1Gpulling manifest [K
pulling a99b7f834d75:  19% ▕███               ▏ 1.2 GB/6.0 GB   19 MB/s    4m5s[K[?25h[?2026l[?2026h[?25l[A[1Gpulling manifest [K
pulling a99b7f834d75:  19% ▕███               ▏ 1.2 GB/6.0 GB   19 MB/s    4m5s[K[?25h[?2026l[?2026h[?25l[A[1Gpulling manifest [K
pulling a99b7f834d75:  19% ▕███               ▏ 1.2 GB/6.0 GB   19 MB/s    4m5s[K[?25h[?2026l[?2026h[?25l[A[1Gpulling manifest [K
pulling a99b7f834d75:  20% ▕███               ▏ 1.2 GB/6.0 GB   19 MB/s    4m5s[K[?25h[?2026l[?2026h[?25l[A[1Gpulling manifest [K
pulling a99b7f834d75:  20% ▕███               ▏ 1.2 GB/6.0 GB   19 MB/s    4m4s[K[?25h[?2026l[?2026h[?25l[A[1Gpulling manifest [K
pulling a99b7f834d75:  20% ▕███               ▏ 1.2 GB/6.0 GB   19 MB/s    4m8s[K[?25h[?2026l[?2026h[?25l[A[1Gpulling manifest [K
pulling a99b7f834d75:  20% ▕███               ▏ 1.2 GB/6.0 GB   19 MB/s    4m8s[K[?25h[?2026l[?2026h[?25l[A[1Gpulling manifest [K
pulling a99b7f834d75:  20% ▕███               ▏ 1.2 GB/6.0 GB   19 MB/s    4m8s[K[?25h[?2026l[?2026h[?25l[A[1Gpulling manifest [K
pulling a99b7f834d75:  20% ▕███               ▏ 1.2 GB/6.0 GB   19 MB/s    4m8s[K[?25h[?2026l[?2026h[?25l[A[1Gpulling manifest [K
pulling a99b7f834d75:  20% ▕███               ▏ 1.2 GB/6.0 GB   19 MB/s    4m8s[K[?25h[?2026l[?2026h[?25l[A[1Gpulling manifest [K
pulling a99b7f834d75:  20% ▕███               ▏ 1.2 GB/6.0 GB   19 MB/s    4m8s[K[?25h[?2026l[?2026h[?25l[A[1Gpulling manifest [K
pulling a99b7f834d75:  20% ▕███               ▏ 1.2 GB/6.0 GB   19 MB/s    4m8s[K[?25h[?2026l[?2026h[?25l[A[1Gpulling manifest [K
pulling a99b7f834d75:  20% ▕███               ▏ 1.2 GB/6.0 GB   19 MB/s    4m8s[K[?25h[?2026l[?2026h[?25l[A[1Gpulling manifest [K
pulling a99b7f834d75:  20% ▕███               ▏ 1.2 GB/6.0 GB   19 MB/s    4m8s[K[?25h[?2026l[?2026h[?25l[A[1Gpulling manifest [K
pulling a99b7f834d75:  20% ▕███               ▏ 1.2 GB/6.0 GB   19 MB/s    4m7s[K[?25h[?2026l[?2026h[?25l[A[1Gpulling manifest [K
pulling a99b7f834d75:  20% ▕███               ▏ 1.2 GB/6.0 GB   19 MB/s   4m11s[K[?25h[?2026l[?2026h[?25l[A[1Gpulling manifest [K
pulling a99b7f834d75:  20% ▕███               ▏ 1.2 GB/6.0 GB   19 MB/s   4m11s[K[?25h[?2026l[?2026h[?25l[A[1Gpulling manifest [K
pulling a99b7f834d75:  20% ▕███               ▏ 1.2 GB/6.0 GB   19 MB/s   4m11s[K[?25h[?2026l[?2026h[?25l[A[1Gpulling manifest [K
pulling a99b7f834d75:  20% ▕███               ▏ 1.2 GB/6.0 GB   19 MB/s   4m11s[K[?25h[?2026l[?2026h[?25l[A[1Gpulling manifest [K
pulling a99b7f834d75:  20% ▕███               ▏ 1.2 GB/6.0 GB   19 MB/s   4m11s[K[?25h[?2026l[?2026h[?25l[A[1Gpulling manifest [K
pulling a99b7f834d75:  20% ▕███               ▏ 1.2 GB/6.0 GB   19 MB/s   4m10s[K[?25h[?2026l[?2026h[?25l[A[1Gpulling manifest [K
pulling a99b7f834d75:  20% ▕███               ▏ 1.2 GB/6.0 GB   19 MB/s   4m10s[K[?25h[?2026l[?2026h[?25l[A[1Gpulling manifest [K
pulling a99b7f834d75:  20% ▕███               ▏ 1.2 GB/6.0 GB   19 MB/s   4m10s[K[?25h[?2026l[?2026h[?25l[A[1Gpulling manifest [K
pulling a99b7f834d75:  20% ▕███               ▏ 1.2 GB/6.0 GB   19 MB/s   4m10s[K[?25h[?2026l[?2026h[?25l[A[1Gpulling manifest [K
pulling a99b7f834d75:  20% ▕███               ▏ 1.2 GB/6.0 GB   19 MB/s   4m10s[K[?25h[?2026l[?2026h[?25l[A[1Gpulling manifest [K
pulling a99b7f834d75:  20% ▕███               ▏ 1.2 GB/6.0 GB   19 MB/s   4m10s[K[?25h[?2026l[?2026h[?25l[A[1Gpulling manifest [K
pulling a99b7f834d75:  20% ▕███               ▏ 1.2 GB/6.0 GB   18 MB/s   4m10s[K[?25h[?2026l[?2026h[?25l[A[1Gpulling manifest [K
pulling a99b7f834d75:  20% ▕███               ▏ 1.2 GB/6.0 GB   18 MB/s   4m10s[K[?25h[?2026l[?2026h[?25l[A[1Gpulling manifest [K
pulling a99b7f834d75:  20% ▕███               ▏ 1.2 GB/6.0 GB   18 MB/s   4m10s[K[?25h[?2026l[?2026h[?25l[A[1Gpulling manifest [K
pulling a99b7f834d75:  20% ▕███               ▏ 1.2 GB/6.0 GB   18 MB/s   4m10s[K[?25h[?2026l[?2026h[?25l[A[1Gpulling manifest [K
pulling a99b7f834d75:  20% ▕███               ▏ 1.2 GB/6.0 GB   18 MB/s   4m10s[K[?25h[?2026l[?2026h[?25l[A[1Gpulling manifest [K
pulling a99b7f834d75:  20% ▕███               ▏ 1.2 GB/6.0 GB   18 MB/s   4m10s[K[?25h[?2026l[?2026h[?25l[A[1Gpulling manifest [K
pulling a99b7f834d75:  20% ▕███               ▏ 1.2 GB/6.0 GB   18 MB/s   4m10s[K[?25h[?2026l[?2026h[?25l[A[1Gpulling manifest [K
pulling a99b7f834d75:  20% ▕███               ▏ 1.2 GB/6.0 GB   18 MB/s   4m10s[K[?25h[?2026l[?2026h[?25l[A[1Gpulling manifest [K
pulling a99b7f834d75:  21% ▕███               ▏ 1.2 GB/6.0 GB   18 MB/s   4m10s[K[?25h[?2026l[?2026h[?25l[A[1Gpulling manifest [K
pulling a99b7f834d75:  21% ▕███               ▏ 1.2 GB/6.0 GB   18 MB/s    4m9s[K[?25h[?2026l[?2026h[?25l[A[1Gpulling manifest [K
pulling a99b7f834d75:  21% ▕███               ▏ 1.2 GB/6.0 GB   18 MB/s   4m10s[K[?25h[?2026l[?2026h[?25l[A[1Gpulling manifest [K
pulling a99b7f834d75:  21% ▕███               ▏ 1.2 GB/6.0 GB   18 MB/s   4m10s[K[?25h[?2026l[?2026h[?25l[A[1Gpulling manifest [K
pulling a99b7f834d75:  21% ▕███               ▏ 1.2 GB/6.0 GB   18 MB/s    4m9s[K[?25h[?2026l[?2026h[?25l[A[1Gpulling manifest [K
pulling a99b7f834d75:  21% ▕███               ▏ 1.2 GB/6.0 GB   18 MB/s    4m9s[K[?25h[?2026l[?2026h[?25l[A[1Gpulling manifest [K
pulling a99b7f834d75:  21% ▕███               ▏ 1.2 GB/6.0 GB   18 MB/s    4m9s[K[?25h[?2026l[?2026h[?25l[A[1Gpulling manifest [K
pulling a99b7f834d75:  21% ▕███               ▏ 1.2 GB/6.0 GB   18 MB/s    4m9s[K[?25h[?2026l[?2026h[?25l[A[1Gpulling manifest [K
pulling a99b7f834d75:  21% ▕███               ▏ 1.2 GB/6.0 GB   18 MB/s    4m9s[K[?25h[?2026l[?2026h[?25l[A[1Gpulling manifest [K
pulling a99b7f834d75:  21% ▕███               ▏ 1.2 GB/6.0 GB   18 MB/s    4m9s[K[?25h[?2026l[?2026h[?25l[A[1Gpulling manifest [K
pulling a99b7f834d75:  21% ▕███               ▏ 1.2 GB/6.0 GB   18 MB/s    4m9s[K[?25h[?2026l[?2026h[?25l[A[1Gpulling manifest [K
pulling a99b7f834d75:  21% ▕███               ▏ 1.2 GB/6.0 GB   18 MB/s    4m9s[K[?25h[?2026l[?2026h[?25l[A[1Gpulling manifest [K
pulling a99b7f834d75:  21% ▕███               ▏ 1.2 GB/6.0 GB   19 MB/s    4m4s[K[?25h[?2026l[?2026h[?25l[A[1Gpulling manifest [K
pulling a99b7f834d75:  21% ▕███               ▏ 1.2 GB/6.0 GB   19 MB/s    4m4s[K[?25h[?2026l[?2026h[?25l[A[1Gpulling manifest [K
pulling a99b7f834d75:  21% ▕███               ▏ 1.3 GB/6.0 GB   19 MB/s    4m4s[K[?25h[?2026l[?2026h[?25l[A[1Gpulling manifest [K
pulling a99b7f834d75:  21% ▕███               ▏ 1.3 GB/6.0 GB   19 MB/s    4m4s[K[?25h[?2026l[?2026h[?25l[A[1Gpulling manifest [K
pulling a99b7f834d75:  21% ▕███               ▏ 1.3 GB/6.0 GB   19 MB/s    4m4s[K[?25h[?2026l[?2026h[?25l[A[1Gpulling manifest [K
pulling a99b7f834d75:  21% ▕███               ▏ 1.3 GB/6.0 GB   19 MB/s    4m4s[K[?25h[?2026l[?2026h[?25l[A[1Gpulling manifest [K
pulling a99b7f834d75:  21% ▕███               ▏ 1.3 GB/6.0 GB   19 MB/s    4m4s[K[?25h[?2026l[?2026h[?25l[A[1Gpulling manifest [K
pulling a99b7f834d75:  21% ▕███               ▏ 1.3 GB/6.0 GB   19 MB/s    4m4s[K[?25h[?2026l[?2026h[?25l[A[1Gpulling manifest [K
pulling a99b7f834d75:  21% ▕███               ▏ 1.3 GB/6.0 GB   19 MB/s    4m4s[K[?25h[?2026l[?2026h[?25l[A[1Gpulling manifest [K
pulling a99b7f834d75:  21% ▕███               ▏ 1.3 GB/6.0 GB   19 MB/s    4m4s[K[?25h[?2026l[?2026h[?25l[A[1Gpulling manifest [K
pulling a99b7f834d75:  21% ▕███               ▏ 1.3 GB/6.0 GB   18 MB/s    4m9s[K[?25h[?2026l[?2026h[?25l[A[1Gpulling manifest [K
pulling a99b7f834d75:  21% ▕███               ▏ 1.3 GB/6.0 GB   18 MB/s    4m9s[K[?25h[?2026l[?2026h[?25l[A[1Gpulling manifest [K
pulling a99b7f834d75:  21% ▕███               ▏ 1.3 GB/6.0 GB   18 MB/s    4m9s[K[?25h[?2026l[?2026h[?25l[A[1Gpulling manifest [K
pulling a99b7f834d75:  21% ▕███               ▏ 1.3 GB/6.0 GB   18 MB/s    4m9s[K[?25h[?2026l[?2026h[?25l[A[1Gpulling manifest [K
pulling a99b7f834d75:  21% ▕███               ▏ 1.3 GB/6.0 GB   18 MB/s    4m8s[K[?25h[?2026l[?2026h[?25l[A[1Gpulling manifest [K
pulling a99b7f834d75:  21% ▕███               ▏ 1.3 GB/6.0 GB   18 MB/s    4m8s[K[?25h[?2026l[?2026h[?25l[A[1Gpulling manifest [K
pulling a99b7f834d75:  21% ▕███               ▏ 1.3 GB/6.0 GB   18 MB/s    4m8s[K[?25h[?2026l[?2026h[?25l[A[1Gpulling manifest [K
pulling a99b7f834d75:  21% ▕███               ▏ 1.3 GB/6.0 GB   18 MB/s    4m8s[K[?25h[?2026l[?2026h[?25l[A[1Gpulling manifest [K
pulling a99b7f834d75:  21% ▕███               ▏ 1.3 GB/6.0 GB   18 MB/s    4m8s[K[?25h[?2026l[?2026h[?25l[A[1Gpulling manifest [K
pulling a99b7f834d75:  21% ▕███               ▏ 1.3 GB/6.0 GB   18 MB/s    4m8s[K[?25h[?2026l[?2026h[?25l[A[1Gpulling manifest [K
pulling a99b7f834d75:  21% ▕███               ▏ 1.3 GB/6.0 GB   18 MB/s   4m12s[K[?25h[?2026l[?2026h[?25l[A[1Gpulling manifest [K
pulling a99b7f834d75:  21% ▕███               ▏ 1.3 GB/6.0 GB   18 MB/s   4m12s[K[?25h[?2026l[?2026h[?25l[A[1Gpulling manifest [K
pulling a99b7f834d75:  21% ▕███               ▏ 1.3 GB/6.0 GB   18 MB/s   4m12s[K[?25h[?2026l[?2026h[?25l[A[1Gpulling manifest [K
pulling a99b7f834d75:  22% ▕███               ▏ 1.3 GB/6.0 GB   18 MB/s   4m12s[K[?25h[?2026l[?2026h[?25l[A[1Gpulling manifest [K
pulling a99b7f834d75:  22% ▕███               ▏ 1.3 GB/6.0 GB   18 MB/s   4m12s[K[?25h[?2026l[?2026h[?25l[A[1Gpulling manifest [K
pulling a99b7f834d75:  22% ▕███               ▏ 1.3 GB/6.0 GB   18 MB/s   4m12s[K[?25h[?2026l[?2026h[?25l[A[1Gpulling manifest [K
pulling a99b7f834d75:  22% ▕███               ▏ 1.3 GB/6.0 GB   18 MB/s   4m12s[K[?25h[?2026l[?2026h[?25l[A[1Gpulling manifest [K
pulling a99b7f834d75:  22% ▕███               ▏ 1.3 GB/6.0 GB   18 MB/s   4m12s[K[?25h[?2026l[?2026h[?25l[A[1Gpulling manifest [K
pulling a99b7f834d75:  22% ▕███               ▏ 1.3 GB/6.0 GB   18 MB/s   4m12s[K[?25h[?2026l[?2026h[?25l[A[1Gpulling manifest [K
pulling a99b7f834d75:  22% ▕███               ▏ 1.3 GB/6.0 GB   18 MB/s   4m12s[K[?25h[?2026l[?2026h[?25l[A[1Gpulling manifest [K
pulling a99b7f834d75:  22% ▕███               ▏ 1.3 GB/6.0 GB   18 MB/s   4m12s[K[?25h[?2026l[?2026h[?25l[A[1Gpulling manifest [K
pulling a99b7f834d75:  22% ▕███               ▏ 1.3 GB/6.0 GB   18 MB/s   4m14s[K[?25h[?2026l[?2026h[?25l[A[1Gpulling manifest [K
pulling a99b7f834d75:  22% ▕███               ▏ 1.3 GB/6.0 GB   18 MB/s   4m13s[K[?25h[?2026l[?2026h[?25l[A[1Gpulling manifest [K
pulling a99b7f834d75:  22% ▕███               ▏ 1.3 GB/6.0 GB   18 MB/s   4m13s[K[?25h[?2026l[?2026h[?25l[A[1Gpulling manifest [K
pulling a99b7f834d75:  22% ▕███               ▏ 1.3 GB/6.0 GB   18 MB/s   4m13s[K[?25h[?2026l[?2026h[?25l[A[1Gpulling manifest [K
pulling a99b7f834d75:  22% ▕███               ▏ 1.3 GB/6.0 GB   18 MB/s   4m13s[K[?25h[?2026l[?2026h[?25l[A[1Gpulling manifest [K
pulling a99b7f834d75:  22% ▕███               ▏ 1.3 GB/6.0 GB   18 MB/s   4m13s[K[?25h[?2026l[?2026h[?25l[A[1Gpulling manifest [K
pulling a99b7f834d75:  22% ▕███               ▏ 1.3 GB/6.0 GB   18 MB/s   4m13s[K[?25h[?2026l[?2026h[?25l[A[1Gpulling manifest [K
pulling a99b7f834d75:  22% ▕███               ▏ 1.3 GB/6.0 GB   18 MB/s   4m13s[K[?25h[?2026l[?2026h[?25l[A[1Gpulling manifest [K
pulling a99b7f834d75:  22% ▕███               ▏ 1.3 GB/6.0 GB   18 MB/s   4m13s[K[?25h[?2026l[?2026h[?25l[A[1Gpulling manifest [K
pulling a99b7f834d75:  22% ▕███               ▏ 1.3 GB/6.0 GB   18 MB/s   4m13s[K[?25h[?2026l[?2026h[?25l[A[1Gpulling manifest [K
pulling a99b7f834d75:  22% ▕███               ▏ 1.3 GB/6.0 GB   18 MB/s   4m13s[K[?25h[?2026l[?2026h[?25l[A[1Gpulling manifest [K
pulling a99b7f834d75:  22% ▕███               ▏ 1.3 GB/6.0 GB   18 MB/s   4m13s[K[?25h[?2026l[?2026h[?25l[A[1Gpulling manifest [K
pulling a99b7f834d75:  22% ▕███               ▏ 1.3 GB/6.0 GB   18 MB/s   4m13s[K[?25h[?2026l[?2026h[?25l[A[1Gpulling manifest [K
pulling a99b7f834d75:  22% ▕███               ▏ 1.3 GB/6.0 GB   18 MB/s   4m13s[K[?25h[?2026l[?2026h[?25l[A[1Gpulling manifest [K
pulling a99b7f834d75:  22% ▕███               ▏ 1.3 GB/6.0 GB   18 MB/s   4m13s[K[?25h[?2026l[?2026h[?25l[A[1Gpulling manifest [K
pulling a99b7f834d75:  22% ▕███               ▏ 1.3 GB/6.0 GB   18 MB/s   4m12s[K[?25h[?2026l[?2026h[?25l[A[1Gpulling manifest [K
pulling a99b7f834d75:  22% ▕████              ▏ 1.3 GB/6.0 GB   18 MB/s   4m12s[K[?25h[?2026l[?2026h[?25l[A[1Gpulling manifest [K
pulling a99b7f834d75:  22% ▕████              ▏ 1.3 GB/6.0 GB   18 MB/s   4m12s[K[?25h[?2026l[?2026h[?25l[A[1Gpulling manifest [K
pulling a99b7f834d75:  22% ▕████              ▏ 1.3 GB/6.0 GB   18 MB/s   4m12s[K[?25h[?2026l[?2026h[?25l[A[1Gpulling manifest [K
pulling a99b7f834d75:  22% ▕████              ▏ 1.3 GB/6.0 GB   18 MB/s   4m12s[K[?25h[?2026l[?2026h[?25l[A[1Gpulling manifest [K
pulling a99b7f834d75:  22% ▕████              ▏ 1.3 GB/6.0 GB   18 MB/s   4m11s[K[?25h[?2026l[?2026h[?25l[A[1Gpulling manifest [K
pulling a99b7f834d75:  22% ▕████              ▏ 1.3 GB/6.0 GB   18 MB/s   4m11s[K[?25h[?2026l[?2026h[?25l[A[1Gpulling manifest [K
pulling a99b7f834d75:  22% ▕████              ▏ 1.3 GB/6.0 GB   18 MB/s   4m11s[K[?25h[?2026l[?2026h[?25l[A[1Gpulling manifest [K
pulling a99b7f834d75:  22% ▕████              ▏ 1.3 GB/6.0 GB   18 MB/s   4m11s[K[?25h[?2026l[?2026h[?25l[A[1Gpulling manifest [K
pulling a99b7f834d75:  23% ▕████              ▏ 1.3 GB/6.0 GB   18 MB/s   4m11s[K[?25h[?2026l[?2026h[?25l[A[1Gpulling manifest [K
pulling a99b7f834d75:  23% ▕████              ▏ 1.3 GB/6.0 GB   18 MB/s   4m11s[K[?25h[?2026l[?2026h[?25l[A[1Gpulling manifest [K
pulling a99b7f834d75:  23% ▕████              ▏ 1.3 GB/6.0 GB   18 MB/s   4m11s[K[?25h[?2026l[?2026h[?25l[A[1Gpulling manifest [K
pulling a99b7f834d75:  23% ▕████              ▏ 1.3 GB/6.0 GB   18 MB/s   4m10s[K[?25h[?2026l[?2026h[?25l[A[1Gpulling manifest [K
pulling a99b7f834d75:  23% ▕████              ▏ 1.4 GB/6.0 GB   18 MB/s   4m10s[K[?25h[?2026l[?2026h[?25l[A[1Gpulling manifest [K
pulling a99b7f834d75:  23% ▕████              ▏ 1.4 GB/6.0 GB   18 MB/s   4m10s[K[?25h[?2026l[?2026h[?25l[A[1Gpulling manifest [K
pulling a99b7f834d75:  23% ▕████              ▏ 1.4 GB/6.0 GB   18 MB/s    4m7s[K[?25h[?2026l[?2026h[?25l[A[1Gpulling manifest [K
pulling a99b7f834d75:  23% ▕████              ▏ 1.4 GB/6.0 GB   18 MB/s    4m6s[K[?25h[?2026l[?2026h[?25l[A[1Gpulling manifest [K
pulling a99b7f834d75:  23% ▕████              ▏ 1.4 GB/6.0 GB   18 MB/s    4m6s[K[?25h[?2026l[?2026h[?25l[A[1Gpulling manifest [K
pulling a99b7f834d75:  23% ▕████              ▏ 1.4 GB/6.0 GB   18 MB/s    4m6s[K[?25h[?2026l[?2026h[?25l[A[1Gpulling manifest [K
pulling a99b7f834d75:  23% ▕████              ▏ 1.4 GB/6.0 GB   18 MB/s    4m6s[K[?25h[?2026l[?2026h[?25l[A[1Gpulling manifest [K
pulling a99b7f834d75:  23% ▕████              ▏ 1.4 GB/6.0 GB   18 MB/s    4m6s[K[?25h[?2026l[?2026h[?25l[A[1Gpulling manifest [K
pulling a99b7f834d75:  23% ▕████              ▏ 1.4 GB/6.0 GB   18 MB/s    4m6s[K[?25h[?2026l[?2026h[?25l[A[1Gpulling manifest [K
pulling a99b7f834d75:  23% ▕████              ▏ 1.4 GB/6.0 GB   18 MB/s    4m6s[K[?25h[?2026l[?2026h[?25l[A[1Gpulling manifest [K
pulling a99b7f834d75:  23% ▕████              ▏ 1.4 GB/6.0 GB   18 MB/s    4m6s[K[?25h[?2026l[?2026h[?25l[A[1Gpulling manifest [K
pulling a99b7f834d75:  23% ▕████              ▏ 1.4 GB/6.0 GB   18 MB/s    4m6s[K[?25h[?2026l[?2026h[?25l[A[1Gpulling manifest [K
pulling a99b7f834d75:  23% ▕████              ▏ 1.4 GB/6.0 GB   18 MB/s    4m7s[K[?25h[?2026l[?2026h[?25l[A[1Gpulling manifest [K
pulling a99b7f834d75:  23% ▕████              ▏ 1.4 GB/6.0 GB   18 MB/s    4m7s[K[?25h[?2026l[?2026h[?25l[A[1Gpulling manifest [K
pulling a99b7f834d75:  23% ▕████              ▏ 1.4 GB/6.0 GB   18 MB/s    4m7s[K[?25h[?2026l[?2026h[?25l[A[1Gpulling manifest [K
pulling a99b7f834d75:  23% ▕████              ▏ 1.4 GB/6.0 GB   18 MB/s    4m7s[K[?25h[?2026l[?2026h[?25l[A[1Gpulling manifest [K
pulling a99b7f834d75:  23% ▕████              ▏ 1.4 GB/6.0 GB   18 MB/s    4m7s[K[?25h[?2026l[?2026h[?25l[A[1Gpulling manifest [K
pulling a99b7f834d75:  23% ▕████              ▏ 1.4 GB/6.0 GB   18 MB/s    4m7s[K[?25h[?2026l[?2026h[?25l[A[1Gpulling manifest [K
pulling a99b7f834d75:  23% ▕████              ▏ 1.4 GB/6.0 GB   18 MB/s    4m7s[K[?25h[?2026l[?2026h[?25l[A[1Gpulling manifest [K
pulling a99b7f834d75:  23% ▕████              ▏ 1.4 GB/6.0 GB   18 MB/s    4m7s[K[?25h[?2026l[?2026h[?25l[A[1Gpulling manifest [K
pulling a99b7f834d75:  23% ▕████              ▏ 1.4 GB/6.0 GB   18 MB/s    4m7s[K[?25h[?2026l[?2026h[?25l[A[1Gpulling manifest [K
pulling a99b7f834d75:  23% ▕████              ▏ 1.4 GB/6.0 GB   18 MB/s    4m7s[K[?25h[?2026l[?2026h[?25l[A[1Gpulling manifest [K
pulling a99b7f834d75:  23% ▕████              ▏ 1.4 GB/6.0 GB   18 MB/s    4m6s[K[?25h[?2026l[?2026h[?25l[A[1Gpulling manifest [K
pulling a99b7f834d75:  23% ▕████              ▏ 1.4 GB/6.0 GB   18 MB/s    4m9s[K[?25h[?2026l[?2026h[?25l[A[1Gpulling manifest [K
pulling a99b7f834d75:  23% ▕████              ▏ 1.4 GB/6.0 GB   18 MB/s    4m9s[K[?25h[?2026l[?2026h[?25l[A[1Gpulling manifest [K
pulling a99b7f834d75:  23% ▕████              ▏ 1.4 GB/6.0 GB   18 MB/s    4m9s[K[?25h[?2026l[?2026h[?25l[A[1Gpulling manifest [K
pulling a99b7f834d75:  23% ▕████              ▏ 1.4 GB/6.0 GB   18 MB/s    4m9s[K[?25h[?2026l[?2026h[?25l[A[1Gpulling manifest [K
pulling a99b7f834d75:  23% ▕████              ▏ 1.4 GB/6.0 GB   18 MB/s    4m9s[K[?25h[?2026l[?2026h[?25l[A[1Gpulling manifest [K
pulling a99b7f834d75:  24% ▕████              ▏ 1.4 GB/6.0 GB   18 MB/s    4m9s[K[?25h[?2026l[?2026h[?25l[A[1Gpulling manifest [K
pulling a99b7f834d75:  24% ▕████              ▏ 1.4 GB/6.0 GB   18 MB/s    4m9s[K[?25h[?2026l[?2026h[?25l[A[1Gpulling manifest [K
pulling a99b7f834d75:  24% ▕████              ▏ 1.4 GB/6.0 GB   18 MB/s    4m9s[K[?25h[?2026l[?2026h[?25l[A[1Gpulling manifest [K
pulling a99b7f834d75:  24% ▕████              ▏ 1.4 GB/6.0 GB   18 MB/s    4m8s[K[?25h[?2026l[?2026h[?25l[A[1Gpulling manifest [K
pulling a99b7f834d75:  24% ▕████              ▏ 1.4 GB/6.0 GB   18 MB/s    4m8s[K[?25h[?2026l[?2026h[?25l[A[1Gpulling manifest [K
pulling a99b7f834d75:  24% ▕████              ▏ 1.4 GB/6.0 GB   18 MB/s    4m7s[K[?25h[?2026l[?2026h[?25l[A[1Gpulling manifest [K
pulling a99b7f834d75:  24% ▕████              ▏ 1.4 GB/6.0 GB   18 MB/s    4m7s[K[?25h[?2026l[?2026h[?25l[A[1Gpulling manifest [K
pulling a99b7f834d75:  24% ▕████              ▏ 1.4 GB/6.0 GB   18 MB/s    4m7s[K[?25h[?2026l[?2026h[?25l[A[1Gpulling manifest [K
pulling a99b7f834d75:  24% ▕████              ▏ 1.4 GB/6.0 GB   18 MB/s    4m7s[K[?25h[?2026l[?2026h[?25l[A[1Gpulling manifest [K
pulling a99b7f834d75:  24% ▕████              ▏ 1.4 GB/6.0 GB   18 MB/s    4m7s[K[?25h[?2026l[?2026h[?25l[A[1Gpulling manifest [K
pulling a99b7f834d75:  24% ▕████              ▏ 1.4 GB/6.0 GB   18 MB/s    4m7s[K[?25h[?2026l[?2026h[?25l[A[1Gpulling manifest [K
pulling a99b7f834d75:  24% ▕████              ▏ 1.4 GB/6.0 GB   18 MB/s    4m7s[K[?25h[?2026l[?2026h[?25l[A[1Gpulling manifest [K
pulling a99b7f834d75:  24% ▕████              ▏ 1.4 GB/6.0 GB   18 MB/s    4m7s[K[?25h[?2026l[?2026h[?25l[A[1Gpulling manifest [K
pulling a99b7f834d75:  24% ▕████              ▏ 1.4 GB/6.0 GB   18 MB/s    4m7s[K[?25h[?2026l[?2026h[?25l[A[1Gpulling manifest [K
pulling a99b7f834d75:  24% ▕████              ▏ 1.4 GB/6.0 GB   18 MB/s    4m7s[K[?25h[?2026l[?2026h[?25l[A[1Gpulling manifest [K
pulling a99b7f834d75:  24% ▕████              ▏ 1.4 GB/6.0 GB   18 MB/s    4m4s[K[?25h[?2026l[?2026h[?25l[A[1Gpulling manifest [K
pulling a99b7f834d75:  24% ▕████              ▏ 1.4 GB/6.0 GB   18 MB/s    4m4s[K[?25h[?2026l[?2026h[?25l[A[1Gpulling manifest [K
pulling a99b7f834d75:  24% ▕████              ▏ 1.4 GB/6.0 GB   18 MB/s    4m4s[K[?25h[?2026l[?2026h[?25l[A[1Gpulling manifest [K
pulling a99b7f834d75:  24% ▕████              ▏ 1.4 GB/6.0 GB   18 MB/s    4m4s[K[?25h[?2026l[?2026h[?25l[A[1Gpulling manifest [K
pulling a99b7f834d75:  24% ▕████              ▏ 1.4 GB/6.0 GB   18 MB/s    4m4s[K[?25h[?2026l[?2026h[?25l[A[1Gpulling manifest [K
pulling a99b7f834d75:  24% ▕████              ▏ 1.4 GB/6.0 GB   18 MB/s    4m4s[K[?25h[?2026l[?2026h[?25l[A[1Gpulling manifest [K
pulling a99b7f834d75:  24% ▕████              ▏ 1.4 GB/6.0 GB   18 MB/s    4m3s[K[?25h[?2026l[?2026h[?25l[A[1Gpulling manifest [K
pulling a99b7f834d75:  24% ▕████              ▏ 1.4 GB/6.0 GB   18 MB/s    4m3s[K[?25h[?2026l[?2026h[?25l[A[1Gpulling manifest [K
pulling a99b7f834d75:  24% ▕████              ▏ 1.4 GB/6.0 GB   18 MB/s    4m3s[K[?25h[?2026l[?2026h[?25l[A[1Gpulling manifest [K
pulling a99b7f834d75:  24% ▕████              ▏ 1.4 GB/6.0 GB   18 MB/s    4m3s[K[?25h[?2026l[?2026h[?25l[A[1Gpulling manifest [K
pulling a99b7f834d75:  24% ▕████              ▏ 1.4 GB/6.0 GB   18 MB/s   4m10s[K[?25h[?2026l[?2026h[?25l[A[1Gpulling manifest [K
pulling a99b7f834d75:  24% ▕████              ▏ 1.4 GB/6.0 GB   18 MB/s   4m10s[K[?25h[?2026l[?2026h[?25l[A[1Gpulling manifest [K
pulling a99b7f834d75:  24% ▕████              ▏ 1.4 GB/6.0 GB   18 MB/s   4m10s[K[?25h[?2026l[?2026h[?25l[A[1Gpulling manifest [K
pulling a99b7f834d75:  24% ▕████              ▏ 1.4 GB/6.0 GB   18 MB/s    4m9s[K[?25h[?2026l[?2026h[?25l[A[1Gpulling manifest [K
pulling a99b7f834d75:  24% ▕████              ▏ 1.5 GB/6.0 GB   18 MB/s    4m9s[K[?25h[?2026l[?2026h[?25l[A[1Gpulling manifest [K
pulling a99b7f834d75:  24% ▕████              ▏ 1.5 GB/6.0 GB   18 MB/s    4m9s[K[?25h[?2026l[?2026h[?25l[A[1Gpulling manifest [K
pulling a99b7f834d75:  24% ▕████              ▏ 1.5 GB/6.0 GB   18 MB/s    4m9s[K[?25h[?2026l[?2026h[?25l[A[1Gpulling manifest [K
pulling a99b7f834d75:  24% ▕████              ▏ 1.5 GB/6.0 GB   18 MB/s    4m9s[K[?25h[?2026l[?2026h[?25l[A[1Gpulling manifest [K
pulling a99b7f834d75:  24% ▕████              ▏ 1.5 GB/6.0 GB   18 MB/s    4m9s[K[?25h[?2026l[?2026h[?25l[A[1Gpulling manifest [K
pulling a99b7f834d75:  24% ▕████              ▏ 1.5 GB/6.0 GB   18 MB/s    4m9s[K[?25h[?2026l[?2026h[?25l[A[1Gpulling manifest [K
pulling a99b7f834d75:  24% ▕████              ▏ 1.5 GB/6.0 GB   18 MB/s    4m9s[K[?25h[?2026l[?2026h[?25l[A[1Gpulling manifest [K
pulling a99b7f834d75:  24% ▕████              ▏ 1.5 GB/6.0 GB   18 MB/s    4m9s[K[?25h[?2026l[?2026h[?25l[A[1Gpulling manifest [K
pulling a99b7f834d75:  25% ▕████              ▏ 1.5 GB/6.0 GB   18 MB/s    4m9s[K[?25h[?2026l[?2026h[?25l[A[1Gpulling manifest [K
pulling a99b7f834d75:  25% ▕████              ▏ 1.5 GB/6.0 GB   18 MB/s    4m9s[K[?25h[?2026l[?2026h[?25l[A[1Gpulling manifest [K
pulling a99b7f834d75:  25% ▕████              ▏ 1.5 GB/6.0 GB   18 MB/s    4m9s[K[?25h[?2026l[?2026h[?25l[A[1Gpulling manifest [K
pulling a99b7f834d75:  25% ▕████              ▏ 1.5 GB/6.0 GB   18 MB/s    4m9s[K[?25h[?2026l[?2026h[?25l[A[1Gpulling manifest [K
pulling a99b7f834d75:  25% ▕████              ▏ 1.5 GB/6.0 GB   18 MB/s    4m9s[K[?25h[?2026l[?2026h[?25l[A[1Gpulling manifest [K
pulling a99b7f834d75:  25% ▕████              ▏ 1.5 GB/6.0 GB   18 MB/s    4m9s[K[?25h[?2026l[?2026h[?25l[A[1Gpulling manifest [K
pulling a99b7f834d75:  25% ▕████              ▏ 1.5 GB/6.0 GB   18 MB/s    4m9s[K[?25h[?2026l[?2026h[?25l[A[1Gpulling manifest [K
pulling a99b7f834d75:  25% ▕████              ▏ 1.5 GB/6.0 GB   18 MB/s    4m8s[K[?25h[?2026l[?2026h[?25l[A[1Gpulling manifest [K
pulling a99b7f834d75:  25% ▕████              ▏ 1.5 GB/6.0 GB   18 MB/s    4m8s[K[?25h[?2026l[?2026h[?25l[A[1Gpulling manifest [K
pulling a99b7f834d75:  25% ▕████              ▏ 1.5 GB/6.0 GB   18 MB/s    4m8s[K[?25h[?2026l[?2026h[?25l[A[1Gpulling manifest [K
pulling a99b7f834d75:  25% ▕████              ▏ 1.5 GB/6.0 GB   18 MB/s    4m8s[K[?25h[?2026l[?2026h[?25l[A[1Gpulling manifest [K
pulling a99b7f834d75:  25% ▕████              ▏ 1.5 GB/6.0 GB   18 MB/s    4m7s[K[?25h[?2026l[?2026h[?25l[A[1Gpulling manifest [K
pulling a99b7f834d75:  25% ▕████              ▏ 1.5 GB/6.0 GB   18 MB/s    4m7s[K[?25h[?2026l[?2026h[?25l[A[1Gpulling manifest [K
pulling a99b7f834d75:  25% ▕████              ▏ 1.5 GB/6.0 GB   18 MB/s    4m7s[K[?25h[?2026l[?2026h[?25l[A[1Gpulling manifest [K
pulling a99b7f834d75:  25% ▕████              ▏ 1.5 GB/6.0 GB   18 MB/s    4m7s[K[?25h[?2026l[?2026h[?25l[A[1Gpulling manifest [K
pulling a99b7f834d75:  25% ▕████              ▏ 1.5 GB/6.0 GB   18 MB/s    4m7s[K[?25h[?2026l[?2026h[?25l[A[1Gpulling manifest [K
pulling a99b7f834d75:  25% ▕████              ▏ 1.5 GB/6.0 GB   18 MB/s    4m7s[K[?25h[?2026l[?2026h[?25l[A[1Gpulling manifest [K
pulling a99b7f834d75:  25% ▕████              ▏ 1.5 GB/6.0 GB   18 MB/s    4m7s[K[?25h[?2026l[?2026h[?25l[A[1Gpulling manifest [K
pulling a99b7f834d75:  25% ▕████              ▏ 1.5 GB/6.0 GB   18 MB/s    4m7s[K[?25h[?2026l[?2026h[?25l[A[1Gpulling manifest [K
pulling a99b7f834d75:  25% ▕████              ▏ 1.5 GB/6.0 GB   18 MB/s    4m5s[K[?25h[?2026l[?2026h[?25l[A[1Gpulling manifest [K
pulling a99b7f834d75:  25% ▕████              ▏ 1.5 GB/6.0 GB   18 MB/s    4m5s[K[?25h[?2026l[?2026h[?25l[A[1Gpulling manifest [K
pulling a99b7f834d75:  25% ▕████              ▏ 1.5 GB/6.0 GB   18 MB/s    4m5s[K[?25h[?2026l[?2026h[?25l[A[1Gpulling manifest [K
pulling a99b7f834d75:  25% ▕████              ▏ 1.5 GB/6.0 GB   18 MB/s    4m4s[K[?25h[?2026l[?2026h[?25l[A[1Gpulling manifest [K
pulling a99b7f834d75:  25% ▕████              ▏ 1.5 GB/6.0 GB   18 MB/s    4m4s[K[?25h[?2026l[?2026h[?25l[A[1Gpulling manifest [K
pulling a99b7f834d75:  25% ▕████              ▏ 1.5 GB/6.0 GB   18 MB/s    4m4s[K[?25h[?2026l[?2026h[?25l[A[1Gpulling manifest [K
pulling a99b7f834d75:  25% ▕████              ▏ 1.5 GB/6.0 GB   18 MB/s    4m4s[K[?25h[?2026l[?2026h[?25l[A[1Gpulling manifest [K
pulling a99b7f834d75:  25% ▕████              ▏ 1.5 GB/6.0 GB   18 MB/s    4m4s[K[?25h[?2026l[?2026h[?25l[A[1Gpulling manifest [K
pulling a99b7f834d75:  25% ▕████              ▏ 1.5 GB/6.0 GB   18 MB/s    4m4s[K[?25h[?2026l[?2026h[?25l[A[1Gpulling manifest [K
pulling a99b7f834d75:  25% ▕████              ▏ 1.5 GB/6.0 GB   18 MB/s    4m4s[K[?25h[?2026l[?2026h[?25l[A[1Gpulling manifest [K
pulling a99b7f834d75:  25% ▕████              ▏ 1.5 GB/6.0 GB   18 MB/s    4m5s[K[?25h[?2026l[?2026h[?25l[A[1Gpulling manifest [K
pulling a99b7f834d75:  25% ▕████              ▏ 1.5 GB/6.0 GB   18 MB/s    4m5s[K[?25h[?2026l[?2026h[?25l[A[1Gpulling manifest [K
pulling a99b7f834d75:  26% ▕████              ▏ 1.5 GB/6.0 GB   18 MB/s    4m5s[K[?25h[?2026l[?2026h[?25l[A[1Gpulling manifest [K
pulling a99b7f834d75:  26% ▕████              ▏ 1.5 GB/6.0 GB   18 MB/s    4m5s[K[?25h[?2026l[?2026h[?25l[A[1Gpulling manifest [K
pulling a99b7f834d75:  26% ▕████              ▏ 1.5 GB/6.0 GB   18 MB/s    4m5s[K[?25h[?2026l[?2026h[?25l[A[1Gpulling manifest [K
pulling a99b7f834d75:  26% ▕████              ▏ 1.5 GB/6.0 GB   18 MB/s    4m5s[K[?25h[?2026l[?2026h[?25l[A[1Gpulling manifest [K
pulling a99b7f834d75:  26% ▕████              ▏ 1.5 GB/6.0 GB   18 MB/s    4m4s[K[?25h[?2026l[?2026h[?25l[A[1Gpulling manifest [K
pulling a99b7f834d75:  26% ▕████              ▏ 1.5 GB/6.0 GB   18 MB/s    4m4s[K[?25h[?2026l[?2026h[?25l[A[1Gpulling manifest [K
pulling a99b7f834d75:  26% ▕████              ▏ 1.5 GB/6.0 GB   18 MB/s    4m4s[K[?25h[?2026l[?2026h[?25l[A[1Gpulling manifest [K
pulling a99b7f834d75:  26% ▕████              ▏ 1.5 GB/6.0 GB   18 MB/s    4m4s[K[?25h[?2026l[?2026h[?25l[A[1Gpulling manifest [K
pulling a99b7f834d75:  26% ▕████              ▏ 1.5 GB/6.0 GB   18 MB/s    4m4s[K[?25h[?2026l[?2026h[?25l[A[1Gpulling manifest [K
pulling a99b7f834d75:  26% ▕████              ▏ 1.5 GB/6.0 GB   18 MB/s    4m4s[K[?25h[?2026l[?2026h[?25l[A[1Gpulling manifest [K
pulling a99b7f834d75:  26% ▕████              ▏ 1.5 GB/6.0 GB   18 MB/s    4m4s[K[?25h[?2026l[?2026h[?25l[A[1Gpulling manifest [K
pulling a99b7f834d75:  26% ▕████              ▏ 1.5 GB/6.0 GB   18 MB/s    4m3s[K[?25h[?2026l[?2026h[?25l[A[1Gpulling manifest [K
pulling a99b7f834d75:  26% ▕████              ▏ 1.5 GB/6.0 GB   18 MB/s    4m3s[K[?25h[?2026l[?2026h[?25l[A[1Gpulling manifest [K
pulling a99b7f834d75:  26% ▕████              ▏ 1.5 GB/6.0 GB   18 MB/s    4m3s[K[?25h[?2026l[?2026h[?25l[A[1Gpulling manifest [K
pulling a99b7f834d75:  26% ▕████              ▏ 1.5 GB/6.0 GB   18 MB/s    4m3s[K[?25h[?2026l[?2026h[?25l[A[1Gpulling manifest [K
pulling a99b7f834d75:  26% ▕████              ▏ 1.6 GB/6.0 GB   18 MB/s    4m3s[K[?25h[?2026l[?2026h[?25l[A[1Gpulling manifest [K
pulling a99b7f834d75:  26% ▕████              ▏ 1.6 GB/6.0 GB   18 MB/s    4m3s[K[?25h[?2026l[?2026h[?25l[A[1Gpulling manifest [K
pulling a99b7f834d75:  26% ▕████              ▏ 1.6 GB/6.0 GB   18 MB/s    4m3s[K[?25h[?2026l[?2026h[?25l[A[1Gpulling manifest [K
pulling a99b7f834d75:  26% ▕████              ▏ 1.6 GB/6.0 GB   18 MB/s    4m1s[K[?25h[?2026l[?2026h[?25l[A[1Gpulling manifest [K
pulling a99b7f834d75:  26% ▕████              ▏ 1.6 GB/6.0 GB   18 MB/s    4m1s[K[?25h[?2026l[?2026h[?25l[A[1Gpulling manifest [K
pulling a99b7f834d75:  26% ▕████              ▏ 1.6 GB/6.0 GB   18 MB/s    4m0s[K[?25h[?2026l[?2026h[?25l[A[1Gpulling manifest [K
pulling a99b7f834d75:  26% ▕████              ▏ 1.6 GB/6.0 GB   18 MB/s    4m0s[K[?25h[?2026l[?2026h[?25l[A[1Gpulling manifest [K
pulling a99b7f834d75:  26% ▕████              ▏ 1.6 GB/6.0 GB   18 MB/s    4m0s[K[?25h[?2026l[?2026h[?25l[A[1Gpulling manifest [K
pulling a99b7f834d75:  26% ▕████              ▏ 1.6 GB/6.0 GB   18 MB/s    4m0s[K[?25h[?2026l[?2026h[?25l[A[1Gpulling manifest [K
pulling a99b7f834d75:  26% ▕████              ▏ 1.6 GB/6.0 GB   18 MB/s    4m0s[K[?25h[?2026l[?2026h[?25l[A[1Gpulling manifest [K
pulling a99b7f834d75:  26% ▕████              ▏ 1.6 GB/6.0 GB   18 MB/s    4m0s[K[?25h[?2026l[?2026h[?25l[A[1Gpulling manifest [K
pulling a99b7f834d75:  26% ▕████              ▏ 1.6 GB/6.0 GB   18 MB/s    4m0s[K[?25h[?2026l[?2026h[?25l[A[1Gpulling manifest [K
pulling a99b7f834d75:  26% ▕████              ▏ 1.6 GB/6.0 GB   18 MB/s    4m0s[K[?25h[?2026l[?2026h[?25l[A[1Gpulling manifest [K
pulling a99b7f834d75:  26% ▕████              ▏ 1.6 GB/6.0 GB   18 MB/s    4m0s[K[?25h[?2026l[?2026h[?25l[A[1Gpulling manifest [K
pulling a99b7f834d75:  26% ▕████              ▏ 1.6 GB/6.0 GB   18 MB/s   3m59s[K[?25h[?2026l[?2026h[?25l[A[1Gpulling manifest [K
pulling a99b7f834d75:  26% ▕████              ▏ 1.6 GB/6.0 GB   18 MB/s   3m59s[K[?25h[?2026l[?2026h[?25l[A[1Gpulling manifest [K
pulling a99b7f834d75:  26% ▕████              ▏ 1.6 GB/6.0 GB   18 MB/s   3m59s[K[?25h[?2026l[?2026h[?25l[A[1Gpulling manifest [K
pulling a99b7f834d75:  27% ▕████              ▏ 1.6 GB/6.0 GB   18 MB/s   3m59s[K[?25h[?2026l[?2026h[?25l[A[1Gpulling manifest [K
pulling a99b7f834d75:  27% ▕████              ▏ 1.6 GB/6.0 GB   18 MB/s   3m59s[K[?25h[?2026l[?2026h[?25l[A[1Gpulling manifest [K
pulling a99b7f834d75:  27% ▕████              ▏ 1.6 GB/6.0 GB   18 MB/s   3m59s[K[?25h[?2026l[?2026h[?25l[A[1Gpulling manifest [K
pulling a99b7f834d75:  27% ▕████              ▏ 1.6 GB/6.0 GB   18 MB/s   3m59s[K[?25h[?2026l[?2026h[?25l[A[1Gpulling manifest [K
pulling a99b7f834d75:  27% ▕████              ▏ 1.6 GB/6.0 GB   18 MB/s   3m59s[K[?25h[?2026l[?2026h[?25l[A[1Gpulling manifest [K
pulling a99b7f834d75:  27% ▕████              ▏ 1.6 GB/6.0 GB   18 MB/s   3m59s[K[?25h[?2026l[?2026h[?25l[A[1Gpulling manifest [K
pulling a99b7f834d75:  27% ▕████              ▏ 1.6 GB/6.0 GB   18 MB/s   3m58s[K[?25h[?2026l[?2026h[?25l[A[1Gpulling manifest [K
pulling a99b7f834d75:  27% ▕████              ▏ 1.6 GB/6.0 GB   18 MB/s   3m56s[K[?25h[?2026l[?2026h[?25l[A[1Gpulling manifest [K
pulling a99b7f834d75:  27% ▕████              ▏ 1.6 GB/6.0 GB   18 MB/s   3m56s[K[?25h[?2026l[?2026h[?25l[A[1Gpulling manifest [K
pulling a99b7f834d75:  27% ▕████              ▏ 1.6 GB/6.0 GB   18 MB/s   3m56s[K[?25h[?2026l[?2026h[?25l[A[1Gpulling manifest [K
pulling a99b7f834d75:  27% ▕████              ▏ 1.6 GB/6.0 GB   18 MB/s   3m56s[K[?25h[?2026l[?2026h[?25l[A[1Gpulling manifest [K
pulling a99b7f834d75:  27% ▕████              ▏ 1.6 GB/6.0 GB   18 MB/s   3m56s[K[?25h[?2026l[?2026h[?25l[A[1Gpulling manifest [K
pulling a99b7f834d75:  27% ▕████              ▏ 1.6 GB/6.0 GB   18 MB/s   3m56s[K[?25h[?2026l[?2026h[?25l[A[1Gpulling manifest [K
pulling a99b7f834d75:  27% ▕████              ▏ 1.6 GB/6.0 GB   18 MB/s   3m55s[K[?25h[?2026l[?2026h[?25l[A[1Gpulling manifest [K
pulling a99b7f834d75:  27% ▕████              ▏ 1.6 GB/6.0 GB   18 MB/s   3m55s[K[?25h[?2026l[?2026h[?25l[A[1Gpulling manifest [K
pulling a99b7f834d75:  27% ▕████              ▏ 1.6 GB/6.0 GB   18 MB/s   3m55s[K[?25h[?2026l[?2026h[?25l[A[1Gpulling manifest [K
pulling a99b7f834d75:  27% ▕████              ▏ 1.6 GB/6.0 GB   18 MB/s   3m55s[K[?25h[?2026l[?2026h[?25l[A[1Gpulling manifest [K
pulling a99b7f834d75:  27% ▕████              ▏ 1.6 GB/6.0 GB   19 MB/s   3m47s[K[?25h[?2026l[?2026h[?25l[A[1Gpulling manifest [K
pulling a99b7f834d75:  27% ▕████              ▏ 1.6 GB/6.0 GB   19 MB/s   3m47s[K[?25h[?2026l[?2026h[?25l[A[1Gpulling manifest [K
pulling a99b7f834d75:  27% ▕████              ▏ 1.6 GB/6.0 GB   19 MB/s   3m47s[K[?25h[?2026l[?2026h[?25l[A[1Gpulling manifest [K
pulling a99b7f834d75:  27% ▕████              ▏ 1.6 GB/6.0 GB   19 MB/s   3m47s[K[?25h[?2026l[?2026h[?25l[A[1Gpulling manifest [K
pulling a99b7f834d75:  27% ▕████              ▏ 1.6 GB/6.0 GB   19 MB/s   3m47s[K[?25h[?2026l[?2026h[?25l[A[1Gpulling manifest [K
pulling a99b7f834d75:  27% ▕████              ▏ 1.6 GB/6.0 GB   19 MB/s   3m47s[K[?25h[?2026l[?2026h[?25l[A[1Gpulling manifest [K
pulling a99b7f834d75:  27% ▕████              ▏ 1.6 GB/6.0 GB   19 MB/s   3m46s[K[?25h[?2026l[?2026h[?25l[A[1Gpulling manifest [K
pulling a99b7f834d75:  27% ▕████              ▏ 1.6 GB/6.0 GB   19 MB/s   3m46s[K[?25h[?2026l[?2026h[?25l[A[1Gpulling manifest [K
pulling a99b7f834d75:  27% ▕████              ▏ 1.6 GB/6.0 GB   19 MB/s   3m46s[K[?25h[?2026l[?2026h[?25l[A[1Gpulling manifest [K
pulling a99b7f834d75:  27% ▕████              ▏ 1.6 GB/6.0 GB   19 MB/s   3m46s[K[?25h[?2026l[?2026h[?25l[A[1Gpulling manifest [K
pulling a99b7f834d75:  27% ▕████              ▏ 1.6 GB/6.0 GB   19 MB/s   3m46s[K[?25h[?2026l[?2026h[?25l[A[1Gpulling manifest [K
pulling a99b7f834d75:  27% ▕████              ▏ 1.6 GB/6.0 GB   19 MB/s   3m46s[K[?25h[?2026l[?2026h[?25l[A[1Gpulling manifest [K
pulling a99b7f834d75:  27% ▕████              ▏ 1.6 GB/6.0 GB   19 MB/s   3m46s[K[?25h[?2026l[?2026h[?25l[A[1Gpulling manifest [K
pulling a99b7f834d75:  27% ▕████              ▏ 1.6 GB/6.0 GB   19 MB/s   3m46s[K[?25h[?2026l[?2026h[?25l[A[1Gpulling manifest [K
pulling a99b7f834d75:  27% ▕████              ▏ 1.6 GB/6.0 GB   19 MB/s   3m45s[K[?25h[?2026l[?2026h[?25l[A[1Gpulling manifest [K
pulling a99b7f834d75:  27% ▕████              ▏ 1.6 GB/6.0 GB   19 MB/s   3m45s[K[?25h[?2026l[?2026h[?25l[A[1Gpulling manifest [K
pulling a99b7f834d75:  28% ▕████              ▏ 1.6 GB/6.0 GB   19 MB/s   3m45s[K[?25h[?2026l[?2026h[?25l[A[1Gpulling manifest [K
pulling a99b7f834d75:  28% ▕████              ▏ 1.6 GB/6.0 GB   19 MB/s   3m45s[K[?25h[?2026l[?2026h[?25l[A[1Gpulling manifest [K
pulling a99b7f834d75:  28% ▕████              ▏ 1.6 GB/6.0 GB   19 MB/s   3m45s[K[?25h[?2026l[?2026h[?25l[A[1Gpulling manifest [K
pulling a99b7f834d75:  28% ▕████              ▏ 1.6 GB/6.0 GB   19 MB/s   3m45s[K[?25h[?2026l[?2026h[?25l[A[1Gpulling manifest [K
pulling a99b7f834d75:  28% ▕████              ▏ 1.7 GB/6.0 GB   19 MB/s   3m46s[K[?25h[?2026l[?2026h[?25l[A[1Gpulling manifest [K
pulling a99b7f834d75:  28% ▕████              ▏ 1.7 GB/6.0 GB   19 MB/s   3m46s[K[?25h[?2026l[?2026h[?25l[A[1Gpulling manifest [K
pulling a99b7f834d75:  28% ▕████              ▏ 1.7 GB/6.0 GB   19 MB/s   3m45s[K[?25h[?2026l[?2026h[?25l[A[1Gpulling manifest [K
pulling a99b7f834d75:  28% ▕████              ▏ 1.7 GB/6.0 GB   19 MB/s   3m45s[K[?25h[?2026l[?2026h[?25l[A[1Gpulling manifest [K
pulling a99b7f834d75:  28% ▕████              ▏ 1.7 GB/6.0 GB   19 MB/s   3m45s[K[?25h[?2026l[?2026h[?25l[A[1Gpulling manifest [K
pulling a99b7f834d75:  28% ▕█████             ▏ 1.7 GB/6.0 GB   19 MB/s   3m45s[K[?25h[?2026l[?2026h[?25l[A[1Gpulling manifest [K
pulling a99b7f834d75:  28% ▕█████             ▏ 1.7 GB/6.0 GB   19 MB/s   3m45s[K[?25h[?2026l[?2026h[?25l[A[1Gpulling manifest [K
pulling a99b7f834d75:  28% ▕█████             ▏ 1.7 GB/6.0 GB   19 MB/s   3m45s[K[?25h[?2026l[?2026h[?25l[A[1Gpulling manifest [K
pulling a99b7f834d75:  28% ▕█████             ▏ 1.7 GB/6.0 GB   19 MB/s   3m45s[K[?25h[?2026l[?2026h[?25l[A[1Gpulling manifest [K
pulling a99b7f834d75:  28% ▕█████             ▏ 1.7 GB/6.0 GB   19 MB/s   3m45s[K[?25h[?2026l[?2026h[?25l[A[1Gpulling manifest [K
pulling a99b7f834d75:  28% ▕█████             ▏ 1.7 GB/6.0 GB   19 MB/s   3m45s[K[?25h[?2026l[?2026h[?25l[A[1Gpulling manifest [K
pulling a99b7f834d75:  28% ▕█████             ▏ 1.7 GB/6.0 GB   19 MB/s   3m46s[K[?25h[?2026l[?2026h[?25l[A[1Gpulling manifest [K
pulling a99b7f834d75:  28% ▕█████             ▏ 1.7 GB/6.0 GB   19 MB/s   3m46s[K[?25h[?2026l[?2026h[?25l[A[1Gpulling manifest [K
pulling a99b7f834d75:  28% ▕█████             ▏ 1.7 GB/6.0 GB   19 MB/s   3m46s[K[?25h[?2026l[?2026h[?25l[A[1Gpulling manifest [K
pulling a99b7f834d75:  28% ▕█████             ▏ 1.7 GB/6.0 GB   19 MB/s   3m45s[K[?25h[?2026l[?2026h[?25l[A[1Gpulling manifest [K
pulling a99b7f834d75:  28% ▕█████             ▏ 1.7 GB/6.0 GB   19 MB/s   3m45s[K[?25h[?2026l[?2026h[?25l[A[1Gpulling manifest [K
pulling a99b7f834d75:  28% ▕█████             ▏ 1.7 GB/6.0 GB   19 MB/s   3m45s[K[?25h[?2026l[?2026h[?25l[A[1Gpulling manifest [K
pulling a99b7f834d75:  28% ▕█████             ▏ 1.7 GB/6.0 GB   19 MB/s   3m45s[K[?25h[?2026l[?2026h[?25l[A[1Gpulling manifest [K
pulling a99b7f834d75:  28% ▕█████             ▏ 1.7 GB/6.0 GB   19 MB/s   3m45s[K[?25h[?2026l[?2026h[?25l[A[1Gpulling manifest [K
pulling a99b7f834d75:  28% ▕█████             ▏ 1.7 GB/6.0 GB   19 MB/s   3m45s[K[?25h[?2026l[?2026h[?25l[A[1Gpulling manifest [K
pulling a99b7f834d75:  28% ▕█████             ▏ 1.7 GB/6.0 GB   19 MB/s   3m45s[K[?25h[?2026l[?2026h[?25l[A[1Gpulling manifest [K
pulling a99b7f834d75:  28% ▕█████             ▏ 1.7 GB/6.0 GB   19 MB/s   3m44s[K[?25h[?2026l[?2026h[?25l[A[1Gpulling manifest [K
pulling a99b7f834d75:  28% ▕█████             ▏ 1.7 GB/6.0 GB   19 MB/s   3m44s[K[?25h[?2026l[?2026h[?25l[A[1Gpulling manifest [K
pulling a99b7f834d75:  28% ▕█████             ▏ 1.7 GB/6.0 GB   19 MB/s   3m44s[K[?25h[?2026l[?2026h[?25l[A[1Gpulling manifest [K
pulling a99b7f834d75:  28% ▕█████             ▏ 1.7 GB/6.0 GB   19 MB/s   3m44s[K[?25h[?2026l[?2026h[?25l[A[1Gpulling manifest [K
pulling a99b7f834d75:  28% ▕█████             ▏ 1.7 GB/6.0 GB   19 MB/s   3m44s[K[?25h[?2026l[?2026h[?25l[A[1Gpulling manifest [K
pulling a99b7f834d75:  28% ▕█████             ▏ 1.7 GB/6.0 GB   19 MB/s   3m44s[K[?25h[?2026l[?2026h[?25l[A[1Gpulling manifest [K
pulling a99b7f834d75:  29% ▕█████             ▏ 1.7 GB/6.0 GB   19 MB/s   3m43s[K[?25h[?2026l[?2026h[?25l[A[1Gpulling manifest [K
pulling a99b7f834d75:  29% ▕█████             ▏ 1.7 GB/6.0 GB   19 MB/s   3m43s[K[?25h[?2026l[?2026h[?25l[A[1Gpulling manifest [K
pulling a99b7f834d75:  29% ▕█████             ▏ 1.7 GB/6.0 GB   19 MB/s   3m43s[K[?25h[?2026l[?2026h[?25l[A[1Gpulling manifest [K
pulling a99b7f834d75:  29% ▕█████             ▏ 1.7 GB/6.0 GB   19 MB/s   3m43s[K[?25h[?2026l[?2026h[?25l[A[1Gpulling manifest [K
pulling a99b7f834d75:  29% ▕█████             ▏ 1.7 GB/6.0 GB   19 MB/s   3m41s[K[?25h[?2026l[?2026h[?25l[A[1Gpulling manifest [K
pulling a99b7f834d75:  29% ▕█████             ▏ 1.7 GB/6.0 GB   19 MB/s   3m41s[K[?25h[?2026l[?2026h[?25l[A[1Gpulling manifest [K
pulling a99b7f834d75:  29% ▕█████             ▏ 1.7 GB/6.0 GB   19 MB/s   3m41s[K[?25h[?2026l[?2026h[?25l[A[1Gpulling manifest [K
pulling a99b7f834d75:  29% ▕█████             ▏ 1.7 GB/6.0 GB   19 MB/s   3m41s[K[?25h[?2026l[?2026h[?25l[A[1Gpulling manifest [K
pulling a99b7f834d75:  29% ▕█████             ▏ 1.7 GB/6.0 GB   19 MB/s   3m41s[K[?25h[?2026l[?2026h[?25l[A[1Gpulling manifest [K
pulling a99b7f834d75:  29% ▕█████             ▏ 1.7 GB/6.0 GB   19 MB/s   3m41s[K[?25h[?2026l[?2026h[?25l[A[1Gpulling manifest [K
pulling a99b7f834d75:  29% ▕█████             ▏ 1.7 GB/6.0 GB   19 MB/s   3m41s[K[?25h[?2026l[?2026h[?25l[A[1Gpulling manifest [K
pulling a99b7f834d75:  29% ▕█████             ▏ 1.7 GB/6.0 GB   19 MB/s   3m41s[K[?25h[?2026l[?2026h[?25l[A[1Gpulling manifest [K
pulling a99b7f834d75:  29% ▕█████             ▏ 1.7 GB/6.0 GB   19 MB/s   3m41s[K[?25h[?2026l[?2026h[?25l[A[1Gpulling manifest [K
pulling a99b7f834d75:  29% ▕█████             ▏ 1.7 GB/6.0 GB   19 MB/s   3m40s[K[?25h[?2026l[?2026h[?25l[A[1Gpulling manifest [K
pulling a99b7f834d75:  29% ▕█████             ▏ 1.7 GB/6.0 GB   19 MB/s   3m41s[K[?25h[?2026l[?2026h[?25l[A[1Gpulling manifest [K
pulling a99b7f834d75:  29% ▕█████             ▏ 1.7 GB/6.0 GB   19 MB/s   3m41s[K[?25h[?2026l[?2026h[?25l[A[1Gpulling manifest [K
pulling a99b7f834d75:  29% ▕█████             ▏ 1.7 GB/6.0 GB   19 MB/s   3m41s[K[?25h[?2026l[?2026h[?25l[A[1Gpulling manifest [K
pulling a99b7f834d75:  29% ▕█████             ▏ 1.7 GB/6.0 GB   19 MB/s   3m41s[K[?25h[?2026l[?2026h[?25l[A[1Gpulling manifest [K
pulling a99b7f834d75:  29% ▕█████             ▏ 1.7 GB/6.0 GB   19 MB/s   3m41s[K[?25h[?2026l[?2026h[?25l[A[1Gpulling manifest [K
pulling a99b7f834d75:  29% ▕█████             ▏ 1.7 GB/6.0 GB   19 MB/s   3m41s[K[?25h[?2026l[?2026h[?25l[A[1Gpulling manifest [K
pulling a99b7f834d75:  29% ▕█████             ▏ 1.7 GB/6.0 GB   19 MB/s   3m41s[K[?25h[?2026l[?2026h[?25l[A[1Gpulling manifest [K
pulling a99b7f834d75:  29% ▕█████             ▏ 1.7 GB/6.0 GB   19 MB/s   3m41s[K[?25h[?2026l[?2026h[?25l[A[1Gpulling manifest [K
pulling a99b7f834d75:  29% ▕█████             ▏ 1.7 GB/6.0 GB   19 MB/s   3m41s[K[?25h[?2026l[?2026h[?25l[A[1Gpulling manifest [K
pulling a99b7f834d75:  29% ▕█████             ▏ 1.7 GB/6.0 GB   19 MB/s   3m40s[K[?25h[?2026l[?2026h[?25l[A[1Gpulling manifest [K
pulling a99b7f834d75:  29% ▕█████             ▏ 1.7 GB/6.0 GB   19 MB/s   3m40s[K[?25h[?2026l[?2026h[?25l[A[1Gpulling manifest [K
pulling a99b7f834d75:  29% ▕█████             ▏ 1.8 GB/6.0 GB   19 MB/s   3m39s[K[?25h[?2026l[?2026h[?25l[A[1Gpulling manifest [K
pulling a99b7f834d75:  29% ▕█████             ▏ 1.8 GB/6.0 GB   19 MB/s   3m39s[K[?25h[?2026l[?2026h[?25l[A[1Gpulling manifest [K
pulling a99b7f834d75:  29% ▕█████             ▏ 1.8 GB/6.0 GB   19 MB/s   3m39s[K[?25h[?2026l[?2026h[?25l[A[1Gpulling manifest [K
pulling a99b7f834d75:  29% ▕█████             ▏ 1.8 GB/6.0 GB   19 MB/s   3m39s[K[?25h[?2026l[?2026h[?25l[A[1Gpulling manifest [K
pulling a99b7f834d75:  29% ▕█████             ▏ 1.8 GB/6.0 GB   19 MB/s   3m39s[K[?25h[?2026l[?2026h[?25l[A[1Gpulling manifest [K
pulling a99b7f834d75:  30% ▕█████             ▏ 1.8 GB/6.0 GB   19 MB/s   3m39s[K[?25h[?2026l[?2026h[?25l[A[1Gpulling manifest [K
pulling a99b7f834d75:  30% ▕█████             ▏ 1.8 GB/6.0 GB   19 MB/s   3m39s[K[?25h[?2026l[?2026h[?25l[A[1Gpulling manifest [K
pulling a99b7f834d75:  30% ▕█████             ▏ 1.8 GB/6.0 GB   19 MB/s   3m39s[K[?25h[?2026l[?2026h[?25l[A[1Gpulling manifest [K
pulling a99b7f834d75:  30% ▕█████             ▏ 1.8 GB/6.0 GB   19 MB/s   3m39s[K[?25h[?2026l[?2026h[?25l[A[1Gpulling manifest [K
pulling a99b7f834d75:  30% ▕█████             ▏ 1.8 GB/6.0 GB   19 MB/s   3m39s[K[?25h[?2026l[?2026h[?25l[A[1Gpulling manifest [K
pulling a99b7f834d75:  30% ▕█████             ▏ 1.8 GB/6.0 GB   19 MB/s   3m37s[K[?25h[?2026l[?2026h[?25l[A[1Gpulling manifest [K
pulling a99b7f834d75:  30% ▕█████             ▏ 1.8 GB/6.0 GB   19 MB/s   3m37s[K[?25h[?2026l[?2026h[?25l[A[1Gpulling manifest [K
pulling a99b7f834d75:  30% ▕█████             ▏ 1.8 GB/6.0 GB   19 MB/s   3m37s[K[?25h[?2026l[?2026h[?25l[A[1Gpulling manifest [K
pulling a99b7f834d75:  30% ▕█████             ▏ 1.8 GB/6.0 GB   19 MB/s   3m37s[K[?25h[?2026l[?2026h[?25l[A[1Gpulling manifest [K
pulling a99b7f834d75:  30% ▕█████             ▏ 1.8 GB/6.0 GB   19 MB/s   3m37s[K[?25h[?2026l[?2026h[?25l[A[1Gpulling manifest [K
pulling a99b7f834d75:  30% ▕█████             ▏ 1.8 GB/6.0 GB   19 MB/s   3m37s[K[?25h[?2026l[?2026h[?25l[A[1Gpulling manifest [K
pulling a99b7f834d75:  30% ▕█████             ▏ 1.8 GB/6.0 GB   19 MB/s   3m37s[K[?25h[?2026l[?2026h[?25l[A[1Gpulling manifest [K
pulling a99b7f834d75:  30% ▕█████             ▏ 1.8 GB/6.0 GB   19 MB/s   3m37s[K[?25h[?2026l[?2026h[?25l[A[1Gpulling manifest [K
pulling a99b7f834d75:  30% ▕█████             ▏ 1.8 GB/6.0 GB   19 MB/s   3m37s[K[?25h[?2026l[?2026h[?25l[A[1Gpulling manifest [K
pulling a99b7f834d75:  30% ▕█████             ▏ 1.8 GB/6.0 GB   19 MB/s   3m37s[K[?25h[?2026l[?2026h[?25l[A[1Gpulling manifest [K
pulling a99b7f834d75:  30% ▕█████             ▏ 1.8 GB/6.0 GB   19 MB/s   3m37s[K[?25h[?2026l[?2026h[?25l[A[1Gpulling manifest [K
pulling a99b7f834d75:  30% ▕█████             ▏ 1.8 GB/6.0 GB   19 MB/s   3m37s[K[?25h[?2026l[?2026h[?25l[A[1Gpulling manifest [K
pulling a99b7f834d75:  30% ▕█████             ▏ 1.8 GB/6.0 GB   19 MB/s   3m36s[K[?25h[?2026l[?2026h[?25l[A[1Gpulling manifest [K
pulling a99b7f834d75:  30% ▕█████             ▏ 1.8 GB/6.0 GB   19 MB/s   3m36s[K[?25h[?2026l[?2026h[?25l[A[1Gpulling manifest [K
pulling a99b7f834d75:  30% ▕█████             ▏ 1.8 GB/6.0 GB   19 MB/s   3m36s[K[?25h[?2026l[?2026h[?25l[A[1Gpulling manifest [K
pulling a99b7f834d75:  30% ▕█████             ▏ 1.8 GB/6.0 GB   19 MB/s   3m36s[K[?25h[?2026l[?2026h[?25l[A[1Gpulling manifest [K
pulling a99b7f834d75:  30% ▕█████             ▏ 1.8 GB/6.0 GB   19 MB/s   3m36s[K[?25h[?2026l[?2026h[?25l[A[1Gpulling manifest [K
pulling a99b7f834d75:  30% ▕█████             ▏ 1.8 GB/6.0 GB   19 MB/s   3m36s[K[?25h[?2026l[?2026h[?25l[A[1Gpulling manifest [K
pulling a99b7f834d75:  30% ▕█████             ▏ 1.8 GB/6.0 GB   19 MB/s   3m36s[K[?25h[?2026l[?2026h[?25l[A[1Gpulling manifest [K
pulling a99b7f834d75:  30% ▕█████             ▏ 1.8 GB/6.0 GB   19 MB/s   3m36s[K[?25h[?2026l[?2026h[?25l[A[1Gpulling manifest [K
pulling a99b7f834d75:  30% ▕█████             ▏ 1.8 GB/6.0 GB   19 MB/s   3m33s[K[?25h[?2026l[?2026h[?25l[A[1Gpulling manifest [K
pulling a99b7f834d75:  30% ▕█████             ▏ 1.8 GB/6.0 GB   19 MB/s   3m33s[K[?25h[?2026l[?2026h[?25l[A[1Gpulling manifest [K
pulling a99b7f834d75:  30% ▕█████             ▏ 1.8 GB/6.0 GB   19 MB/s   3m33s[K[?25h[?2026l[?2026h[?25l[A[1Gpulling manifest [K
pulling a99b7f834d75:  30% ▕█████             ▏ 1.8 GB/6.0 GB   19 MB/s   3m33s[K[?25h[?2026l[?2026h[?25l[A[1Gpulling manifest [K
pulling a99b7f834d75:  30% ▕█████             ▏ 1.8 GB/6.0 GB   19 MB/s   3m32s[K[?25h[?2026l[?2026h[?25l[A[1Gpulling manifest [K
pulling a99b7f834d75:  30% ▕█████             ▏ 1.8 GB/6.0 GB   19 MB/s   3m32s[K[?25h[?2026l[?2026h[?25l[A[1Gpulling manifest [K
pulling a99b7f834d75:  30% ▕█████             ▏ 1.8 GB/6.0 GB   19 MB/s   3m32s[K[?25h[?2026l[?2026h[?25l[A[1Gpulling manifest [K
pulling a99b7f834d75:  31% ▕█████             ▏ 1.8 GB/6.0 GB   19 MB/s   3m32s[K[?25h[?2026l[?2026h[?25l[A[1Gpulling manifest [K
pulling a99b7f834d75:  31% ▕█████             ▏ 1.8 GB/6.0 GB   19 MB/s   3m32s[K[?25h[?2026l[?2026h[?25l[A[1Gpulling manifest [K
pulling a99b7f834d75:  31% ▕█████             ▏ 1.8 GB/6.0 GB   19 MB/s   3m32s[K[?25h[?2026l[?2026h[?25l[A[1Gpulling manifest [K
pulling a99b7f834d75:  31% ▕█████             ▏ 1.8 GB/6.0 GB   19 MB/s   3m32s[K[?25h[?2026l[?2026h[?25l[A[1Gpulling manifest [K
pulling a99b7f834d75:  31% ▕█████             ▏ 1.8 GB/6.0 GB   19 MB/s   3m32s[K[?25h[?2026l[?2026h[?25l[A[1Gpulling manifest [K
pulling a99b7f834d75:  31% ▕█████             ▏ 1.8 GB/6.0 GB   19 MB/s   3m32s[K[?25h[?2026l[?2026h[?25l[A[1Gpulling manifest [K
pulling a99b7f834d75:  31% ▕█████             ▏ 1.8 GB/6.0 GB   19 MB/s   3m31s[K[?25h[?2026l[?2026h[?25l[A[1Gpulling manifest [K
pulling a99b7f834d75:  31% ▕█████             ▏ 1.8 GB/6.0 GB   19 MB/s   3m31s[K[?25h[?2026l[?2026h[?25l[A[1Gpulling manifest [K
pulling a99b7f834d75:  31% ▕█████             ▏ 1.8 GB/6.0 GB   19 MB/s   3m31s[K[?25h[?2026l[?2026h[?25l[A[1Gpulling manifest [K
pulling a99b7f834d75:  31% ▕█████             ▏ 1.8 GB/6.0 GB   19 MB/s   3m31s[K[?25h[?2026l[?2026h[?25l[A[1Gpulling manifest [K
pulling a99b7f834d75:  31% ▕█████             ▏ 1.8 GB/6.0 GB   19 MB/s   3m31s[K[?25h[?2026l[?2026h[?25l[A[1Gpulling manifest [K
pulling a99b7f834d75:  31% ▕█████             ▏ 1.8 GB/6.0 GB   19 MB/s   3m31s[K[?25h[?2026l[?2026h[?25l[A[1Gpulling manifest [K
pulling a99b7f834d75:  31% ▕█████             ▏ 1.8 GB/6.0 GB   19 MB/s   3m31s[K[?25h[?2026l[?2026h[?25l[A[1Gpulling manifest [K
pulling a99b7f834d75:  31% ▕█████             ▏ 1.8 GB/6.0 GB   19 MB/s   3m34s[K[?25h[?2026l[?2026h[?25l[A[1Gpulling manifest [K
pulling a99b7f834d75:  31% ▕█████             ▏ 1.8 GB/6.0 GB   19 MB/s   3m34s[K[?25h[?2026l[?2026h[?25l[A[1Gpulling manifest [K
pulling a99b7f834d75:  31% ▕█████             ▏ 1.8 GB/6.0 GB   19 MB/s   3m34s[K[?25h[?2026l[?2026h[?25l[A[1Gpulling manifest [K
pulling a99b7f834d75:  31% ▕█████             ▏ 1.8 GB/6.0 GB   19 MB/s   3m33s[K[?25h[?2026l[?2026h[?25l[A[1Gpulling manifest [K
pulling a99b7f834d75:  31% ▕█████             ▏ 1.9 GB/6.0 GB   19 MB/s   3m33s[K[?25h[?2026l[?2026h[?25l[A[1Gpulling manifest [K
pulling a99b7f834d75:  31% ▕█████             ▏ 1.9 GB/6.0 GB   19 MB/s   3m33s[K[?25h[?2026l[?2026h[?25l[A[1Gpulling manifest [K
pulling a99b7f834d75:  31% ▕█████             ▏ 1.9 GB/6.0 GB   19 MB/s   3m33s[K[?25h[?2026l[?2026h[?25l[A[1Gpulling manifest [K
pulling a99b7f834d75:  31% ▕█████             ▏ 1.9 GB/6.0 GB   19 MB/s   3m33s[K[?25h[?2026l[?2026h[?25l[A[1Gpulling manifest [K
pulling a99b7f834d75:  31% ▕█████             ▏ 1.9 GB/6.0 GB   19 MB/s   3m33s[K[?25h[?2026l[?2026h[?25l[A[1Gpulling manifest [K
pulling a99b7f834d75:  31% ▕█████             ▏ 1.9 GB/6.0 GB   19 MB/s   3m33s[K[?25h[?2026l[?2026h[?25l[A[1Gpulling manifest [K
pulling a99b7f834d75:  31% ▕█████             ▏ 1.9 GB/6.0 GB   19 MB/s   3m33s[K[?25h[?2026l[?2026h[?25l[A[1Gpulling manifest [K
pulling a99b7f834d75:  31% ▕█████             ▏ 1.9 GB/6.0 GB   19 MB/s   3m33s[K[?25h[?2026l[?2026h[?25l[A[1Gpulling manifest [K
pulling a99b7f834d75:  31% ▕█████             ▏ 1.9 GB/6.0 GB   19 MB/s   3m33s[K[?25h[?2026l[?2026h[?25l[A[1Gpulling manifest [K
pulling a99b7f834d75:  31% ▕█████             ▏ 1.9 GB/6.0 GB   19 MB/s   3m33s[K[?25h[?2026l[?2026h[?25l[A[1Gpulling manifest [K
pulling a99b7f834d75:  31% ▕█████             ▏ 1.9 GB/6.0 GB   19 MB/s   3m33s[K[?25h[?2026l[?2026h[?25l[A[1Gpulling manifest [K
pulling a99b7f834d75:  31% ▕█████             ▏ 1.9 GB/6.0 GB   19 MB/s   3m33s[K[?25h[?2026l[?2026h[?25l[A[1Gpulling manifest [K
pulling a99b7f834d75:  31% ▕█████             ▏ 1.9 GB/6.0 GB   19 MB/s   3m33s[K[?25h[?2026l[?2026h[?25l[A[1Gpulling manifest [K
pulling a99b7f834d75:  31% ▕█████             ▏ 1.9 GB/6.0 GB   19 MB/s   3m33s[K[?25h[?2026l[?2026h[?25l[A[1Gpulling manifest [K
pulling a99b7f834d75:  31% ▕█████             ▏ 1.9 GB/6.0 GB   19 MB/s   3m32s[K[?25h[?2026l[?2026h[?25l[A[1Gpulling manifest [K
pulling a99b7f834d75:  31% ▕█████             ▏ 1.9 GB/6.0 GB   19 MB/s   3m32s[K[?25h[?2026l[?2026h[?25l[A[1Gpulling manifest [K
pulling a99b7f834d75:  32% ▕█████             ▏ 1.9 GB/6.0 GB   19 MB/s   3m32s[K[?25h[?2026l[?2026h[?25l[A[1Gpulling manifest [K
pulling a99b7f834d75:  32% ▕█████             ▏ 1.9 GB/6.0 GB   19 MB/s   3m33s[K[?25h[?2026l[?2026h[?25l[A[1Gpulling manifest [K
pulling a99b7f834d75:  32% ▕█████             ▏ 1.9 GB/6.0 GB   19 MB/s   3m33s[K[?25h[?2026l[?2026h[?25l[A[1Gpulling manifest [K
pulling a99b7f834d75:  32% ▕█████             ▏ 1.9 GB/6.0 GB   19 MB/s   3m33s[K[?25h[?2026l[?2026h[?25l[A[1Gpulling manifest [K
pulling a99b7f834d75:  32% ▕█████             ▏ 1.9 GB/6.0 GB   19 MB/s   3m33s[K[?25h[?2026l[?2026h[?25l[A[1Gpulling manifest [K
pulling a99b7f834d75:  32% ▕█████             ▏ 1.9 GB/6.0 GB   19 MB/s   3m33s[K[?25h[?2026l[?2026h[?25l[A[1Gpulling manifest [K
pulling a99b7f834d75:  32% ▕█████             ▏ 1.9 GB/6.0 GB   19 MB/s   3m33s[K[?25h[?2026l[?2026h[?25l[A[1Gpulling manifest [K
pulling a99b7f834d75:  32% ▕█████             ▏ 1.9 GB/6.0 GB   19 MB/s   3m33s[K[?25h[?2026l[?2026h[?25l[A[1Gpulling manifest [K
pulling a99b7f834d75:  32% ▕█████             ▏ 1.9 GB/6.0 GB   19 MB/s   3m33s[K[?25h[?2026l[?2026h[?25l[A[1Gpulling manifest [K
pulling a99b7f834d75:  32% ▕█████             ▏ 1.9 GB/6.0 GB   19 MB/s   3m33s[K[?25h[?2026l[?2026h[?25l[A[1Gpulling manifest [K
pulling a99b7f834d75:  32% ▕█████             ▏ 1.9 GB/6.0 GB   19 MB/s   3m32s[K[?25h[?2026l[?2026h[?25l[A[1Gpulling manifest [K
pulling a99b7f834d75:  32% ▕█████             ▏ 1.9 GB/6.0 GB   19 MB/s   3m33s[K[?25h[?2026l[?2026h[?25l[A[1Gpulling manifest [K
pulling a99b7f834d75:  32% ▕█████             ▏ 1.9 GB/6.0 GB   19 MB/s   3m33s[K[?25h[?2026l[?2026h[?25l[A[1Gpulling manifest [K
pulling a99b7f834d75:  32% ▕█████             ▏ 1.9 GB/6.0 GB   19 MB/s   3m33s[K[?25h[?2026l[?2026h[?25l[A[1Gpulling manifest [K
pulling a99b7f834d75:  32% ▕█████             ▏ 1.9 GB/6.0 GB   19 MB/s   3m33s[K[?25h[?2026l[?2026h[?25l[A[1Gpulling manifest [K
pulling a99b7f834d75:  32% ▕█████             ▏ 1.9 GB/6.0 GB   19 MB/s   3m33s[K[?25h[?2026l[?2026h[?25l[A[1Gpulling manifest [K
pulling a99b7f834d75:  32% ▕█████             ▏ 1.9 GB/6.0 GB   19 MB/s   3m33s[K[?25h[?2026l[?2026h[?25l[A[1Gpulling manifest [K
pulling a99b7f834d75:  32% ▕█████             ▏ 1.9 GB/6.0 GB   19 MB/s   3m33s[K[?25h[?2026l[?2026h[?25l[A[1Gpulling manifest [K
pulling a99b7f834d75:  32% ▕█████             ▏ 1.9 GB/6.0 GB   19 MB/s   3m33s[K[?25h[?2026l[?2026h[?25l[A[1Gpulling manifest [K
pulling a99b7f834d75:  32% ▕█████             ▏ 1.9 GB/6.0 GB   19 MB/s   3m33s[K[?25h[?2026l[?2026h[?25l[A[1Gpulling manifest [K
pulling a99b7f834d75:  32% ▕█████             ▏ 1.9 GB/6.0 GB   19 MB/s   3m33s[K[?25h[?2026l[?2026h[?25l[A[1Gpulling manifest [K
pulling a99b7f834d75:  32% ▕█████             ▏ 1.9 GB/6.0 GB   18 MB/s   3m33s[K[?25h[?2026l[?2026h[?25l[A[1Gpulling manifest [K
pulling a99b7f834d75:  32% ▕█████             ▏ 1.9 GB/6.0 GB   18 MB/s   3m33s[K[?25h[?2026l[?2026h[?25l[A[1Gpulling manifest [K
pulling a99b7f834d75:  32% ▕█████             ▏ 1.9 GB/6.0 GB   18 MB/s   3m33s[K[?25h[?2026l[?2026h[?25l[A[1Gpulling manifest [K
pulling a99b7f834d75:  32% ▕█████             ▏ 1.9 GB/6.0 GB   18 MB/s   3m33s[K[?25h[?2026l[?2026h[?25l[A[1Gpulling manifest [K
pulling a99b7f834d75:  32% ▕█████             ▏ 1.9 GB/6.0 GB   18 MB/s   3m33s[K[?25h[?2026l[?2026h[?25l[A[1Gpulling manifest [K
pulling a99b7f834d75:  32% ▕█████             ▏ 1.9 GB/6.0 GB   18 MB/s   3m33s[K[?25h[?2026l[?2026h[?25l[A[1Gpulling manifest [K
pulling a99b7f834d75:  32% ▕█████             ▏ 1.9 GB/6.0 GB   18 MB/s   3m33s[K[?25h[?2026l[?2026h[?25l[A[1Gpulling manifest [K
pulling a99b7f834d75:  32% ▕█████             ▏ 1.9 GB/6.0 GB   18 MB/s   3m33s[K[?25h[?2026l[?2026h[?25l[A[1Gpulling manifest [K
pulling a99b7f834d75:  32% ▕█████             ▏ 1.9 GB/6.0 GB   18 MB/s   3m33s[K[?25h[?2026l[?2026h[?25l[A[1Gpulling manifest [K
pulling a99b7f834d75:  32% ▕█████             ▏ 1.9 GB/6.0 GB   18 MB/s   3m33s[K[?25h[?2026l[?2026h[?25l[A[1Gpulling manifest [K
pulling a99b7f834d75:  32% ▕█████             ▏ 1.9 GB/6.0 GB   18 MB/s   3m35s[K[?25h[?2026l[?2026h[?25l[A[1Gpulling manifest [K
pulling a99b7f834d75:  32% ▕█████             ▏ 1.9 GB/6.0 GB   18 MB/s   3m34s[K[?25h[?2026l[?2026h[?25l[A[1Gpulling manifest [K
pulling a99b7f834d75:  33% ▕█████             ▏ 1.9 GB/6.0 GB   18 MB/s   3m34s[K[?25h[?2026l[?2026h[?25l[A[1Gpulling manifest [K
pulling a99b7f834d75:  33% ▕█████             ▏ 1.9 GB/6.0 GB   18 MB/s   3m34s[K[?25h[?2026l[?2026h[?25l[A[1Gpulling manifest [K
pulling a99b7f834d75:  33% ▕█████             ▏ 1.9 GB/6.0 GB   18 MB/s   3m34s[K[?25h[?2026l[?2026h[?25l[A[1Gpulling manifest [K
pulling a99b7f834d75:  33% ▕█████             ▏ 1.9 GB/6.0 GB   18 MB/s   3m34s[K[?25h[?2026l[?2026h[?25l[A[1Gpulling manifest [K
pulling a99b7f834d75:  33% ▕█████             ▏ 1.9 GB/6.0 GB   18 MB/s   3m34s[K[?25h[?2026l[?2026h[?25l[A[1Gpulling manifest [K
pulling a99b7f834d75:  33% ▕█████             ▏ 2.0 GB/6.0 GB   18 MB/s   3m34s[K[?25h[?2026l[?2026h[?25l[A[1Gpulling manifest [K
pulling a99b7f834d75:  33% ▕█████             ▏ 2.0 GB/6.0 GB   18 MB/s   3m34s[K[?25h[?2026l[?2026h[?25l[A[1Gpulling manifest [K
pulling a99b7f834d75:  33% ▕█████             ▏ 2.0 GB/6.0 GB   18 MB/s   3m34s[K[?25h[?2026l[?2026h[?25l[A[1Gpulling manifest [K
pulling a99b7f834d75:  33% ▕█████             ▏ 2.0 GB/6.0 GB   18 MB/s   3m34s[K[?25h[?2026l[?2026h[?25l[A[1Gpulling manifest [K
pulling a99b7f834d75:  33% ▕█████             ▏ 2.0 GB/6.0 GB   18 MB/s   3m33s[K[?25h[?2026l[?2026h[?25l[A[1Gpulling manifest [K
pulling a99b7f834d75:  33% ▕█████             ▏ 2.0 GB/6.0 GB   18 MB/s   3m33s[K[?25h[?2026l[?2026h[?25l[A[1Gpulling manifest [K
pulling a99b7f834d75:  33% ▕█████             ▏ 2.0 GB/6.0 GB   18 MB/s   3m33s[K[?25h[?2026l[?2026h[?25l[A[1Gpulling manifest [K
pulling a99b7f834d75:  33% ▕█████             ▏ 2.0 GB/6.0 GB   18 MB/s   3m33s[K[?25h[?2026l[?2026h[?25l[A[1Gpulling manifest [K
pulling a99b7f834d75:  33% ▕█████             ▏ 2.0 GB/6.0 GB   18 MB/s   3m33s[K[?25h[?2026l[?2026h[?25l[A[1Gpulling manifest [K
pulling a99b7f834d75:  33% ▕█████             ▏ 2.0 GB/6.0 GB   18 MB/s   3m33s[K[?25h[?2026l[?2026h[?25l[A[1Gpulling manifest [K
pulling a99b7f834d75:  33% ▕█████             ▏ 2.0 GB/6.0 GB   18 MB/s   3m33s[K[?25h[?2026l[?2026h[?25l[A[1Gpulling manifest [K
pulling a99b7f834d75:  33% ▕█████             ▏ 2.0 GB/6.0 GB   18 MB/s   3m33s[K[?25h[?2026l[?2026h[?25l[A[1Gpulling manifest [K
pulling a99b7f834d75:  33% ▕█████             ▏ 2.0 GB/6.0 GB   18 MB/s   3m32s[K[?25h[?2026l[?2026h[?25l[A[1Gpulling manifest [K
pulling a99b7f834d75:  33% ▕█████             ▏ 2.0 GB/6.0 GB   18 MB/s   3m32s[K[?25h[?2026l[?2026h[?25l[A[1Gpulling manifest [K
pulling a99b7f834d75:  33% ▕█████             ▏ 2.0 GB/6.0 GB   18 MB/s   3m32s[K[?25h[?2026l[?2026h[?25l[A[1Gpulling manifest [K
pulling a99b7f834d75:  33% ▕█████             ▏ 2.0 GB/6.0 GB   18 MB/s   3m32s[K[?25h[?2026l[?2026h[?25l[A[1Gpulling manifest [K
pulling a99b7f834d75:  33% ▕█████             ▏ 2.0 GB/6.0 GB   18 MB/s   3m32s[K[?25h[?2026l[?2026h[?25l[A[1Gpulling manifest [K
pulling a99b7f834d75:  33% ▕█████             ▏ 2.0 GB/6.0 GB   18 MB/s   3m32s[K[?25h[?2026l[?2026h[?25l[A[1Gpulling manifest [K
pulling a99b7f834d75:  33% ▕█████             ▏ 2.0 GB/6.0 GB   18 MB/s   3m32s[K[?25h[?2026l[?2026h[?25l[A[1Gpulling manifest [K
pulling a99b7f834d75:  33% ▕█████             ▏ 2.0 GB/6.0 GB   18 MB/s   3m32s[K[?25h[?2026l[?2026h[?25l[A[1Gpulling manifest [K
pulling a99b7f834d75:  33% ▕██████            ▏ 2.0 GB/6.0 GB   18 MB/s   3m32s[K[?25h[?2026l[?2026h[?25l[A[1Gpulling manifest [K
pulling a99b7f834d75:  33% ▕██████            ▏ 2.0 GB/6.0 GB   18 MB/s   3m32s[K[?25h[?2026l[?2026h[?25l[A[1Gpulling manifest [K
pulling a99b7f834d75:  33% ▕██████            ▏ 2.0 GB/6.0 GB   18 MB/s   3m31s[K[?25h[?2026l[?2026h[?25l[A[1Gpulling manifest [K
pulling a99b7f834d75:  33% ▕██████            ▏ 2.0 GB/6.0 GB   18 MB/s   3m31s[K[?25h[?2026l[?2026h[?25l[A[1Gpulling manifest [K
pulling a99b7f834d75:  33% ▕██████            ▏ 2.0 GB/6.0 GB   18 MB/s   3m29s[K[?25h[?2026l[?2026h[?25l[A[1Gpulling manifest [K
pulling a99b7f834d75:  33% ▕██████            ▏ 2.0 GB/6.0 GB   18 MB/s   3m29s[K[?25h[?2026l[?2026h[?25l[A[1Gpulling manifest [K
pulling a99b7f834d75:  34% ▕██████            ▏ 2.0 GB/6.0 GB   18 MB/s   3m29s[K[?25h[?2026l[?2026h[?25l[A[1Gpulling manifest [K
pulling a99b7f834d75:  34% ▕██████            ▏ 2.0 GB/6.0 GB   18 MB/s   3m29s[K[?25h[?2026l[?2026h[?25l[A[1Gpulling manifest [K
pulling a99b7f834d75:  34% ▕██████            ▏ 2.0 GB/6.0 GB   18 MB/s   3m29s[K[?25h[?2026l[?2026h[?25l[A[1Gpulling manifest [K
pulling a99b7f834d75:  34% ▕██████            ▏ 2.0 GB/6.0 GB   18 MB/s   3m29s[K[?25h[?2026l[?2026h[?25l[A[1Gpulling manifest [K
pulling a99b7f834d75:  34% ▕██████            ▏ 2.0 GB/6.0 GB   18 MB/s   3m29s[K[?25h[?2026l[?2026h[?25l[A[1Gpulling manifest [K
pulling a99b7f834d75:  34% ▕██████            ▏ 2.0 GB/6.0 GB   18 MB/s   3m29s[K[?25h[?2026l[?2026h[?25l[A[1Gpulling manifest [K
pulling a99b7f834d75:  34% ▕██████            ▏ 2.0 GB/6.0 GB   18 MB/s   3m28s[K[?25h[?2026l[?2026h[?25l[A[1Gpulling manifest [K
pulling a99b7f834d75:  34% ▕██████            ▏ 2.0 GB/6.0 GB   18 MB/s   3m28s[K[?25h[?2026l[?2026h[?25l[A[1Gpulling manifest [K
pulling a99b7f834d75:  34% ▕██████            ▏ 2.0 GB/6.0 GB   19 MB/s   3m24s[K[?25h[?2026l[?2026h[?25l[A[1Gpulling manifest [K
pulling a99b7f834d75:  34% ▕██████            ▏ 2.0 GB/6.0 GB   19 MB/s   3m24s[K[?25h[?2026l[?2026h[?25l[A[1Gpulling manifest [K
pulling a99b7f834d75:  34% ▕██████            ▏ 2.0 GB/6.0 GB   19 MB/s   3m24s[K[?25h[?2026l[?2026h[?25l[A[1Gpulling manifest [K
pulling a99b7f834d75:  34% ▕██████            ▏ 2.0 GB/6.0 GB   19 MB/s   3m24s[K[?25h[?2026l[?2026h[?25l[A[1Gpulling manifest [K
pulling a99b7f834d75:  34% ▕██████            ▏ 2.0 GB/6.0 GB   19 MB/s   3m24s[K[?25h[?2026l[?2026h[?25l[A[1Gpulling manifest [K
pulling a99b7f834d75:  34% ▕██████            ▏ 2.0 GB/6.0 GB   19 MB/s   3m24s[K[?25h[?2026l[?2026h[?25l[A[1Gpulling manifest [K
pulling a99b7f834d75:  34% ▕██████            ▏ 2.0 GB/6.0 GB   19 MB/s   3m24s[K[?25h[?2026l[?2026h[?25l[A[1Gpulling manifest [K
pulling a99b7f834d75:  34% ▕██████            ▏ 2.0 GB/6.0 GB   19 MB/s   3m24s[K[?25h[?2026l[?2026h[?25l[A[1Gpulling manifest [K
pulling a99b7f834d75:  34% ▕██████            ▏ 2.0 GB/6.0 GB   19 MB/s   3m24s[K[?25h[?2026l[?2026h[?25l[A[1Gpulling manifest [K
pulling a99b7f834d75:  34% ▕██████            ▏ 2.0 GB/6.0 GB   19 MB/s   3m24s[K[?25h[?2026l[?2026h[?25l[A[1Gpulling manifest [K
pulling a99b7f834d75:  34% ▕██████            ▏ 2.0 GB/6.0 GB   18 MB/s   3m28s[K[?25h[?2026l[?2026h[?25l[A[1Gpulling manifest [K
pulling a99b7f834d75:  34% ▕██████            ▏ 2.0 GB/6.0 GB   18 MB/s   3m28s[K[?25h[?2026l[?2026h[?25l[A[1Gpulling manifest [K
pulling a99b7f834d75:  34% ▕██████            ▏ 2.0 GB/6.0 GB   18 MB/s   3m28s[K[?25h[?2026l[?2026h[?25l[A[1Gpulling manifest [K
pulling a99b7f834d75:  34% ▕██████            ▏ 2.0 GB/6.0 GB   18 MB/s   3m28s[K[?25h[?2026l[?2026h[?25l[A[1Gpulling manifest [K
pulling a99b7f834d75:  34% ▕██████            ▏ 2.0 GB/6.0 GB   18 MB/s   3m27s[K[?25h[?2026l[?2026h[?25l[A[1Gpulling manifest [K
pulling a99b7f834d75:  34% ▕██████            ▏ 2.0 GB/6.0 GB   18 MB/s   3m27s[K[?25h[?2026l[?2026h[?25l[A[1Gpulling manifest [K
pulling a99b7f834d75:  34% ▕██████            ▏ 2.0 GB/6.0 GB   18 MB/s   3m27s[K[?25h[?2026l[?2026h[?25l[A[1Gpulling manifest [K
pulling a99b7f834d75:  34% ▕██████            ▏ 2.0 GB/6.0 GB   18 MB/s   3m27s[K[?25h[?2026l[?2026h[?25l[A[1Gpulling manifest [K
pulling a99b7f834d75:  34% ▕██████            ▏ 2.0 GB/6.0 GB   18 MB/s   3m27s[K[?25h[?2026l[?2026h[?25l[A[1Gpulling manifest [K
pulling a99b7f834d75:  34% ▕██████            ▏ 2.1 GB/6.0 GB   18 MB/s   3m27s[K[?25h[?2026l[?2026h[?25l[A[1Gpulling manifest [K
pulling a99b7f834d75:  34% ▕██████            ▏ 2.1 GB/6.0 GB   18 MB/s   3m27s[K[?25h[?2026l[?2026h[?25l[A[1Gpulling manifest [K
pulling a99b7f834d75:  34% ▕██████            ▏ 2.1 GB/6.0 GB   18 MB/s   3m26s[K[?25h[?2026l[?2026h[?25l[A[1Gpulling manifest [K
pulling a99b7f834d75:  34% ▕██████            ▏ 2.1 GB/6.0 GB   18 MB/s   3m26s[K[?25h[?2026l[?2026h[?25l[A[1Gpulling manifest [K
pulling a99b7f834d75:  34% ▕██████            ▏ 2.1 GB/6.0 GB   18 MB/s   3m26s[K[?25h[?2026l[?2026h[?25l[A[1Gpulling manifest [K
pulling a99b7f834d75:  35% ▕██████            ▏ 2.1 GB/6.0 GB   18 MB/s   3m26s[K[?25h[?2026l[?2026h[?25l[A[1Gpulling manifest [K
pulling a99b7f834d75:  35% ▕██████            ▏ 2.1 GB/6.0 GB   18 MB/s   3m26s[K[?25h[?2026l[?2026h[?25l[A[1Gpulling manifest [K
pulling a99b7f834d75:  35% ▕██████            ▏ 2.1 GB/6.0 GB   18 MB/s   3m26s[K[?25h[?2026l[?2026h[?25l[A[1Gpulling manifest [K
pulling a99b7f834d75:  35% ▕██████            ▏ 2.1 GB/6.0 GB   18 MB/s   3m25s[K[?25h[?2026l[?2026h[?25l[A[1Gpulling manifest [K
pulling a99b7f834d75:  35% ▕██████            ▏ 2.1 GB/6.0 GB   18 MB/s   3m25s[K[?25h[?2026l[?2026h[?25l[A[1Gpulling manifest [K
pulling a99b7f834d75:  35% ▕██████            ▏ 2.1 GB/6.0 GB   18 MB/s   3m25s[K[?25h[?2026l[?2026h[?25l[A[1Gpulling manifest [K
pulling a99b7f834d75:  35% ▕██████            ▏ 2.1 GB/6.0 GB   18 MB/s   3m25s[K[?25h[?2026l[?2026h[?25l[A[1Gpulling manifest [K
pulling a99b7f834d75:  35% ▕██████            ▏ 2.1 GB/6.0 GB   19 MB/s   3m24s[K[?25h[?2026l[?2026h[?25l[A[1Gpulling manifest [K
pulling a99b7f834d75:  35% ▕██████            ▏ 2.1 GB/6.0 GB   19 MB/s   3m24s[K[?25h[?2026l[?2026h[?25l[A[1Gpulling manifest [K
pulling a99b7f834d75:  35% ▕██████            ▏ 2.1 GB/6.0 GB   19 MB/s   3m24s[K[?25h[?2026l[?2026h[?25l[A[1Gpulling manifest [K
pulling a99b7f834d75:  35% ▕██████            ▏ 2.1 GB/6.0 GB   19 MB/s   3m24s[K[?25h[?2026l[?2026h[?25l[A[1Gpulling manifest [K
pulling a99b7f834d75:  35% ▕██████            ▏ 2.1 GB/6.0 GB   19 MB/s   3m24s[K[?25h[?2026l[?2026h[?25l[A[1Gpulling manifest [K
pulling a99b7f834d75:  35% ▕██████            ▏ 2.1 GB/6.0 GB   19 MB/s   3m24s[K[?25h[?2026l[?2026h[?25l[A[1Gpulling manifest [K
pulling a99b7f834d75:  35% ▕██████            ▏ 2.1 GB/6.0 GB   19 MB/s   3m24s[K[?25h[?2026l[?2026h[?25l[A[1Gpulling manifest [K
pulling a99b7f834d75:  35% ▕██████            ▏ 2.1 GB/6.0 GB   19 MB/s   3m24s[K[?25h[?2026l[?2026h[?25l[A[1Gpulling manifest [K
pulling a99b7f834d75:  35% ▕██████            ▏ 2.1 GB/6.0 GB   19 MB/s   3m24s[K[?25h[?2026l[?2026h[?25l[A[1Gpulling manifest [K
pulling a99b7f834d75:  35% ▕██████            ▏ 2.1 GB/6.0 GB   19 MB/s   3m23s[K[?25h[?2026l[?2026h[?25l[A[1Gpulling manifest [K
pulling a99b7f834d75:  35% ▕██████            ▏ 2.1 GB/6.0 GB   19 MB/s   3m23s[K[?25h[?2026l[?2026h[?25l[A[1Gpulling manifest [K
pulling a99b7f834d75:  35% ▕██████            ▏ 2.1 GB/6.0 GB   19 MB/s   3m23s[K[?25h[?2026l[?2026h[?25l[A[1Gpulling manifest [K
pulling a99b7f834d75:  35% ▕██████            ▏ 2.1 GB/6.0 GB   19 MB/s   3m23s[K[?25h[?2026l[?2026h[?25l[A[1Gpulling manifest [K
pulling a99b7f834d75:  35% ▕██████            ▏ 2.1 GB/6.0 GB   19 MB/s   3m23s[K[?25h[?2026l[?2026h[?25l[A[1Gpulling manifest [K
pulling a99b7f834d75:  35% ▕██████            ▏ 2.1 GB/6.0 GB   19 MB/s   3m23s[K[?25h[?2026l[?2026h[?25l[A[1Gpulling manifest [K
pulling a99b7f834d75:  35% ▕██████            ▏ 2.1 GB/6.0 GB   19 MB/s   3m22s[K[?25h[?2026l[?2026h[?25l[A[1Gpulling manifest [K
pulling a99b7f834d75:  35% ▕██████            ▏ 2.1 GB/6.0 GB   19 MB/s   3m22s[K[?25h[?2026l[?2026h[?25l[A[1Gpulling manifest [K
pulling a99b7f834d75:  35% ▕██████            ▏ 2.1 GB/6.0 GB   19 MB/s   3m22s[K[?25h[?2026l[?2026h[?25l[A[1Gpulling manifest [K
pulling a99b7f834d75:  35% ▕██████            ▏ 2.1 GB/6.0 GB   19 MB/s   3m22s[K[?25h[?2026l[?2026h[?25l[A[1Gpulling manifest [K
pulling a99b7f834d75:  35% ▕██████            ▏ 2.1 GB/6.0 GB   19 MB/s   3m22s[K[?25h[?2026l[?2026h[?25l[A[1Gpulling manifest [K
pulling a99b7f834d75:  35% ▕██████            ▏ 2.1 GB/6.0 GB   19 MB/s   3m20s[K[?25h[?2026l[?2026h[?25l[A[1Gpulling manifest [K
pulling a99b7f834d75:  35% ▕██████            ▏ 2.1 GB/6.0 GB   19 MB/s   3m20s[K[?25h[?2026l[?2026h[?25l[A[1Gpulling manifest [K
pulling a99b7f834d75:  35% ▕██████            ▏ 2.1 GB/6.0 GB   19 MB/s   3m19s[K[?25h[?2026l[?2026h[?25l[A[1Gpulling manifest [K
pulling a99b7f834d75:  35% ▕██████            ▏ 2.1 GB/6.0 GB   19 MB/s   3m19s[K[?25h[?2026l[?2026h[?25l[A[1Gpulling manifest [K
pulling a99b7f834d75:  36% ▕██████            ▏ 2.1 GB/6.0 GB   19 MB/s   3m19s[K[?25h[?2026l[?2026h[?25l[A[1Gpulling manifest [K
pulling a99b7f834d75:  36% ▕██████            ▏ 2.1 GB/6.0 GB   19 MB/s   3m19s[K[?25h[?2026l[?2026h[?25l[A[1Gpulling manifest [K
pulling a99b7f834d75:  36% ▕██████            ▏ 2.1 GB/6.0 GB   19 MB/s   3m19s[K[?25h[?2026l[?2026h[?25l[A[1Gpulling manifest [K
pulling a99b7f834d75:  36% ▕██████            ▏ 2.1 GB/6.0 GB   19 MB/s   3m19s[K[?25h[?2026l[?2026h[?25l[A[1Gpulling manifest [K
pulling a99b7f834d75:  36% ▕██████            ▏ 2.1 GB/6.0 GB   19 MB/s   3m19s[K[?25h[?2026l[?2026h[?25l[A[1Gpulling manifest [K
pulling a99b7f834d75:  36% ▕██████            ▏ 2.1 GB/6.0 GB   19 MB/s   3m19s[K[?25h[?2026l[?2026h[?25l[A[1Gpulling manifest [K
pulling a99b7f834d75:  36% ▕██████            ▏ 2.1 GB/6.0 GB   19 MB/s   3m17s[K[?25h[?2026l[?2026h[?25l[A[1Gpulling manifest [K
pulling a99b7f834d75:  36% ▕██████            ▏ 2.1 GB/6.0 GB   19 MB/s   3m17s[K[?25h[?2026l[?2026h[?25l[A[1Gpulling manifest [K
pulling a99b7f834d75:  36% ▕██████            ▏ 2.1 GB/6.0 GB   19 MB/s   3m17s[K[?25h[?2026l[?2026h[?25l[A[1Gpulling manifest [K
pulling a99b7f834d75:  36% ▕██████            ▏ 2.1 GB/6.0 GB   19 MB/s   3m17s[K[?25h[?2026l[?2026h[?25l[A[1Gpulling manifest [K
pulling a99b7f834d75:  36% ▕██████            ▏ 2.1 GB/6.0 GB   19 MB/s   3m17s[K[?25h[?2026l[?2026h[?25l[A[1Gpulling manifest [K
pulling a99b7f834d75:  36% ▕██████            ▏ 2.1 GB/6.0 GB   19 MB/s   3m17s[K[?25h[?2026l[?2026h[?25l[A[1Gpulling manifest [K
pulling a99b7f834d75:  36% ▕██████            ▏ 2.1 GB/6.0 GB   19 MB/s   3m17s[K[?25h[?2026l[?2026h[?25l[A[1Gpulling manifest [K
pulling a99b7f834d75:  36% ▕██████            ▏ 2.1 GB/6.0 GB   19 MB/s   3m17s[K[?25h[?2026l[?2026h[?25l[A[1Gpulling manifest [K
pulling a99b7f834d75:  36% ▕██████            ▏ 2.1 GB/6.0 GB   19 MB/s   3m17s[K[?25h[?2026l[?2026h[?25l[A[1Gpulling manifest [K
pulling a99b7f834d75:  36% ▕██████            ▏ 2.1 GB/6.0 GB   19 MB/s   3m16s[K[?25h[?2026l[?2026h[?25l[A[1Gpulling manifest [K
pulling a99b7f834d75:  36% ▕██████            ▏ 2.1 GB/6.0 GB   19 MB/s   3m16s[K[?25h[?2026l[?2026h[?25l[A[1Gpulling manifest [K
pulling a99b7f834d75:  36% ▕██████            ▏ 2.2 GB/6.0 GB   19 MB/s   3m17s[K[?25h[?2026l[?2026h[?25l[A[1Gpulling manifest [K
pulling a99b7f834d75:  36% ▕██████            ▏ 2.2 GB/6.0 GB   19 MB/s   3m17s[K[?25h[?2026l[?2026h[?25l[A[1Gpulling manifest [K
pulling a99b7f834d75:  36% ▕██████            ▏ 2.2 GB/6.0 GB   19 MB/s   3m17s[K[?25h[?2026l[?2026h[?25l[A[1Gpulling manifest [K
pulling a99b7f834d75:  36% ▕██████            ▏ 2.2 GB/6.0 GB   19 MB/s   3m16s[K[?25h[?2026l[?2026h[?25l[A[1Gpulling manifest [K
pulling a99b7f834d75:  36% ▕██████            ▏ 2.2 GB/6.0 GB   19 MB/s   3m16s[K[?25h[?2026l[?2026h[?25l[A[1Gpulling manifest [K
pulling a99b7f834d75:  36% ▕██████            ▏ 2.2 GB/6.0 GB   19 MB/s   3m16s[K[?25h[?2026l[?2026h[?25l[A[1Gpulling manifest [K
pulling a99b7f834d75:  36% ▕██████            ▏ 2.2 GB/6.0 GB   19 MB/s   3m16s[K[?25h[?2026l[?2026h[?25l[A[1Gpulling manifest [K
pulling a99b7f834d75:  36% ▕██████            ▏ 2.2 GB/6.0 GB   19 MB/s   3m16s[K[?25h[?2026l[?2026h[?25l[A[1Gpulling manifest [K
pulling a99b7f834d75:  36% ▕██████            ▏ 2.2 GB/6.0 GB   19 MB/s   3m16s[K[?25h[?2026l[?2026h[?25l[A[1Gpulling manifest [K
pulling a99b7f834d75:  36% ▕██████            ▏ 2.2 GB/6.0 GB   19 MB/s   3m16s[K[?25h[?2026l[?2026h[?25l[A[1Gpulling manifest [K
pulling a99b7f834d75:  36% ▕██████            ▏ 2.2 GB/6.0 GB   19 MB/s   3m15s[K[?25h[?2026l[?2026h[?25l[A[1Gpulling manifest [K
pulling a99b7f834d75:  36% ▕██████            ▏ 2.2 GB/6.0 GB   19 MB/s   3m15s[K[?25h[?2026l[?2026h[?25l[A[1Gpulling manifest [K
pulling a99b7f834d75:  36% ▕██████            ▏ 2.2 GB/6.0 GB   19 MB/s   3m15s[K[?25h[?2026l[?2026h[?25l[A[1Gpulling manifest [K
pulling a99b7f834d75:  36% ▕██████            ▏ 2.2 GB/6.0 GB   19 MB/s   3m15s[K[?25h[?2026l[?2026h[?25l[A[1Gpulling manifest [K
pulling a99b7f834d75:  37% ▕██████            ▏ 2.2 GB/6.0 GB   19 MB/s   3m15s[K[?25h[?2026l[?2026h[?25l[A[1Gpulling manifest [K
pulling a99b7f834d75:  37% ▕██████            ▏ 2.2 GB/6.0 GB   19 MB/s   3m15s[K[?25h[?2026l[?2026h[?25l[A[1Gpulling manifest [K
pulling a99b7f834d75:  37% ▕██████            ▏ 2.2 GB/6.0 GB   19 MB/s   3m15s[K[?25h[?2026l[?2026h[?25l[A[1Gpulling manifest [K
pulling a99b7f834d75:  37% ▕██████            ▏ 2.2 GB/6.0 GB   19 MB/s   3m15s[K[?25h[?2026l[?2026h[?25l[A[1Gpulling manifest [K
pulling a99b7f834d75:  37% ▕██████            ▏ 2.2 GB/6.0 GB   19 MB/s   3m15s[K[?25h[?2026l[?2026h[?25l[A[1Gpulling manifest [K
pulling a99b7f834d75:  37% ▕██████            ▏ 2.2 GB/6.0 GB   19 MB/s   3m15s[K[?25h[?2026l[?2026h[?25l[A[1Gpulling manifest [K
pulling a99b7f834d75:  37% ▕██████            ▏ 2.2 GB/6.0 GB   19 MB/s   3m15s[K[?25h[?2026l[?2026h[?25l[A[1Gpulling manifest [K
pulling a99b7f834d75:  37% ▕██████            ▏ 2.2 GB/6.0 GB   19 MB/s   3m15s[K[?25h[?2026l[?2026h[?25l[A[1Gpulling manifest [K
pulling a99b7f834d75:  37% ▕██████            ▏ 2.2 GB/6.0 GB   19 MB/s   3m15s[K[?25h[?2026l[?2026h[?25l[A[1Gpulling manifest [K
pulling a99b7f834d75:  37% ▕██████            ▏ 2.2 GB/6.0 GB   19 MB/s   3m15s[K[?25h[?2026l[?2026h[?25l[A[1Gpulling manifest [K
pulling a99b7f834d75:  37% ▕██████            ▏ 2.2 GB/6.0 GB   19 MB/s   3m15s[K[?25h[?2026l[?2026h[?25l[A[1Gpulling manifest [K
pulling a99b7f834d75:  37% ▕██████            ▏ 2.2 GB/6.0 GB   19 MB/s   3m14s[K[?25h[?2026l[?2026h[?25l[A[1Gpulling manifest [K
pulling a99b7f834d75:  37% ▕██████            ▏ 2.2 GB/6.0 GB   19 MB/s   3m14s[K[?25h[?2026l[?2026h[?25l[A[1Gpulling manifest [K
pulling a99b7f834d75:  37% ▕██████            ▏ 2.2 GB/6.0 GB   19 MB/s   3m14s[K[?25h[?2026l[?2026h[?25l[A[1Gpulling manifest [K
pulling a99b7f834d75:  37% ▕██████            ▏ 2.2 GB/6.0 GB   19 MB/s   3m14s[K[?25h[?2026l[?2026h[?25l[A[1Gpulling manifest [K
pulling a99b7f834d75:  37% ▕██████            ▏ 2.2 GB/6.0 GB   19 MB/s   3m14s[K[?25h[?2026l[?2026h[?25l[A[1Gpulling manifest [K
pulling a99b7f834d75:  37% ▕██████            ▏ 2.2 GB/6.0 GB   19 MB/s    3m9s[K[?25h[?2026l[?2026h[?25l[A[1Gpulling manifest [K
pulling a99b7f834d75:  37% ▕██████            ▏ 2.2 GB/6.0 GB   19 MB/s    3m9s[K[?25h[?2026l[?2026h[?25l[A[1Gpulling manifest [K
pulling a99b7f834d75:  37% ▕██████            ▏ 2.2 GB/6.0 GB   19 MB/s    3m9s[K[?25h[?2026l[?2026h[?25l[A[1Gpulling manifest [K
pulling a99b7f834d75:  37% ▕██████            ▏ 2.2 GB/6.0 GB   19 MB/s    3m9s[K[?25h[?2026l[?2026h[?25l[A[1Gpulling manifest [K
pulling a99b7f834d75:  37% ▕██████            ▏ 2.2 GB/6.0 GB   19 MB/s    3m9s[K[?25h[?2026l[?2026h[?25l[A[1Gpulling manifest [K
pulling a99b7f834d75:  37% ▕██████            ▏ 2.2 GB/6.0 GB   19 MB/s    3m8s[K[?25h[?2026l[?2026h[?25l[A[1Gpulling manifest [K
pulling a99b7f834d75:  37% ▕██████            ▏ 2.2 GB/6.0 GB   19 MB/s    3m8s[K[?25h[?2026l[?2026h[?25l[A[1Gpulling manifest [K
pulling a99b7f834d75:  37% ▕██████            ▏ 2.2 GB/6.0 GB   19 MB/s    3m8s[K[?25h[?2026l[?2026h[?25l[A[1Gpulling manifest [K
pulling a99b7f834d75:  37% ▕██████            ▏ 2.2 GB/6.0 GB   19 MB/s    3m8s[K[?25h[?2026l[?2026h[?25l[A[1Gpulling manifest [K
pulling a99b7f834d75:  37% ▕██████            ▏ 2.2 GB/6.0 GB   19 MB/s    3m8s[K[?25h[?2026l[?2026h[?25l[A[1Gpulling manifest [K
pulling a99b7f834d75:  37% ▕██████            ▏ 2.2 GB/6.0 GB   19 MB/s   3m12s[K[?25h[?2026l[?2026h[?25l[A[1Gpulling manifest [K
pulling a99b7f834d75:  37% ▕██████            ▏ 2.2 GB/6.0 GB   19 MB/s   3m12s[K[?25h[?2026l[?2026h[?25l[A[1Gpulling manifest [K
pulling a99b7f834d75:  37% ▕██████            ▏ 2.2 GB/6.0 GB   19 MB/s   3m12s[K[?25h[?2026l[?2026h[?25l[A[1Gpulling manifest [K
pulling a99b7f834d75:  37% ▕██████            ▏ 2.2 GB/6.0 GB   19 MB/s   3m11s[K[?25h[?2026l[?2026h[?25l[A[1Gpulling manifest [K
pulling a99b7f834d75:  37% ▕██████            ▏ 2.2 GB/6.0 GB   19 MB/s   3m11s[K[?25h[?2026l[?2026h[?25l[A[1Gpulling manifest [K
pulling a99b7f834d75:  37% ▕██████            ▏ 2.2 GB/6.0 GB   19 MB/s   3m11s[K[?25h[?2026l[?2026h[?25l[A[1Gpulling manifest [K
pulling a99b7f834d75:  38% ▕██████            ▏ 2.2 GB/6.0 GB   19 MB/s   3m11s[K[?25h[?2026l[?2026h[?25l[A[1Gpulling manifest [K
pulling a99b7f834d75:  38% ▕██████            ▏ 2.2 GB/6.0 GB   19 MB/s   3m11s[K[?25h[?2026l[?2026h[?25l[A[1Gpulling manifest [K
pulling a99b7f834d75:  38% ▕██████            ▏ 2.2 GB/6.0 GB   19 MB/s   3m11s[K[?25h[?2026l[?2026h[?25l[A[1Gpulling manifest [K
pulling a99b7f834d75:  38% ▕██████            ▏ 2.2 GB/6.0 GB   19 MB/s   3m11s[K[?25h[?2026l[?2026h[?25l[A[1Gpulling manifest [K
pulling a99b7f834d75:  38% ▕██████            ▏ 2.2 GB/6.0 GB   19 MB/s   3m11s[K[?25h[?2026l[?2026h[?25l[A[1Gpulling manifest [K
pulling a99b7f834d75:  38% ▕██████            ▏ 2.2 GB/6.0 GB   19 MB/s   3m10s[K[?25h[?2026l[?2026h[?25l[A[1Gpulling manifest [K
pulling a99b7f834d75:  38% ▕██████            ▏ 2.3 GB/6.0 GB   19 MB/s   3m10s[K[?25h[?2026l[?2026h[?25l[A[1Gpulling manifest [K
pulling a99b7f834d75:  38% ▕██████            ▏ 2.3 GB/6.0 GB   19 MB/s   3m10s[K[?25h[?2026l[?2026h[?25l[A[1Gpulling manifest [K
pulling a99b7f834d75:  38% ▕██████            ▏ 2.3 GB/6.0 GB   19 MB/s   3m10s[K[?25h[?2026l[?2026h[?25l[A[1Gpulling manifest [K
pulling a99b7f834d75:  38% ▕██████            ▏ 2.3 GB/6.0 GB   19 MB/s   3m10s[K[?25h[?2026l[?2026h[?25l[A[1Gpulling manifest [K
pulling a99b7f834d75:  38% ▕██████            ▏ 2.3 GB/6.0 GB   19 MB/s   3m10s[K[?25h[?2026l[?2026h[?25l[A[1Gpulling manifest [K
pulling a99b7f834d75:  38% ▕██████            ▏ 2.3 GB/6.0 GB   19 MB/s    3m9s[K[?25h[?2026l[?2026h[?25l[A[1Gpulling manifest [K
pulling a99b7f834d75:  38% ▕██████            ▏ 2.3 GB/6.0 GB   19 MB/s    3m9s[K[?25h[?2026l[?2026h[?25l[A[1Gpulling manifest [K
pulling a99b7f834d75:  38% ▕██████            ▏ 2.3 GB/6.0 GB   19 MB/s    3m9s[K[?25h[?2026l[?2026h[?25l[A[1Gpulling manifest [K
pulling a99b7f834d75:  38% ▕██████            ▏ 2.3 GB/6.0 GB   19 MB/s    3m9s[K[?25h[?2026l[?2026h[?25l[A[1Gpulling manifest [K
pulling a99b7f834d75:  38% ▕██████            ▏ 2.3 GB/6.0 GB   19 MB/s    3m9s[K[?25h[?2026l[?2026h[?25l[A[1Gpulling manifest [K
pulling a99b7f834d75:  38% ▕██████            ▏ 2.3 GB/6.0 GB   19 MB/s    3m9s[K[?25h[?2026l[?2026h[?25l[A[1Gpulling manifest [K
pulling a99b7f834d75:  38% ▕██████            ▏ 2.3 GB/6.0 GB   19 MB/s    3m9s[K[?25h[?2026l[?2026h[?25l[A[1Gpulling manifest [K
pulling a99b7f834d75:  38% ▕██████            ▏ 2.3 GB/6.0 GB   19 MB/s    3m9s[K[?25h[?2026l[?2026h[?25l[A[1Gpulling manifest [K
pulling a99b7f834d75:  38% ▕██████            ▏ 2.3 GB/6.0 GB   19 MB/s    3m9s[K[?25h[?2026l[?2026h[?25l[A[1Gpulling manifest [K
pulling a99b7f834d75:  38% ▕██████            ▏ 2.3 GB/6.0 GB   19 MB/s    3m9s[K[?25h[?2026l[?2026h[?25l[A[1Gpulling manifest [K
pulling a99b7f834d75:  38% ▕██████            ▏ 2.3 GB/6.0 GB   19 MB/s    3m9s[K[?25h[?2026l[?2026h[?25l[A[1Gpulling manifest [K
pulling a99b7f834d75:  38% ▕██████            ▏ 2.3 GB/6.0 GB   19 MB/s    3m8s[K[?25h[?2026l[?2026h[?25l[A[1Gpulling manifest [K
pulling a99b7f834d75:  38% ▕██████            ▏ 2.3 GB/6.0 GB   19 MB/s    3m8s[K[?25h[?2026l[?2026h[?25l[A[1Gpulling manifest [K
pulling a99b7f834d75:  38% ▕██████            ▏ 2.3 GB/6.0 GB   19 MB/s    3m8s[K[?25h[?2026l[?2026h[?25l[A[1Gpulling manifest [K
pulling a99b7f834d75:  38% ▕██████            ▏ 2.3 GB/6.0 GB   19 MB/s    3m9s[K[?25h[?2026l[?2026h[?25l[A[1Gpulling manifest [K
pulling a99b7f834d75:  38% ▕██████            ▏ 2.3 GB/6.0 GB   19 MB/s    3m8s[K[?25h[?2026l[?2026h[?25l[A[1Gpulling manifest [K
pulling a99b7f834d75:  38% ▕██████            ▏ 2.3 GB/6.0 GB   19 MB/s    3m8s[K[?25h[?2026l[?2026h[?25l[A[1Gpulling manifest [K
pulling a99b7f834d75:  38% ▕██████            ▏ 2.3 GB/6.0 GB   19 MB/s    3m8s[K[?25h[?2026l[?2026h[?25l[A[1Gpulling manifest [K
pulling a99b7f834d75:  38% ▕██████            ▏ 2.3 GB/6.0 GB   19 MB/s    3m8s[K[?25h[?2026l[?2026h[?25l[A[1Gpulling manifest [K
pulling a99b7f834d75:  38% ▕██████            ▏ 2.3 GB/6.0 GB   19 MB/s    3m8s[K[?25h[?2026l[?2026h[?25l[A[1Gpulling manifest [K
pulling a99b7f834d75:  39% ▕██████            ▏ 2.3 GB/6.0 GB   19 MB/s    3m8s[K[?25h[?2026l[?2026h[?25l[A[1Gpulling manifest [K
pulling a99b7f834d75:  39% ▕██████            ▏ 2.3 GB/6.0 GB   19 MB/s    3m8s[K[?25h[?2026l[?2026h[?25l[A[1Gpulling manifest [K
pulling a99b7f834d75:  39% ▕██████            ▏ 2.3 GB/6.0 GB   19 MB/s    3m8s[K[?25h[?2026l[?2026h[?25l[A[1Gpulling manifest [K
pulling a99b7f834d75:  39% ▕██████            ▏ 2.3 GB/6.0 GB   19 MB/s    3m8s[K[?25h[?2026l[?2026h[?25l[A[1Gpulling manifest [K
pulling a99b7f834d75:  39% ▕██████            ▏ 2.3 GB/6.0 GB   19 MB/s    3m7s[K[?25h[?2026l[?2026h[?25l[A[1Gpulling manifest [K
pulling a99b7f834d75:  39% ▕██████            ▏ 2.3 GB/6.0 GB   19 MB/s    3m7s[K[?25h[?2026l[?2026h[?25l[A[1Gpulling manifest [K
pulling a99b7f834d75:  39% ▕██████            ▏ 2.3 GB/6.0 GB   19 MB/s    3m7s[K[?25h[?2026l[?2026h[?25l[A[1Gpulling manifest [K
pulling a99b7f834d75:  39% ▕██████            ▏ 2.3 GB/6.0 GB   19 MB/s    3m7s[K[?25h[?2026l[?2026h[?25l[A[1Gpulling manifest [K
pulling a99b7f834d75:  39% ▕██████            ▏ 2.3 GB/6.0 GB   19 MB/s    3m7s[K[?25h[?2026l[?2026h[?25l[A[1Gpulling manifest [K
pulling a99b7f834d75:  39% ▕██████            ▏ 2.3 GB/6.0 GB   19 MB/s    3m6s[K[?25h[?2026l[?2026h[?25l[A[1Gpulling manifest [K
pulling a99b7f834d75:  39% ▕██████            ▏ 2.3 GB/6.0 GB   19 MB/s    3m6s[K[?25h[?2026l[?2026h[?25l[A[1Gpulling manifest [K
pulling a99b7f834d75:  39% ▕███████           ▏ 2.3 GB/6.0 GB   19 MB/s    3m6s[K[?25h[?2026l[?2026h[?25l[A[1Gpulling manifest [K
pulling a99b7f834d75:  39% ▕███████           ▏ 2.3 GB/6.0 GB   19 MB/s    3m6s[K[?25h[?2026l[?2026h[?25l[A[1Gpulling manifest [K
pulling a99b7f834d75:  39% ▕███████           ▏ 2.3 GB/6.0 GB   19 MB/s    3m6s[K[?25h[?2026l[?2026h[?25l[A[1Gpulling manifest [K
pulling a99b7f834d75:  39% ▕███████           ▏ 2.3 GB/6.0 GB   19 MB/s    3m5s[K[?25h[?2026l[?2026h[?25l[A[1Gpulling manifest [K
pulling a99b7f834d75:  39% ▕███████           ▏ 2.3 GB/6.0 GB   19 MB/s    3m5s[K[?25h[?2026l[?2026h[?25l[A[1Gpulling manifest [K
pulling a99b7f834d75:  39% ▕███████           ▏ 2.3 GB/6.0 GB   19 MB/s    3m4s[K[?25h[?2026l[?2026h[?25l[A[1Gpulling manifest [K
pulling a99b7f834d75:  39% ▕███████           ▏ 2.3 GB/6.0 GB   19 MB/s    3m4s[K[?25h[?2026l[?2026h[?25l[A[1Gpulling manifest [K
pulling a99b7f834d75:  39% ▕███████           ▏ 2.3 GB/6.0 GB   19 MB/s    3m4s[K[?25h[?2026l[?2026h[?25l[A[1Gpulling manifest [K
pulling a99b7f834d75:  39% ▕███████           ▏ 2.3 GB/6.0 GB   19 MB/s    3m4s[K[?25h[?2026l[?2026h[?25l[A[1Gpulling manifest [K
pulling a99b7f834d75:  39% ▕███████           ▏ 2.3 GB/6.0 GB   19 MB/s    3m4s[K[?25h[?2026l[?2026h[?25l[A[1Gpulling manifest [K
pulling a99b7f834d75:  39% ▕███████           ▏ 2.3 GB/6.0 GB   19 MB/s    3m4s[K[?25h[?2026l[?2026h[?25l[A[1Gpulling manifest [K
pulling a99b7f834d75:  39% ▕███████           ▏ 2.3 GB/6.0 GB   19 MB/s    3m4s[K[?25h[?2026l[?2026h[?25l[A[1Gpulling manifest [K
pulling a99b7f834d75:  39% ▕███████           ▏ 2.3 GB/6.0 GB   19 MB/s    3m4s[K[?25h[?2026l[?2026h[?25l[A[1Gpulling manifest [K
pulling a99b7f834d75:  39% ▕███████           ▏ 2.3 GB/6.0 GB   19 MB/s    3m4s[K[?25h[?2026l[?2026h[?25l[A[1Gpulling manifest [K
pulling a99b7f834d75:  39% ▕███████           ▏ 2.3 GB/6.0 GB   19 MB/s    3m5s[K[?25h[?2026l[?2026h[?25l[A[1Gpulling manifest [K
pulling a99b7f834d75:  39% ▕███████           ▏ 2.4 GB/6.0 GB   19 MB/s    3m5s[K[?25h[?2026l[?2026h[?25l[A[1Gpulling manifest [K
pulling a99b7f834d75:  39% ▕███████           ▏ 2.4 GB/6.0 GB   19 MB/s    3m5s[K[?25h[?2026l[?2026h[?25l[A[1Gpulling manifest [K
pulling a99b7f834d75:  39% ▕███████           ▏ 2.4 GB/6.0 GB   19 MB/s    3m4s[K[?25h[?2026l[?2026h[?25l[A[1Gpulling manifest [K
pulling a99b7f834d75:  39% ▕███████           ▏ 2.4 GB/6.0 GB   19 MB/s    3m4s[K[?25h[?2026l[?2026h[?25l[A[1Gpulling manifest [K
pulling a99b7f834d75:  40% ▕███████           ▏ 2.4 GB/6.0 GB   19 MB/s    3m4s[K[?25h[?2026l[?2026h[?25l[A[1Gpulling manifest [K
pulling a99b7f834d75:  40% ▕███████           ▏ 2.4 GB/6.0 GB   19 MB/s    3m4s[K[?25h[?2026l[?2026h[?25l[A[1Gpulling manifest [K
pulling a99b7f834d75:  40% ▕███████           ▏ 2.4 GB/6.0 GB   19 MB/s    3m4s[K[?25h[?2026l[?2026h[?25l[A[1Gpulling manifest [K
pulling a99b7f834d75:  40% ▕███████           ▏ 2.4 GB/6.0 GB   19 MB/s    3m4s[K[?25h[?2026l[?2026h[?25l[A[1Gpulling manifest [K
pulling a99b7f834d75:  40% ▕███████           ▏ 2.4 GB/6.0 GB   19 MB/s    3m4s[K[?25h[?2026l[?2026h[?25l[A[1Gpulling manifest [K
pulling a99b7f834d75:  40% ▕███████           ▏ 2.4 GB/6.0 GB   19 MB/s    3m2s[K[?25h[?2026l[?2026h[?25l[A[1Gpulling manifest [K
pulling a99b7f834d75:  40% ▕███████           ▏ 2.4 GB/6.0 GB   19 MB/s    3m2s[K[?25h[?2026l[?2026h[?25l[A[1Gpulling manifest [K
pulling a99b7f834d75:  40% ▕███████           ▏ 2.4 GB/6.0 GB   19 MB/s    3m2s[K[?25h[?2026l[?2026h[?25l[A[1Gpulling manifest [K
pulling a99b7f834d75:  40% ▕███████           ▏ 2.4 GB/6.0 GB   19 MB/s    3m2s[K[?25h[?2026l[?2026h[?25l[A[1Gpulling manifest [K
pulling a99b7f834d75:  40% ▕███████           ▏ 2.4 GB/6.0 GB   19 MB/s    3m2s[K[?25h[?2026l[?2026h[?25l[A[1Gpulling manifest [K
pulling a99b7f834d75:  40% ▕███████           ▏ 2.4 GB/6.0 GB   19 MB/s    3m1s[K[?25h[?2026l[?2026h[?25l[A[1Gpulling manifest [K
pulling a99b7f834d75:  40% ▕███████           ▏ 2.4 GB/6.0 GB   19 MB/s    3m1s[K[?25h[?2026l[?2026h[?25l[A[1Gpulling manifest [K
pulling a99b7f834d75:  40% ▕███████           ▏ 2.4 GB/6.0 GB   19 MB/s    3m1s[K[?25h[?2026l[?2026h[?25l[A[1Gpulling manifest [K
pulling a99b7f834d75:  40% ▕███████           ▏ 2.4 GB/6.0 GB   19 MB/s    3m1s[K[?25h[?2026l[?2026h[?25l[A[1Gpulling manifest [K
pulling a99b7f834d75:  40% ▕███████           ▏ 2.4 GB/6.0 GB   19 MB/s    3m1s[K[?25h[?2026l[?2026h[?25l[A[1Gpulling manifest [K
pulling a99b7f834d75:  40% ▕███████           ▏ 2.4 GB/6.0 GB   19 MB/s    3m2s[K[?25h[?2026l[?2026h[?25l[A[1Gpulling manifest [K
pulling a99b7f834d75:  40% ▕███████           ▏ 2.4 GB/6.0 GB   19 MB/s    3m2s[K[?25h[?2026l[?2026h[?25l[A[1Gpulling manifest [K
pulling a99b7f834d75:  40% ▕███████           ▏ 2.4 GB/6.0 GB   19 MB/s    3m2s[K[?25h[?2026l[?2026h[?25l[A[1Gpulling manifest [K
pulling a99b7f834d75:  40% ▕███████           ▏ 2.4 GB/6.0 GB   19 MB/s    3m2s[K[?25h[?2026l[?2026h[?25l[A[1Gpulling manifest [K
pulling a99b7f834d75:  40% ▕███████           ▏ 2.4 GB/6.0 GB   19 MB/s    3m2s[K[?25h[?2026l[?2026h[?25l[A[1Gpulling manifest [K
pulling a99b7f834d75:  40% ▕███████           ▏ 2.4 GB/6.0 GB   19 MB/s    3m1s[K[?25h[?2026l[?2026h[?25l[A[1Gpulling manifest [K
pulling a99b7f834d75:  40% ▕███████           ▏ 2.4 GB/6.0 GB   19 MB/s    3m1s[K[?25h[?2026l[?2026h[?25l[A[1Gpulling manifest [K
pulling a99b7f834d75:  40% ▕███████           ▏ 2.4 GB/6.0 GB   19 MB/s    3m1s[K[?25h[?2026l[?2026h[?25l[A[1Gpulling manifest [K
pulling a99b7f834d75:  40% ▕███████           ▏ 2.4 GB/6.0 GB   19 MB/s    3m1s[K[?25h[?2026l[?2026h[?25l[A[1Gpulling manifest [K
pulling a99b7f834d75:  40% ▕███████           ▏ 2.4 GB/6.0 GB   19 MB/s    3m1s[K[?25h[?2026l[?2026h[?25l[A[1Gpulling manifest [K
pulling a99b7f834d75:  40% ▕███████           ▏ 2.4 GB/6.0 GB   19 MB/s   2m58s[K[?25h[?2026l[?2026h[?25l[A[1Gpulling manifest [K
pulling a99b7f834d75:  40% ▕███████           ▏ 2.4 GB/6.0 GB   19 MB/s   2m58s[K[?25h[?2026l[?2026h[?25l[A[1Gpulling manifest [K
pulling a99b7f834d75:  40% ▕███████           ▏ 2.4 GB/6.0 GB   19 MB/s   2m58s[K[?25h[?2026l[?2026h[?25l[A[1Gpulling manifest [K
pulling a99b7f834d75:  40% ▕███████           ▏ 2.4 GB/6.0 GB   19 MB/s   2m58s[K[?25h[?2026l[?2026h[?25l[A[1Gpulling manifest [K
pulling a99b7f834d75:  40% ▕███████           ▏ 2.4 GB/6.0 GB   19 MB/s   2m58s[K[?25h[?2026l[?2026h[?25l[A[1Gpulling manifest [K
pulling a99b7f834d75:  40% ▕███████           ▏ 2.4 GB/6.0 GB   19 MB/s   2m58s[K[?25h[?2026l[?2026h[?25l[A[1Gpulling manifest [K
pulling a99b7f834d75:  40% ▕███████           ▏ 2.4 GB/6.0 GB   19 MB/s   2m58s[K[?25h[?2026l[?2026h[?25l[A[1Gpulling manifest [K
pulling a99b7f834d75:  41% ▕███████           ▏ 2.4 GB/6.0 GB   19 MB/s   2m57s[K[?25h[?2026l[?2026h[?25l[A[1Gpulling manifest [K
pulling a99b7f834d75:  41% ▕███████           ▏ 2.4 GB/6.0 GB   19 MB/s   2m57s[K[?25h[?2026l[?2026h[?25l[A[1Gpulling manifest [K
pulling a99b7f834d75:  41% ▕███████           ▏ 2.4 GB/6.0 GB   19 MB/s   2m57s[K[?25h[?2026l[?2026h[?25l[A[1Gpulling manifest [K
pulling a99b7f834d75:  41% ▕███████           ▏ 2.4 GB/6.0 GB   19 MB/s    3m2s[K[?25h[?2026l[?2026h[?25l[A[1Gpulling manifest [K
pulling a99b7f834d75:  41% ▕███████           ▏ 2.4 GB/6.0 GB   19 MB/s    3m2s[K[?25h[?2026l[?2026h[?25l[A[1Gpulling manifest [K
pulling a99b7f834d75:  41% ▕███████           ▏ 2.4 GB/6.0 GB   19 MB/s    3m2s[K[?25h[?2026l[?2026h[?25l[A[1Gpulling manifest [K
pulling a99b7f834d75:  41% ▕███████           ▏ 2.4 GB/6.0 GB   19 MB/s    3m1s[K[?25h[?2026l[?2026h[?25l[A[1Gpulling manifest [K
pulling a99b7f834d75:  41% ▕███████           ▏ 2.4 GB/6.0 GB   19 MB/s    3m1s[K[?25h[?2026l[?2026h[?25l[A[1Gpulling manifest [K
pulling a99b7f834d75:  41% ▕███████           ▏ 2.4 GB/6.0 GB   19 MB/s    3m1s[K[?25h[?2026l[?2026h[?25l[A[1Gpulling manifest [K
pulling a99b7f834d75:  41% ▕███████           ▏ 2.4 GB/6.0 GB   19 MB/s    3m1s[K[?25h[?2026l[?2026h[?25l[A[1Gpulling manifest [K
pulling a99b7f834d75:  41% ▕███████           ▏ 2.4 GB/6.0 GB   19 MB/s    3m1s[K[?25h[?2026l[?2026h[?25l[A[1Gpulling manifest [K
pulling a99b7f834d75:  41% ▕███████           ▏ 2.4 GB/6.0 GB   19 MB/s    3m1s[K[?25h[?2026l[?2026h[?25l[A[1Gpulling manifest [K
pulling a99b7f834d75:  41% ▕███████           ▏ 2.4 GB/6.0 GB   19 MB/s    3m1s[K[?25h[?2026l[?2026h[?25l[A[1Gpulling manifest [K
pulling a99b7f834d75:  41% ▕███████           ▏ 2.4 GB/6.0 GB   19 MB/s    3m1s[K[?25h[?2026l[?2026h[?25l[A[1Gpulling manifest [K
pulling a99b7f834d75:  41% ▕███████           ▏ 2.4 GB/6.0 GB   19 MB/s    3m0s[K[?25h[?2026l[?2026h[?25l[A[1Gpulling manifest [K
pulling a99b7f834d75:  41% ▕███████           ▏ 2.4 GB/6.0 GB   19 MB/s    3m0s[K[?25h[?2026l[?2026h[?25l[A[1Gpulling manifest [K
pulling a99b7f834d75:  41% ▕███████           ▏ 2.4 GB/6.0 GB   19 MB/s    3m0s[K[?25h[?2026l[?2026h[?25l[A[1Gpulling manifest [K
pulling a99b7f834d75:  41% ▕███████           ▏ 2.4 GB/6.0 GB   19 MB/s    3m0s[K[?25h[?2026l[?2026h[?25l[A[1Gpulling manifest [K
pulling a99b7f834d75:  41% ▕███████           ▏ 2.5 GB/6.0 GB   19 MB/s    3m0s[K[?25h[?2026l[?2026h[?25l[A[1Gpulling manifest [K
pulling a99b7f834d75:  41% ▕███████           ▏ 2.5 GB/6.0 GB   19 MB/s    3m0s[K[?25h[?2026l[?2026h[?25l[A[1Gpulling manifest [K
pulling a99b7f834d75:  41% ▕███████           ▏ 2.5 GB/6.0 GB   19 MB/s    3m0s[K[?25h[?2026l[?2026h[?25l[A[1Gpulling manifest [K
pulling a99b7f834d75:  41% ▕███████           ▏ 2.5 GB/6.0 GB   19 MB/s    3m0s[K[?25h[?2026l[?2026h[?25l[A[1Gpulling manifest [K
pulling a99b7f834d75:  41% ▕███████           ▏ 2.5 GB/6.0 GB   19 MB/s    3m0s[K[?25h[?2026l[?2026h[?25l[A[1Gpulling manifest [K
pulling a99b7f834d75:  41% ▕███████           ▏ 2.5 GB/6.0 GB   19 MB/s   2m59s[K[?25h[?2026l[?2026h[?25l[A[1Gpulling manifest [K
pulling a99b7f834d75:  41% ▕███████           ▏ 2.5 GB/6.0 GB   19 MB/s   2m59s[K[?25h[?2026l[?2026h[?25l[A[1Gpulling manifest [K
pulling a99b7f834d75:  41% ▕███████           ▏ 2.5 GB/6.0 GB   19 MB/s   2m59s[K[?25h[?2026l[?2026h[?25l[A[1Gpulling manifest [K
pulling a99b7f834d75:  41% ▕███████           ▏ 2.5 GB/6.0 GB   19 MB/s   2m59s[K[?25h[?2026l[?2026h[?25l[A[1Gpulling manifest [K
pulling a99b7f834d75:  41% ▕███████           ▏ 2.5 GB/6.0 GB   19 MB/s   2m59s[K[?25h[?2026l[?2026h[?25l[A[1Gpulling manifest [K
pulling a99b7f834d75:  41% ▕███████           ▏ 2.5 GB/6.0 GB   19 MB/s   2m59s[K[?25h[?2026l[?2026h[?25l[A[1Gpulling manifest [K
pulling a99b7f834d75:  41% ▕███████           ▏ 2.5 GB/6.0 GB   19 MB/s   2m59s[K[?25h[?2026l[?2026h[?25l[A[1Gpulling manifest [K
pulling a99b7f834d75:  41% ▕███████           ▏ 2.5 GB/6.0 GB   19 MB/s   2m58s[K[?25h[?2026l[?2026h[?25l[A[1Gpulling manifest [K
pulling a99b7f834d75:  41% ▕███████           ▏ 2.5 GB/6.0 GB   19 MB/s   2m58s[K[?25h[?2026l[?2026h[?25l[A[1Gpulling manifest [K
pulling a99b7f834d75:  42% ▕███████           ▏ 2.5 GB/6.0 GB   19 MB/s   2m58s[K[?25h[?2026l[?2026h[?25l[A[1Gpulling manifest [K
pulling a99b7f834d75:  42% ▕███████           ▏ 2.5 GB/6.0 GB   19 MB/s   2m58s[K[?25h[?2026l[?2026h[?25l[A[1Gpulling manifest [K
pulling a99b7f834d75:  42% ▕███████           ▏ 2.5 GB/6.0 GB   19 MB/s   2m58s[K[?25h[?2026l[?2026h[?25l[A[1Gpulling manifest [K
pulling a99b7f834d75:  42% ▕███████           ▏ 2.5 GB/6.0 GB   19 MB/s   2m58s[K[?25h[?2026l[?2026h[?25l[A[1Gpulling manifest [K
pulling a99b7f834d75:  42% ▕███████           ▏ 2.5 GB/6.0 GB   19 MB/s   2m58s[K[?25h[?2026l[?2026h[?25l[A[1Gpulling manifest [K
pulling a99b7f834d75:  42% ▕███████           ▏ 2.5 GB/6.0 GB   19 MB/s   2m58s[K[?25h[?2026l[?2026h[?25l[A[1Gpulling manifest [K
pulling a99b7f834d75:  42% ▕███████           ▏ 2.5 GB/6.0 GB   19 MB/s   2m58s[K[?25h[?2026l[?2026h[?25l[A[1Gpulling manifest [K
pulling a99b7f834d75:  42% ▕███████           ▏ 2.5 GB/6.0 GB   19 MB/s   2m58s[K[?25h[?2026l[?2026h[?25l[A[1Gpulling manifest [K
pulling a99b7f834d75:  42% ▕███████           ▏ 2.5 GB/6.0 GB   19 MB/s   2m58s[K[?25h[?2026l[?2026h[?25l[A[1Gpulling manifest [K
pulling a99b7f834d75:  42% ▕███████           ▏ 2.5 GB/6.0 GB   19 MB/s   2m57s[K[?25h[?2026l[?2026h[?25l[A[1Gpulling manifest [K
pulling a99b7f834d75:  42% ▕███████           ▏ 2.5 GB/6.0 GB   19 MB/s   2m57s[K[?25h[?2026l[?2026h[?25l[A[1Gpulling manifest [K
pulling a99b7f834d75:  42% ▕███████           ▏ 2.5 GB/6.0 GB   19 MB/s   2m57s[K[?25h[?2026l[?2026h[?25l[A[1Gpulling manifest [K
pulling a99b7f834d75:  42% ▕███████           ▏ 2.5 GB/6.0 GB   19 MB/s   2m56s[K[?25h[?2026l[?2026h[?25l[A[1Gpulling manifest [K
pulling a99b7f834d75:  42% ▕███████           ▏ 2.5 GB/6.0 GB   19 MB/s   2m56s[K[?25h[?2026l[?2026h[?25l[A[1Gpulling manifest [K
pulling a99b7f834d75:  42% ▕███████           ▏ 2.5 GB/6.0 GB   19 MB/s   2m56s[K[?25h[?2026l[?2026h[?25l[A[1Gpulling manifest [K
pulling a99b7f834d75:  42% ▕███████           ▏ 2.5 GB/6.0 GB   19 MB/s   2m56s[K[?25h[?2026l[?2026h[?25l[A[1Gpulling manifest [K
pulling a99b7f834d75:  42% ▕███████           ▏ 2.5 GB/6.0 GB   19 MB/s   2m56s[K[?25h[?2026l[?2026h[?25l[A[1Gpulling manifest [K
pulling a99b7f834d75:  42% ▕███████           ▏ 2.5 GB/6.0 GB   19 MB/s   2m56s[K[?25h[?2026l[?2026h[?25l[A[1Gpulling manifest [K
pulling a99b7f834d75:  42% ▕███████           ▏ 2.5 GB/6.0 GB   19 MB/s   2m56s[K[?25h[?2026l[?2026h[?25l[A[1Gpulling manifest [K
pulling a99b7f834d75:  42% ▕███████           ▏ 2.5 GB/6.0 GB   19 MB/s   2m56s[K[?25h[?2026l[?2026h[?25l[A[1Gpulling manifest [K
pulling a99b7f834d75:  42% ▕███████           ▏ 2.5 GB/6.0 GB   19 MB/s   2m56s[K[?25h[?2026l[?2026h[?25l[A[1Gpulling manifest [K
pulling a99b7f834d75:  42% ▕███████           ▏ 2.5 GB/6.0 GB   19 MB/s   2m56s[K[?25h[?2026l[?2026h[?25l[A[1Gpulling manifest [K
pulling a99b7f834d75:  42% ▕███████           ▏ 2.5 GB/6.0 GB   19 MB/s   2m54s[K[?25h[?2026l[?2026h[?25l[A[1Gpulling manifest [K
pulling a99b7f834d75:  42% ▕███████           ▏ 2.5 GB/6.0 GB   19 MB/s   2m54s[K[?25h[?2026l[?2026h[?25l[A[1Gpulling manifest [K
pulling a99b7f834d75:  42% ▕███████           ▏ 2.5 GB/6.0 GB   19 MB/s   2m53s[K[?25h[?2026l[?2026h[?25l[A[1Gpulling manifest [K
pulling a99b7f834d75:  42% ▕███████           ▏ 2.5 GB/6.0 GB   19 MB/s   2m53s[K[?25h[?2026l[?2026h[?25l[A[1Gpulling manifest [K
pulling a99b7f834d75:  42% ▕███████           ▏ 2.5 GB/6.0 GB   19 MB/s   2m53s[K[?25h[?2026l[?2026h[?25l[A[1Gpulling manifest [K
pulling a99b7f834d75:  42% ▕███████           ▏ 2.5 GB/6.0 GB   19 MB/s   2m53s[K[?25h[?2026l[?2026h[?25l[A[1Gpulling manifest [K
pulling a99b7f834d75:  43% ▕███████           ▏ 2.5 GB/6.0 GB   19 MB/s   2m53s[K[?25h[?2026l[?2026h[?25l[A[1Gpulling manifest [K
pulling a99b7f834d75:  43% ▕███████           ▏ 2.5 GB/6.0 GB   19 MB/s   2m53s[K[?25h[?2026l[?2026h[?25l[A[1Gpulling manifest [K
pulling a99b7f834d75:  43% ▕███████           ▏ 2.5 GB/6.0 GB   19 MB/s   2m53s[K[?25h[?2026l[?2026h[?25l[A[1Gpulling manifest [K
pulling a99b7f834d75:  43% ▕███████           ▏ 2.5 GB/6.0 GB   19 MB/s   2m53s[K[?25h[?2026l[?2026h[?25l[A[1Gpulling manifest [K
pulling a99b7f834d75:  43% ▕███████           ▏ 2.5 GB/6.0 GB   19 MB/s   2m53s[K[?25h[?2026l[?2026h[?25l[A[1Gpulling manifest [K
pulling a99b7f834d75:  43% ▕███████           ▏ 2.5 GB/6.0 GB   19 MB/s   2m52s[K[?25h[?2026l[?2026h[?25l[A[1Gpulling manifest [K
pulling a99b7f834d75:  43% ▕███████           ▏ 2.5 GB/6.0 GB   19 MB/s   2m52s[K[?25h[?2026l[?2026h[?25l[A[1Gpulling manifest [K
pulling a99b7f834d75:  43% ▕███████           ▏ 2.6 GB/6.0 GB   19 MB/s   2m52s[K[?25h[?2026l[?2026h[?25l[A[1Gpulling manifest [K
pulling a99b7f834d75:  43% ▕███████           ▏ 2.6 GB/6.0 GB   19 MB/s   2m52s[K[?25h[?2026l[?2026h[?25l[A[1Gpulling manifest [K
pulling a99b7f834d75:  43% ▕███████           ▏ 2.6 GB/6.0 GB   19 MB/s   2m52s[K[?25h[?2026l[?2026h[?25l[A[1Gpulling manifest [K
pulling a99b7f834d75:  43% ▕███████           ▏ 2.6 GB/6.0 GB   19 MB/s   2m52s[K[?25h[?2026l[?2026h[?25l[A[1Gpulling manifest [K
pulling a99b7f834d75:  43% ▕███████           ▏ 2.6 GB/6.0 GB   19 MB/s   2m52s[K[?25h[?2026l[?2026h[?25l[A[1Gpulling manifest [K
pulling a99b7f834d75:  43% ▕███████           ▏ 2.6 GB/6.0 GB   19 MB/s   2m52s[K[?25h[?2026l[?2026h[?25l[A[1Gpulling manifest [K
pulling a99b7f834d75:  43% ▕███████           ▏ 2.6 GB/6.0 GB   19 MB/s   2m52s[K[?25h[?2026l[?2026h[?25l[A[1Gpulling manifest [K
pulling a99b7f834d75:  43% ▕███████           ▏ 2.6 GB/6.0 GB   19 MB/s   2m51s[K[?25h[?2026l[?2026h[?25l[A[1Gpulling manifest [K
pulling a99b7f834d75:  43% ▕███████           ▏ 2.6 GB/6.0 GB   19 MB/s   2m51s[K[?25h[?2026l[?2026h[?25l[A[1Gpulling manifest [K
pulling a99b7f834d75:  43% ▕███████           ▏ 2.6 GB/6.0 GB   19 MB/s   2m51s[K[?25h[?2026l[?2026h[?25l[A[1Gpulling manifest [K
pulling a99b7f834d75:  43% ▕███████           ▏ 2.6 GB/6.0 GB   19 MB/s   2m51s[K[?25h[?2026l[?2026h[?25l[A[1Gpulling manifest [K
pulling a99b7f834d75:  43% ▕███████           ▏ 2.6 GB/6.0 GB   19 MB/s   2m51s[K[?25h[?2026l[?2026h[?25l[A[1Gpulling manifest [K
pulling a99b7f834d75:  43% ▕███████           ▏ 2.6 GB/6.0 GB   19 MB/s   2m51s[K[?25h[?2026l[?2026h[?25l[A[1Gpulling manifest [K
pulling a99b7f834d75:  43% ▕███████           ▏ 2.6 GB/6.0 GB   19 MB/s   2m51s[K[?25h[?2026l[?2026h[?25l[A[1Gpulling manifest [K
pulling a99b7f834d75:  43% ▕███████           ▏ 2.6 GB/6.0 GB   19 MB/s   2m51s[K[?25h[?2026l[?2026h[?25l[A[1Gpulling manifest [K
pulling a99b7f834d75:  43% ▕███████           ▏ 2.6 GB/6.0 GB   19 MB/s   2m51s[K[?25h[?2026l[?2026h[?25l[A[1Gpulling manifest [K
pulling a99b7f834d75:  43% ▕███████           ▏ 2.6 GB/6.0 GB   19 MB/s   2m50s[K[?25h[?2026l[?2026h[?25l[A[1Gpulling manifest [K
pulling a99b7f834d75:  43% ▕███████           ▏ 2.6 GB/6.0 GB   19 MB/s   2m50s[K[?25h[?2026l[?2026h[?25l[A[1Gpulling manifest [K
pulling a99b7f834d75:  43% ▕███████           ▏ 2.6 GB/6.0 GB   19 MB/s   2m50s[K[?25h[?2026l[?2026h[?25l[A[1Gpulling manifest [K
pulling a99b7f834d75:  43% ▕███████           ▏ 2.6 GB/6.0 GB   19 MB/s   2m50s[K[?25h[?2026l[?2026h[?25l[A[1Gpulling manifest [K
pulling a99b7f834d75:  43% ▕███████           ▏ 2.6 GB/6.0 GB   19 MB/s   2m50s[K[?25h[?2026l[?2026h[?25l[A[1Gpulling manifest [K
pulling a99b7f834d75:  43% ▕███████           ▏ 2.6 GB/6.0 GB   19 MB/s   2m50s[K[?25h[?2026l[?2026h[?25l[A[1Gpulling manifest [K
pulling a99b7f834d75:  43% ▕███████           ▏ 2.6 GB/6.0 GB   19 MB/s   2m49s[K[?25h[?2026l[?2026h[?25l[A[1Gpulling manifest [K
pulling a99b7f834d75:  44% ▕███████           ▏ 2.6 GB/6.0 GB   19 MB/s   2m49s[K[?25h[?2026l[?2026h[?25l[A[1Gpulling manifest [K
pulling a99b7f834d75:  44% ▕███████           ▏ 2.6 GB/6.0 GB   19 MB/s   2m49s[K[?25h[?2026l[?2026h[?25l[A[1Gpulling manifest [K
pulling a99b7f834d75:  44% ▕███████           ▏ 2.6 GB/6.0 GB   19 MB/s   2m49s[K[?25h[?2026l[?2026h[?25l[A[1Gpulling manifest [K
pulling a99b7f834d75:  44% ▕███████           ▏ 2.6 GB/6.0 GB   19 MB/s   2m49s[K[?25h[?2026l[?2026h[?25l[A[1Gpulling manifest [K
pulling a99b7f834d75:  44% ▕███████           ▏ 2.6 GB/6.0 GB   19 MB/s   2m49s[K[?25h[?2026l[?2026h[?25l[A[1Gpulling manifest [K
pulling a99b7f834d75:  44% ▕███████           ▏ 2.6 GB/6.0 GB   20 MB/s   2m44s[K[?25h[?2026l[?2026h[?25l[A[1Gpulling manifest [K
pulling a99b7f834d75:  44% ▕███████           ▏ 2.6 GB/6.0 GB   20 MB/s   2m44s[K[?25h[?2026l[?2026h[?25l[A[1Gpulling manifest [K
pulling a99b7f834d75:  44% ▕███████           ▏ 2.6 GB/6.0 GB   20 MB/s   2m44s[K[?25h[?2026l[?2026h[?25l[A[1Gpulling manifest [K
pulling a99b7f834d75:  44% ▕███████           ▏ 2.6 GB/6.0 GB   20 MB/s   2m44s[K[?25h[?2026l[?2026h[?25l[A[1Gpulling manifest [K
pulling a99b7f834d75:  44% ▕███████           ▏ 2.6 GB/6.0 GB   20 MB/s   2m44s[K[?25h[?2026l[?2026h[?25l[A[1Gpulling manifest [K
pulling a99b7f834d75:  44% ▕███████           ▏ 2.6 GB/6.0 GB   20 MB/s   2m44s[K[?25h[?2026l[?2026h[?25l[A[1Gpulling manifest [K
pulling a99b7f834d75:  44% ▕███████           ▏ 2.6 GB/6.0 GB   20 MB/s   2m44s[K[?25h[?2026l[?2026h[?25l[A[1Gpulling manifest [K
pulling a99b7f834d75:  44% ▕███████           ▏ 2.6 GB/6.0 GB   20 MB/s   2m44s[K[?25h[?2026l[?2026h[?25l[A[1Gpulling manifest [K
pulling a99b7f834d75:  44% ▕███████           ▏ 2.6 GB/6.0 GB   20 MB/s   2m44s[K[?25h[?2026l[?2026h[?25l[A[1Gpulling manifest [K
pulling a99b7f834d75:  44% ▕███████           ▏ 2.6 GB/6.0 GB   20 MB/s   2m44s[K[?25h[?2026l[?2026h[?25l[A[1Gpulling manifest [K
pulling a99b7f834d75:  44% ▕███████           ▏ 2.6 GB/6.0 GB   19 MB/s   2m47s[K[?25h[?2026l[?2026h[?25l[A[1Gpulling manifest [K
pulling a99b7f834d75:  44% ▕███████           ▏ 2.6 GB/6.0 GB   19 MB/s   2m47s[K[?25h[?2026l[?2026h[?25l[A[1Gpulling manifest [K
pulling a99b7f834d75:  44% ▕███████           ▏ 2.6 GB/6.0 GB   19 MB/s   2m47s[K[?25h[?2026l[?2026h[?25l[A[1Gpulling manifest [K
pulling a99b7f834d75:  44% ▕███████           ▏ 2.6 GB/6.0 GB   19 MB/s   2m47s[K[?25h[?2026l[?2026h[?25l[A[1Gpulling manifest [K
pulling a99b7f834d75:  44% ▕███████           ▏ 2.6 GB/6.0 GB   19 MB/s   2m47s[K[?25h[?2026l[?2026h[?25l[A[1Gpulling manifest [K
pulling a99b7f834d75:  44% ▕███████           ▏ 2.6 GB/6.0 GB   19 MB/s   2m47s[K[?25h[?2026l[?2026h[?25l[A[1Gpulling manifest [K
pulling a99b7f834d75:  44% ▕███████           ▏ 2.6 GB/6.0 GB   19 MB/s   2m46s[K[?25h[?2026l[?2026h[?25l[A[1Gpulling manifest [K
pulling a99b7f834d75:  44% ▕███████           ▏ 2.6 GB/6.0 GB   19 MB/s   2m46s[K[?25h[?2026l[?2026h[?25l[A[1Gpulling manifest [K
pulling a99b7f834d75:  44% ▕███████           ▏ 2.6 GB/6.0 GB   19 MB/s   2m46s[K[?25h[?2026l[?2026h[?25l[A[1Gpulling manifest [K
pulling a99b7f834d75:  44% ▕███████           ▏ 2.6 GB/6.0 GB   19 MB/s   2m46s[K[?25h[?2026l[?2026h[?25l[A[1Gpulling manifest [K
pulling a99b7f834d75:  44% ▕███████           ▏ 2.6 GB/6.0 GB   19 MB/s   2m46s[K[?25h[?2026l[?2026h[?25l[A[1Gpulling manifest [K
pulling a99b7f834d75:  44% ▕███████           ▏ 2.6 GB/6.0 GB   19 MB/s   2m47s[K[?25h[?2026l[?2026h[?25l[A[1Gpulling manifest [K
pulling a99b7f834d75:  44% ▕███████           ▏ 2.6 GB/6.0 GB   19 MB/s   2m47s[K[?25h[?2026l[?2026h[?25l[A[1Gpulling manifest [K
pulling a99b7f834d75:  44% ▕███████           ▏ 2.6 GB/6.0 GB   19 MB/s   2m47s[K[?25h[?2026l[?2026h[?25l[A[1Gpulling manifest [K
pulling a99b7f834d75:  44% ▕███████           ▏ 2.6 GB/6.0 GB   19 MB/s   2m47s[K[?25h[?2026l[?2026h[?25l[A[1Gpulling manifest [K
pulling a99b7f834d75:  44% ▕███████           ▏ 2.7 GB/6.0 GB   19 MB/s   2m47s[K[?25h[?2026l[?2026h[?25l[A[1Gpulling manifest [K
pulling a99b7f834d75:  44% ▕███████           ▏ 2.7 GB/6.0 GB   19 MB/s   2m47s[K[?25h[?2026l[?2026h[?25l[A[1Gpulling manifest [K
pulling a99b7f834d75:  44% ▕████████          ▏ 2.7 GB/6.0 GB   19 MB/s   2m47s[K[?25h[?2026l[?2026h[?25l[A[1Gpulling manifest [K
pulling a99b7f834d75:  45% ▕████████          ▏ 2.7 GB/6.0 GB   19 MB/s   2m47s[K[?25h[?2026l[?2026h[?25l[A[1Gpulling manifest [K
pulling a99b7f834d75:  45% ▕████████          ▏ 2.7 GB/6.0 GB   19 MB/s   2m47s[K[?25h[?2026l[?2026h[?25l[A[1Gpulling manifest [K
pulling a99b7f834d75:  45% ▕████████          ▏ 2.7 GB/6.0 GB   19 MB/s   2m47s[K[?25h[?2026l[?2026h[?25l[A[1Gpulling manifest [K
pulling a99b7f834d75:  45% ▕████████          ▏ 2.7 GB/6.0 GB   19 MB/s   2m46s[K[?25h[?2026l[?2026h[?25l[A[1Gpulling manifest [K
pulling a99b7f834d75:  45% ▕████████          ▏ 2.7 GB/6.0 GB   19 MB/s   2m46s[K[?25h[?2026l[?2026h[?25l[A[1Gpulling manifest [K
pulling a99b7f834d75:  45% ▕████████          ▏ 2.7 GB/6.0 GB   19 MB/s   2m46s[K[?25h[?2026l[?2026h[?25l[A[1Gpulling manifest [K
pulling a99b7f834d75:  45% ▕████████          ▏ 2.7 GB/6.0 GB   19 MB/s   2m46s[K[?25h[?2026l[?2026h[?25l[A[1Gpulling manifest [K
pulling a99b7f834d75:  45% ▕████████          ▏ 2.7 GB/6.0 GB   19 MB/s   2m46s[K[?25h[?2026l[?2026h[?25l[A[1Gpulling manifest [K
pulling a99b7f834d75:  45% ▕████████          ▏ 2.7 GB/6.0 GB   19 MB/s   2m45s[K[?25h[?2026l[?2026h[?25l[A[1Gpulling manifest [K
pulling a99b7f834d75:  45% ▕████████          ▏ 2.7 GB/6.0 GB   19 MB/s   2m45s[K[?25h[?2026l[?2026h[?25l[A[1Gpulling manifest [K
pulling a99b7f834d75:  45% ▕████████          ▏ 2.7 GB/6.0 GB   19 MB/s   2m45s[K[?25h[?2026l[?2026h[?25l[A[1Gpulling manifest [K
pulling a99b7f834d75:  45% ▕████████          ▏ 2.7 GB/6.0 GB   19 MB/s   2m45s[K[?25h[?2026l[?2026h[?25l[A[1Gpulling manifest [K
pulling a99b7f834d75:  45% ▕████████          ▏ 2.7 GB/6.0 GB   19 MB/s   2m45s[K[?25h[?2026l[?2026h[?25l[A[1Gpulling manifest [K
pulling a99b7f834d75:  45% ▕████████          ▏ 2.7 GB/6.0 GB   19 MB/s   2m45s[K[?25h[?2026l[?2026h[?25l[A[1Gpulling manifest [K
pulling a99b7f834d75:  45% ▕████████          ▏ 2.7 GB/6.0 GB   19 MB/s   2m45s[K[?25h[?2026l[?2026h[?25l[A[1Gpulling manifest [K
pulling a99b7f834d75:  45% ▕████████          ▏ 2.7 GB/6.0 GB   19 MB/s   2m45s[K[?25h[?2026l[?2026h[?25l[A[1Gpulling manifest [K
pulling a99b7f834d75:  45% ▕████████          ▏ 2.7 GB/6.0 GB   19 MB/s   2m45s[K[?25h[?2026l[?2026h[?25l[A[1Gpulling manifest [K
pulling a99b7f834d75:  45% ▕████████          ▏ 2.7 GB/6.0 GB   19 MB/s   2m45s[K[?25h[?2026l[?2026h[?25l[A[1Gpulling manifest [K
pulling a99b7f834d75:  45% ▕████████          ▏ 2.7 GB/6.0 GB   19 MB/s   2m45s[K[?25h[?2026l[?2026h[?25l[A[1Gpulling manifest [K
pulling a99b7f834d75:  45% ▕████████          ▏ 2.7 GB/6.0 GB   19 MB/s   2m45s[K[?25h[?2026l[?2026h[?25l[A[1Gpulling manifest [K
pulling a99b7f834d75:  45% ▕████████          ▏ 2.7 GB/6.0 GB   19 MB/s   2m44s[K[?25h[?2026l[?2026h[?25l[A[1Gpulling manifest [K
pulling a99b7f834d75:  45% ▕████████          ▏ 2.7 GB/6.0 GB   19 MB/s   2m44s[K[?25h[?2026l[?2026h[?25l[A[1Gpulling manifest [K
pulling a99b7f834d75:  45% ▕████████          ▏ 2.7 GB/6.0 GB   19 MB/s   2m44s[K[?25h[?2026l[?2026h[?25l[A[1Gpulling manifest [K
pulling a99b7f834d75:  45% ▕████████          ▏ 2.7 GB/6.0 GB   19 MB/s   2m43s[K[?25h[?2026l[?2026h[?25l[A[1Gpulling manifest [K
pulling a99b7f834d75:  45% ▕████████          ▏ 2.7 GB/6.0 GB   19 MB/s   2m43s[K[?25h[?2026l[?2026h[?25l[A[1Gpulling manifest [K
pulling a99b7f834d75:  45% ▕████████          ▏ 2.7 GB/6.0 GB   19 MB/s   2m43s[K[?25h[?2026l[?2026h[?25l[A[1Gpulling manifest [K
pulling a99b7f834d75:  45% ▕████████          ▏ 2.7 GB/6.0 GB   19 MB/s   2m43s[K[?25h[?2026l[?2026h[?25l[A[1Gpulling manifest [K
pulling a99b7f834d75:  45% ▕████████          ▏ 2.7 GB/6.0 GB   19 MB/s   2m43s[K[?25h[?2026l[?2026h[?25l[A[1Gpulling manifest [K
pulling a99b7f834d75:  45% ▕████████          ▏ 2.7 GB/6.0 GB   19 MB/s   2m43s[K[?25h[?2026l[?2026h[?25l[A[1Gpulling manifest [K
pulling a99b7f834d75:  46% ▕████████          ▏ 2.7 GB/6.0 GB   19 MB/s   2m42s[K[?25h[?2026l[?2026h[?25l[A[1Gpulling manifest [K
pulling a99b7f834d75:  46% ▕████████          ▏ 2.7 GB/6.0 GB   19 MB/s   2m42s[K[?25h[?2026l[?2026h[?25l[A[1Gpulling manifest [K
pulling a99b7f834d75:  46% ▕████████          ▏ 2.7 GB/6.0 GB   19 MB/s   2m42s[K[?25h[?2026l[?2026h[?25l[A[1Gpulling manifest [K
pulling a99b7f834d75:  46% ▕████████          ▏ 2.7 GB/6.0 GB   19 MB/s   2m42s[K[?25h[?2026l[?2026h[?25l[A[1Gpulling manifest [K
pulling a99b7f834d75:  46% ▕████████          ▏ 2.7 GB/6.0 GB   19 MB/s   2m42s[K[?25h[?2026l[?2026h[?25l[A[1Gpulling manifest [K
pulling a99b7f834d75:  46% ▕████████          ▏ 2.7 GB/6.0 GB   19 MB/s   2m42s[K[?25h[?2026l[?2026h[?25l[A[1Gpulling manifest [K
pulling a99b7f834d75:  46% ▕████████          ▏ 2.7 GB/6.0 GB   19 MB/s   2m41s[K[?25h[?2026l[?2026h[?25l[A[1Gpulling manifest [K
pulling a99b7f834d75:  46% ▕████████          ▏ 2.7 GB/6.0 GB   19 MB/s   2m41s[K[?25h[?2026l[?2026h[?25l[A[1Gpulling manifest [K
pulling a99b7f834d75:  46% ▕████████          ▏ 2.7 GB/6.0 GB   19 MB/s   2m41s[K[?25h[?2026l[?2026h[?25l[A[1Gpulling manifest [K
pulling a99b7f834d75:  46% ▕████████          ▏ 2.7 GB/6.0 GB   19 MB/s   2m41s[K[?25h[?2026l[?2026h[?25l[A[1Gpulling manifest [K
pulling a99b7f834d75:  46% ▕████████          ▏ 2.7 GB/6.0 GB   19 MB/s   2m41s[K[?25h[?2026l[?2026h[?25l[A[1Gpulling manifest [K
pulling a99b7f834d75:  46% ▕████████          ▏ 2.7 GB/6.0 GB   19 MB/s   2m41s[K[?25h[?2026l[?2026h[?25l[A[1Gpulling manifest [K
pulling a99b7f834d75:  46% ▕████████          ▏ 2.7 GB/6.0 GB   19 MB/s   2m41s[K[?25h[?2026l[?2026h[?25l[A[1Gpulling manifest [K
pulling a99b7f834d75:  46% ▕████████          ▏ 2.7 GB/6.0 GB   19 MB/s   2m41s[K[?25h[?2026l[?2026h[?25l[A[1Gpulling manifest [K
pulling a99b7f834d75:  46% ▕████████          ▏ 2.7 GB/6.0 GB   19 MB/s   2m41s[K[?25h[?2026l[?2026h[?25l[A[1Gpulling manifest [K
pulling a99b7f834d75:  46% ▕████████          ▏ 2.7 GB/6.0 GB   19 MB/s   2m41s[K[?25h[?2026l[?2026h[?25l[A[1Gpulling manifest [K
pulling a99b7f834d75:  46% ▕████████          ▏ 2.7 GB/6.0 GB   19 MB/s   2m41s[K[?25h[?2026l[?2026h[?25l[A[1Gpulling manifest [K
pulling a99b7f834d75:  46% ▕████████          ▏ 2.8 GB/6.0 GB   19 MB/s   2m41s[K[?25h[?2026l[?2026h[?25l[A[1Gpulling manifest [K
pulling a99b7f834d75:  46% ▕████████          ▏ 2.8 GB/6.0 GB   19 MB/s   2m41s[K[?25h[?2026l[?2026h[?25l[A[1Gpulling manifest [K
pulling a99b7f834d75:  46% ▕████████          ▏ 2.8 GB/6.0 GB   19 MB/s   2m41s[K[?25h[?2026l[?2026h[?25l[A[1Gpulling manifest [K
pulling a99b7f834d75:  46% ▕████████          ▏ 2.8 GB/6.0 GB   19 MB/s   2m41s[K[?25h[?2026l[?2026h[?25l[A[1Gpulling manifest [K
pulling a99b7f834d75:  46% ▕████████          ▏ 2.8 GB/6.0 GB   19 MB/s   2m41s[K[?25h[?2026l[?2026h[?25l[A[1Gpulling manifest [K
pulling a99b7f834d75:  46% ▕████████          ▏ 2.8 GB/6.0 GB   19 MB/s   2m41s[K[?25h[?2026l[?2026h[?25l[A[1Gpulling manifest [K
pulling a99b7f834d75:  46% ▕████████          ▏ 2.8 GB/6.0 GB   19 MB/s   2m41s[K[?25h[?2026l[?2026h[?25l[A[1Gpulling manifest [K
pulling a99b7f834d75:  46% ▕████████          ▏ 2.8 GB/6.0 GB   19 MB/s   2m40s[K[?25h[?2026l[?2026h[?25l[A[1Gpulling manifest [K
pulling a99b7f834d75:  46% ▕████████          ▏ 2.8 GB/6.0 GB   20 MB/s   2m40s[K[?25h[?2026l[?2026h[?25l[A[1Gpulling manifest [K
pulling a99b7f834d75:  46% ▕████████          ▏ 2.8 GB/6.0 GB   20 MB/s   2m40s[K[?25h[?2026l[?2026h[?25l[A[1Gpulling manifest [K
pulling a99b7f834d75:  46% ▕████████          ▏ 2.8 GB/6.0 GB   20 MB/s   2m39s[K[?25h[?2026l[?2026h[?25l[A[1Gpulling manifest [K
pulling a99b7f834d75:  46% ▕████████          ▏ 2.8 GB/6.0 GB   20 MB/s   2m39s[K[?25h[?2026l[?2026h[?25l[A[1Gpulling manifest [K
pulling a99b7f834d75:  46% ▕████████          ▏ 2.8 GB/6.0 GB   20 MB/s   2m39s[K[?25h[?2026l[?2026h[?25l[A[1Gpulling manifest [K
pulling a99b7f834d75:  47% ▕████████          ▏ 2.8 GB/6.0 GB   20 MB/s   2m39s[K[?25h[?2026l[?2026h[?25l[A[1Gpulling manifest [K
pulling a99b7f834d75:  47% ▕████████          ▏ 2.8 GB/6.0 GB   20 MB/s   2m39s[K[?25h[?2026l[?2026h[?25l[A[1Gpulling manifest [K
pulling a99b7f834d75:  47% ▕████████          ▏ 2.8 GB/6.0 GB   20 MB/s   2m39s[K[?25h[?2026l[?2026h[?25l[A[1Gpulling manifest [K
pulling a99b7f834d75:  47% ▕████████          ▏ 2.8 GB/6.0 GB   20 MB/s   2m39s[K[?25h[?2026l[?2026h[?25l[A[1Gpulling manifest [K
pulling a99b7f834d75:  47% ▕████████          ▏ 2.8 GB/6.0 GB   20 MB/s   2m39s[K[?25h[?2026l[?2026h[?25l[A[1Gpulling manifest [K
pulling a99b7f834d75:  47% ▕████████          ▏ 2.8 GB/6.0 GB   19 MB/s   2m39s[K[?25h[?2026l[?2026h[?25l[A[1Gpulling manifest [K
pulling a99b7f834d75:  47% ▕████████          ▏ 2.8 GB/6.0 GB   19 MB/s   2m39s[K[?25h[?2026l[?2026h[?25l[A[1Gpulling manifest [K
pulling a99b7f834d75:  47% ▕████████          ▏ 2.8 GB/6.0 GB   19 MB/s   2m39s[K[?25h[?2026l[?2026h[?25l[A[1Gpulling manifest [K
pulling a99b7f834d75:  47% ▕████████          ▏ 2.8 GB/6.0 GB   19 MB/s   2m39s[K[?25h[?2026l[?2026h[?25l[A[1Gpulling manifest [K
pulling a99b7f834d75:  47% ▕████████          ▏ 2.8 GB/6.0 GB   19 MB/s   2m39s[K[?25h[?2026l[?2026h[?25l[A[1Gpulling manifest [K
pulling a99b7f834d75:  47% ▕████████          ▏ 2.8 GB/6.0 GB   19 MB/s   2m38s[K[?25h[?2026l[?2026h[?25l[A[1Gpulling manifest [K
pulling a99b7f834d75:  47% ▕████████          ▏ 2.8 GB/6.0 GB   19 MB/s   2m38s[K[?25h[?2026l[?2026h[?25l[A[1Gpulling manifest [K
pulling a99b7f834d75:  47% ▕████████          ▏ 2.8 GB/6.0 GB   19 MB/s   2m38s[K[?25h[?2026l[?2026h[?25l[A[1Gpulling manifest [K
pulling a99b7f834d75:  47% ▕████████          ▏ 2.8 GB/6.0 GB   19 MB/s   2m38s[K[?25h[?2026l[?2026h[?25l[A[1Gpulling manifest [K
pulling a99b7f834d75:  47% ▕████████          ▏ 2.8 GB/6.0 GB   19 MB/s   2m38s[K[?25h[?2026l[?2026h[?25l[A[1Gpulling manifest [K
pulling a99b7f834d75:  47% ▕████████          ▏ 2.8 GB/6.0 GB   20 MB/s   2m35s[K[?25h[?2026l[?2026h[?25l[A[1Gpulling manifest [K
pulling a99b7f834d75:  47% ▕████████          ▏ 2.8 GB/6.0 GB   20 MB/s   2m35s[K[?25h[?2026l[?2026h[?25l[A[1Gpulling manifest [K
pulling a99b7f834d75:  47% ▕████████          ▏ 2.8 GB/6.0 GB   20 MB/s   2m35s[K[?25h[?2026l[?2026h[?25l[A[1Gpulling manifest [K
pulling a99b7f834d75:  47% ▕████████          ▏ 2.8 GB/6.0 GB   20 MB/s   2m35s[K[?25h[?2026l[?2026h[?25l[A[1Gpulling manifest [K
pulling a99b7f834d75:  47% ▕████████          ▏ 2.8 GB/6.0 GB   20 MB/s   2m34s[K[?25h[?2026l[?2026h[?25l[A[1Gpulling manifest [K
pulling a99b7f834d75:  47% ▕████████          ▏ 2.8 GB/6.0 GB   20 MB/s   2m34s[K[?25h[?2026l[?2026h[?25l[A[1Gpulling manifest [K
pulling a99b7f834d75:  47% ▕████████          ▏ 2.8 GB/6.0 GB   20 MB/s   2m34s[K[?25h[?2026l[?2026h[?25l[A[1Gpulling manifest [K
pulling a99b7f834d75:  47% ▕████████          ▏ 2.8 GB/6.0 GB   20 MB/s   2m34s[K[?25h[?2026l[?2026h[?25l[A[1Gpulling manifest [K
pulling a99b7f834d75:  47% ▕████████          ▏ 2.8 GB/6.0 GB   20 MB/s   2m34s[K[?25h[?2026l[?2026h[?25l[A[1Gpulling manifest [K
pulling a99b7f834d75:  47% ▕████████          ▏ 2.8 GB/6.0 GB   20 MB/s   2m34s[K[?25h[?2026l[?2026h[?25l[A[1Gpulling manifest [K
pulling a99b7f834d75:  47% ▕████████          ▏ 2.8 GB/6.0 GB   20 MB/s   2m36s[K[?25h[?2026l[?2026h[?25l[A[1Gpulling manifest [K
pulling a99b7f834d75:  47% ▕████████          ▏ 2.8 GB/6.0 GB   20 MB/s   2m36s[K[?25h[?2026l[?2026h[?25l[A[1Gpulling manifest [K
pulling a99b7f834d75:  47% ▕████████          ▏ 2.8 GB/6.0 GB   20 MB/s   2m36s[K[?25h[?2026l[?2026h[?25l[A[1Gpulling manifest [K
pulling a99b7f834d75:  47% ▕████████          ▏ 2.8 GB/6.0 GB   20 MB/s   2m36s[K[?25h[?2026l[?2026h[?25l[A[1Gpulling manifest [K
pulling a99b7f834d75:  47% ▕████████          ▏ 2.8 GB/6.0 GB   20 MB/s   2m36s[K[?25h[?2026l[?2026h[?25l[A[1Gpulling manifest [K
pulling a99b7f834d75:  47% ▕████████          ▏ 2.8 GB/6.0 GB   20 MB/s   2m36s[K[?25h[?2026l[?2026h[?25l[A[1Gpulling manifest [K
pulling a99b7f834d75:  47% ▕████████          ▏ 2.8 GB/6.0 GB   20 MB/s   2m36s[K[?25h[?2026l[?2026h[?25l[A[1Gpulling manifest [K
pulling a99b7f834d75:  47% ▕████████          ▏ 2.8 GB/6.0 GB   20 MB/s   2m36s[K[?25h[?2026l[?2026h[?25l[A[1Gpulling manifest [K
pulling a99b7f834d75:  48% ▕████████          ▏ 2.8 GB/6.0 GB   20 MB/s   2m36s[K[?25h[?2026l[?2026h[?25l[A[1Gpulling manifest [K
pulling a99b7f834d75:  48% ▕████████          ▏ 2.8 GB/6.0 GB   20 MB/s   2m35s[K[?25h[?2026l[?2026h[?25l[A[1Gpulling manifest [K
pulling a99b7f834d75:  48% ▕████████          ▏ 2.8 GB/6.0 GB   20 MB/s   2m35s[K[?25h[?2026l[?2026h[?25l[A[1Gpulling manifest [K
pulling a99b7f834d75:  48% ▕████████          ▏ 2.8 GB/6.0 GB   20 MB/s   2m36s[K[?25h[?2026l[?2026h[?25l[A[1Gpulling manifest [K
pulling a99b7f834d75:  48% ▕████████          ▏ 2.8 GB/6.0 GB   20 MB/s   2m36s[K[?25h[?2026l[?2026h[?25l[A[1Gpulling manifest [K
pulling a99b7f834d75:  48% ▕████████          ▏ 2.8 GB/6.0 GB   20 MB/s   2m35s[K[?25h[?2026l[?2026h[?25l[A[1Gpulling manifest [K
pulling a99b7f834d75:  48% ▕████████          ▏ 2.8 GB/6.0 GB   20 MB/s   2m35s[K[?25h[?2026l[?2026h[?25l[A[1Gpulling manifest [K
pulling a99b7f834d75:  48% ▕████████          ▏ 2.9 GB/6.0 GB   20 MB/s   2m35s[K[?25h[?2026l[?2026h[?25l[A[1Gpulling manifest [K
pulling a99b7f834d75:  48% ▕████████          ▏ 2.9 GB/6.0 GB   20 MB/s   2m35s[K[?25h[?2026l[?2026h[?25l[A[1Gpulling manifest [K
pulling a99b7f834d75:  48% ▕████████          ▏ 2.9 GB/6.0 GB   20 MB/s   2m35s[K[?25h[?2026l[?2026h[?25l[A[1Gpulling manifest [K
pulling a99b7f834d75:  48% ▕████████          ▏ 2.9 GB/6.0 GB   20 MB/s   2m35s[K[?25h[?2026l[?2026h[?25l[A[1Gpulling manifest [K
pulling a99b7f834d75:  48% ▕████████          ▏ 2.9 GB/6.0 GB   20 MB/s   2m35s[K[?25h[?2026l[?2026h[?25l[A[1Gpulling manifest [K
pulling a99b7f834d75:  48% ▕████████          ▏ 2.9 GB/6.0 GB   20 MB/s   2m35s[K[?25h[?2026l[?2026h[?25l[A[1Gpulling manifest [K
pulling a99b7f834d75:  48% ▕████████          ▏ 2.9 GB/6.0 GB   19 MB/s   2m35s[K[?25h[?2026l[?2026h[?25l[A[1Gpulling manifest [K
pulling a99b7f834d75:  48% ▕████████          ▏ 2.9 GB/6.0 GB   19 MB/s   2m35s[K[?25h[?2026l[?2026h[?25l[A[1Gpulling manifest [K
pulling a99b7f834d75:  48% ▕████████          ▏ 2.9 GB/6.0 GB   19 MB/s   2m35s[K[?25h[?2026l[?2026h[?25l[A[1Gpulling manifest [K
pulling a99b7f834d75:  48% ▕████████          ▏ 2.9 GB/6.0 GB   19 MB/s   2m35s[K[?25h[?2026l[?2026h[?25l[A[1Gpulling manifest [K
pulling a99b7f834d75:  48% ▕████████          ▏ 2.9 GB/6.0 GB   19 MB/s   2m34s[K[?25h[?2026l[?2026h[?25l[A[1Gpulling manifest [K
pulling a99b7f834d75:  48% ▕████████          ▏ 2.9 GB/6.0 GB   19 MB/s   2m34s[K[?25h[?2026l[?2026h[?25l[A[1Gpulling manifest [K
pulling a99b7f834d75:  48% ▕████████          ▏ 2.9 GB/6.0 GB   19 MB/s   2m34s[K[?25h[?2026l[?2026h[?25l[A[1Gpulling manifest [K
pulling a99b7f834d75:  48% ▕████████          ▏ 2.9 GB/6.0 GB   19 MB/s   2m34s[K[?25h[?2026l[?2026h[?25l[A[1Gpulling manifest [K
pulling a99b7f834d75:  48% ▕████████          ▏ 2.9 GB/6.0 GB   19 MB/s   2m34s[K[?25h[?2026l[?2026h[?25l[A[1Gpulling manifest [K
pulling a99b7f834d75:  48% ▕████████          ▏ 2.9 GB/6.0 GB   19 MB/s   2m34s[K[?25h[?2026l[?2026h[?25l[A[1Gpulling manifest [K
pulling a99b7f834d75:  48% ▕████████          ▏ 2.9 GB/6.0 GB   19 MB/s   2m36s[K[?25h[?2026l[?2026h[?25l[A[1Gpulling manifest [K
pulling a99b7f834d75:  48% ▕████████          ▏ 2.9 GB/6.0 GB   19 MB/s   2m35s[K[?25h[?2026l[?2026h[?25l[A[1Gpulling manifest [K
pulling a99b7f834d75:  48% ▕████████          ▏ 2.9 GB/6.0 GB   19 MB/s   2m35s[K[?25h[?2026l[?2026h[?25l[A[1Gpulling manifest [K
pulling a99b7f834d75:  48% ▕████████          ▏ 2.9 GB/6.0 GB   19 MB/s   2m35s[K[?25h[?2026l[?2026h[?25l[A[1Gpulling manifest [K
pulling a99b7f834d75:  48% ▕████████          ▏ 2.9 GB/6.0 GB   19 MB/s   2m35s[K[?25h[?2026l[?2026h[?25l[A[1Gpulling manifest [K
pulling a99b7f834d75:  48% ▕████████          ▏ 2.9 GB/6.0 GB   19 MB/s   2m35s[K[?25h[?2026l[?2026h[?25l[A[1Gpulling manifest [K
pulling a99b7f834d75:  48% ▕████████          ▏ 2.9 GB/6.0 GB   19 MB/s   2m35s[K[?25h[?2026l[?2026h[?25l[A[1Gpulling manifest [K
pulling a99b7f834d75:  49% ▕████████          ▏ 2.9 GB/6.0 GB   19 MB/s   2m35s[K[?25h[?2026l[?2026h[?25l[A[1Gpulling manifest [K
pulling a99b7f834d75:  49% ▕████████          ▏ 2.9 GB/6.0 GB   19 MB/s   2m35s[K[?25h[?2026l[?2026h[?25l[A[1Gpulling manifest [K
pulling a99b7f834d75:  49% ▕████████          ▏ 2.9 GB/6.0 GB   19 MB/s   2m35s[K[?25h[?2026l[?2026h[?25l[A[1Gpulling manifest [K
pulling a99b7f834d75:  49% ▕████████          ▏ 2.9 GB/6.0 GB   19 MB/s   2m36s[K[?25h[?2026l[?2026h[?25l[A[1Gpulling manifest [K
pulling a99b7f834d75:  49% ▕████████          ▏ 2.9 GB/6.0 GB   19 MB/s   2m36s[K[?25h[?2026l[?2026h[?25l[A[1Gpulling manifest [K
pulling a99b7f834d75:  49% ▕████████          ▏ 2.9 GB/6.0 GB   19 MB/s   2m36s[K[?25h[?2026l[?2026h[?25l[A[1Gpulling manifest [K
pulling a99b7f834d75:  49% ▕████████          ▏ 2.9 GB/6.0 GB   19 MB/s   2m36s[K[?25h[?2026l[?2026h[?25l[A[1Gpulling manifest [K
pulling a99b7f834d75:  49% ▕████████          ▏ 2.9 GB/6.0 GB   19 MB/s   2m36s[K[?25h[?2026l[?2026h[?25l[A[1Gpulling manifest [K
pulling a99b7f834d75:  49% ▕████████          ▏ 2.9 GB/6.0 GB   19 MB/s   2m36s[K[?25h[?2026l[?2026h[?25l[A[1Gpulling manifest [K
pulling a99b7f834d75:  49% ▕████████          ▏ 2.9 GB/6.0 GB   19 MB/s   2m36s[K[?25h[?2026l[?2026h[?25l[A[1Gpulling manifest [K
pulling a99b7f834d75:  49% ▕████████          ▏ 2.9 GB/6.0 GB   19 MB/s   2m36s[K[?25h[?2026l[?2026h[?25l[A[1Gpulling manifest [K
pulling a99b7f834d75:  49% ▕████████          ▏ 2.9 GB/6.0 GB   19 MB/s   2m35s[K[?25h[?2026l[?2026h[?25l[A[1Gpulling manifest [K
pulling a99b7f834d75:  49% ▕████████          ▏ 2.9 GB/6.0 GB   19 MB/s   2m35s[K[?25h[?2026l[?2026h[?25l[A[1Gpulling manifest [K
pulling a99b7f834d75:  49% ▕████████          ▏ 2.9 GB/6.0 GB   18 MB/s   2m45s[K[?25h[?2026l[?2026h[?25l[A[1Gpulling manifest [K
pulling a99b7f834d75:  49% ▕████████          ▏ 2.9 GB/6.0 GB   18 MB/s   2m45s[K[?25h[?2026l[?2026h[?25l[A[1Gpulling manifest [K
pulling a99b7f834d75:  49% ▕████████          ▏ 2.9 GB/6.0 GB   18 MB/s   2m45s[K[?25h[?2026l[?2026h[?25l[A[1Gpulling manifest [K
pulling a99b7f834d75:  49% ▕████████          ▏ 2.9 GB/6.0 GB   18 MB/s   2m45s[K[?25h[?2026l[?2026h[?25l[A[1Gpulling manifest [K
pulling a99b7f834d75:  49% ▕████████          ▏ 2.9 GB/6.0 GB   18 MB/s   2m45s[K[?25h[?2026l[?2026h[?25l[A[1Gpulling manifest [K
pulling a99b7f834d75:  49% ▕████████          ▏ 2.9 GB/6.0 GB   18 MB/s   2m45s[K[?25h[?2026l[?2026h[?25l[A[1Gpulling manifest [K
pulling a99b7f834d75:  49% ▕████████          ▏ 2.9 GB/6.0 GB   18 MB/s   2m45s[K[?25h[?2026l[?2026h[?25l[A[1Gpulling manifest [K
pulling a99b7f834d75:  49% ▕████████          ▏ 2.9 GB/6.0 GB   18 MB/s   2m45s[K[?25h[?2026l[?2026h[?25l[A[1Gpulling manifest [K
pulling a99b7f834d75:  49% ▕████████          ▏ 2.9 GB/6.0 GB   18 MB/s   2m45s[K[?25h[?2026l[?2026h[?25l[A[1Gpulling manifest [K
pulling a99b7f834d75:  49% ▕████████          ▏ 2.9 GB/6.0 GB   18 MB/s   2m45s[K[?25h[?2026l[?2026h[?25l[A[1Gpulling manifest [K
pulling a99b7f834d75:  49% ▕████████          ▏ 2.9 GB/6.0 GB   18 MB/s   2m45s[K[?25h[?2026l[?2026h[?25l[A[1Gpulling manifest [K
pulling a99b7f834d75:  49% ▕████████          ▏ 2.9 GB/6.0 GB   16 MB/s    3m7s[K[?25h[?2026l[?2026h[?25l[A[1Gpulling manifest [K
pulling a99b7f834d75:  49% ▕████████          ▏ 2.9 GB/6.0 GB   16 MB/s    3m7s[K[?25h[?2026l[?2026h[?25l[A[1Gpulling manifest [K
pulling a99b7f834d75:  49% ▕████████          ▏ 2.9 GB/6.0 GB   16 MB/s    3m7s[K[?25h[?2026l[?2026h[?25l[A[1Gpulling manifest [K
pulling a99b7f834d75:  49% ▕████████          ▏ 2.9 GB/6.0 GB   16 MB/s    3m7s[K[?25h[?2026l[?2026h[?25l[A[1Gpulling manifest [K
pulling a99b7f834d75:  49% ▕████████          ▏ 2.9 GB/6.0 GB   16 MB/s    3m7s[K[?25h[?2026l[?2026h[?25l[A[1Gpulling manifest [K
pulling a99b7f834d75:  49% ▕████████          ▏ 2.9 GB/6.0 GB   16 MB/s    3m7s[K[?25h[?2026l[?2026h[?25l[A[1Gpulling manifest [K
pulling a99b7f834d75:  49% ▕████████          ▏ 2.9 GB/6.0 GB   16 MB/s    3m6s[K[?25h[?2026l[?2026h[?25l[A[1Gpulling manifest [K
pulling a99b7f834d75:  49% ▕████████          ▏ 2.9 GB/6.0 GB   16 MB/s    3m6s[K[?25h[?2026l[?2026h[?25l[A[1Gpulling manifest [K
pulling a99b7f834d75:  49% ▕████████          ▏ 2.9 GB/6.0 GB   16 MB/s    3m6s[K[?25h[?2026l[?2026h[?25l[A[1Gpulling manifest [K
pulling a99b7f834d75:  49% ▕████████          ▏ 2.9 GB/6.0 GB   16 MB/s    3m6s[K[?25h[?2026l[?2026h[?25l[A[1Gpulling manifest [K
pulling a99b7f834d75:  49% ▕████████          ▏ 2.9 GB/6.0 GB   15 MB/s   3m12s[K[?25h[?2026l[?2026h[?25l[A[1Gpulling manifest [K
pulling a99b7f834d75:  49% ▕████████          ▏ 2.9 GB/6.0 GB   15 MB/s   3m12s[K[?25h[?2026l[?2026h[?25l[A[1Gpulling manifest [K
pulling a99b7f834d75:  49% ▕████████          ▏ 2.9 GB/6.0 GB   15 MB/s   3m11s[K[?25h[?2026l[?2026h[?25l[A[1Gpulling manifest [K
pulling a99b7f834d75:  49% ▕████████          ▏ 2.9 GB/6.0 GB   15 MB/s   3m11s[K[?25h[?2026l[?2026h[?25l[A[1Gpulling manifest [K
pulling a99b7f834d75:  49% ▕████████          ▏ 2.9 GB/6.0 GB   15 MB/s   3m11s[K[?25h[?2026l[?2026h[?25l[A[1Gpulling manifest [K
pulling a99b7f834d75:  49% ▕████████          ▏ 2.9 GB/6.0 GB   15 MB/s   3m11s[K[?25h[?2026l[?2026h[?25l[A[1Gpulling manifest [K
pulling a99b7f834d75:  49% ▕████████          ▏ 2.9 GB/6.0 GB   15 MB/s   3m11s[K[?25h[?2026l[?2026h[?25l[A[1Gpulling manifest [K
pulling a99b7f834d75:  49% ▕████████          ▏ 2.9 GB/6.0 GB   15 MB/s   3m11s[K[?25h[?2026l[?2026h[?25l[A[1Gpulling manifest [K
pulling a99b7f834d75:  49% ▕████████          ▏ 2.9 GB/6.0 GB   15 MB/s   3m11s[K[?25h[?2026l[?2026h[?25l[A[1Gpulling manifest [K
pulling a99b7f834d75:  49% ▕████████          ▏ 2.9 GB/6.0 GB   15 MB/s   3m11s[K[?25h[?2026l[?2026h[?25l[A[1Gpulling manifest [K
pulling a99b7f834d75:  49% ▕████████          ▏ 2.9 GB/6.0 GB   15 MB/s   3m12s[K[?25h[?2026l[?2026h[?25l[A[1Gpulling manifest [K
pulling a99b7f834d75:  49% ▕████████          ▏ 2.9 GB/6.0 GB   15 MB/s   3m12s[K[?25h[?2026l[?2026h[?25l[A[1Gpulling manifest [K
pulling a99b7f834d75:  49% ▕████████          ▏ 3.0 GB/6.0 GB   15 MB/s   3m11s[K[?25h[?2026l[?2026h[?25l[A[1Gpulling manifest [K
pulling a99b7f834d75:  49% ▕████████          ▏ 3.0 GB/6.0 GB   15 MB/s   3m11s[K[?25h[?2026l[?2026h[?25l[A[1Gpulling manifest [K
pulling a99b7f834d75:  50% ▕████████          ▏ 3.0 GB/6.0 GB   15 MB/s   3m11s[K[?25h[?2026l[?2026h[?25l[A[1Gpulling manifest [K
pulling a99b7f834d75:  50% ▕████████          ▏ 3.0 GB/6.0 GB   15 MB/s   3m11s[K[?25h[?2026l[?2026h[?25l[A[1Gpulling manifest [K
pulling a99b7f834d75:  50% ▕████████          ▏ 3.0 GB/6.0 GB   15 MB/s   3m11s[K[?25h[?2026l[?2026h[?25l[A[1Gpulling manifest [K
pulling a99b7f834d75:  50% ▕████████          ▏ 3.0 GB/6.0 GB   15 MB/s   3m11s[K[?25h[?2026l[?2026h[?25l[A[1Gpulling manifest [K
pulling a99b7f834d75:  50% ▕████████          ▏ 3.0 GB/6.0 GB   15 MB/s   3m11s[K[?25h[?2026l[?2026h[?25l[A[1Gpulling manifest [K
pulling a99b7f834d75:  50% ▕████████          ▏ 3.0 GB/6.0 GB   15 MB/s   3m11s[K[?25h[?2026l[?2026h[?25l[A[1Gpulling manifest [K
pulling a99b7f834d75:  50% ▕████████          ▏ 3.0 GB/6.0 GB   16 MB/s    3m4s[K[?25h[?2026l[?2026h[?25l[A[1Gpulling manifest [K
pulling a99b7f834d75:  50% ▕████████          ▏ 3.0 GB/6.0 GB   16 MB/s    3m4s[K[?25h[?2026l[?2026h[?25l[A[1Gpulling manifest [K
pulling a99b7f834d75:  50% ▕████████          ▏ 3.0 GB/6.0 GB   16 MB/s    3m4s[K[?25h[?2026l[?2026h[?25l[A[1Gpulling manifest [K
pulling a99b7f834d75:  50% ▕████████          ▏ 3.0 GB/6.0 GB   16 MB/s    3m4s[K[?25h[?2026l[?2026h[?25l[A[1Gpulling manifest [K
pulling a99b7f834d75:  50% ▕████████          ▏ 3.0 GB/6.0 GB   16 MB/s    3m4s[K[?25h[?2026l[?2026h[?25l[A[1Gpulling manifest [K
pulling a99b7f834d75:  50% ▕████████          ▏ 3.0 GB/6.0 GB   16 MB/s    3m4s[K[?25h[?2026l[?2026h[?25l[A[1Gpulling manifest [K
pulling a99b7f834d75:  50% ▕████████          ▏ 3.0 GB/6.0 GB   16 MB/s    3m4s[K[?25h[?2026l[?2026h[?25l[A[1Gpulling manifest [K
pulling a99b7f834d75:  50% ▕████████          ▏ 3.0 GB/6.0 GB   16 MB/s    3m4s[K[?25h[?2026l[?2026h[?25l[A[1Gpulling manifest [K
pulling a99b7f834d75:  50% ▕████████          ▏ 3.0 GB/6.0 GB   16 MB/s    3m4s[K[?25h[?2026l[?2026h[?25l[A[1Gpulling manifest [K
pulling a99b7f834d75:  50% ▕████████          ▏ 3.0 GB/6.0 GB   16 MB/s    3m4s[K[?25h[?2026l[?2026h[?25l[A[1Gpulling manifest [K
pulling a99b7f834d75:  50% ▕████████          ▏ 3.0 GB/6.0 GB   15 MB/s   3m13s[K[?25h[?2026l[?2026h[?25l[A[1Gpulling manifest [K
pulling a99b7f834d75:  50% ▕████████          ▏ 3.0 GB/6.0 GB   15 MB/s   3m13s[K[?25h[?2026l[?2026h[?25l[A[1Gpulling manifest [K
pulling a99b7f834d75:  50% ▕████████          ▏ 3.0 GB/6.0 GB   15 MB/s   3m13s[K[?25h[?2026l[?2026h[?25l[A[1Gpulling manifest [K
pulling a99b7f834d75:  50% ▕████████          ▏ 3.0 GB/6.0 GB   15 MB/s   3m13s[K[?25h[?2026l[?2026h[?25l[A[1Gpulling manifest [K
pulling a99b7f834d75:  50% ▕████████          ▏ 3.0 GB/6.0 GB   15 MB/s   3m13s[K[?25h[?2026l[?2026h[?25l[A[1Gpulling manifest [K
pulling a99b7f834d75:  50% ▕████████          ▏ 3.0 GB/6.0 GB   15 MB/s   3m13s[K[?25h[?2026l[?2026h[?25l[A[1Gpulling manifest [K
pulling a99b7f834d75:  50% ▕████████          ▏ 3.0 GB/6.0 GB   15 MB/s   3m12s[K[?25h[?2026l[?2026h[?25l[A[1Gpulling manifest [K
pulling a99b7f834d75:  50% ▕████████          ▏ 3.0 GB/6.0 GB   15 MB/s   3m12s[K[?25h[?2026l[?2026h[?25l[A[1Gpulling manifest [K
pulling a99b7f834d75:  50% ▕████████          ▏ 3.0 GB/6.0 GB   15 MB/s   3m12s[K[?25h[?2026l[?2026h[?25l[A[1Gpulling manifest [K
pulling a99b7f834d75:  50% ▕████████          ▏ 3.0 GB/6.0 GB   15 MB/s   3m12s[K[?25h[?2026l[?2026h[?25l[A[1Gpulling manifest [K
pulling a99b7f834d75:  50% ▕█████████         ▏ 3.0 GB/6.0 GB   15 MB/s   3m12s[K[?25h[?2026l[?2026h[?25l[A[1Gpulling manifest [K
pulling a99b7f834d75:  50% ▕█████████         ▏ 3.0 GB/6.0 GB   13 MB/s   3m39s[K[?25h[?2026l[?2026h[?25l[A[1Gpulling manifest [K
pulling a99b7f834d75:  50% ▕█████████         ▏ 3.0 GB/6.0 GB   13 MB/s   3m39s[K[?25h[?2026l[?2026h[?25l[A[1Gpulling manifest [K
pulling a99b7f834d75:  50% ▕█████████         ▏ 3.0 GB/6.0 GB   13 MB/s   3m39s[K[?25h[?2026l[?2026h[?25l[A[1Gpulling manifest [K
pulling a99b7f834d75:  50% ▕█████████         ▏ 3.0 GB/6.0 GB   13 MB/s   3m39s[K[?25h[?2026l[?2026h[?25l[A[1Gpulling manifest [K
pulling a99b7f834d75:  50% ▕█████████         ▏ 3.0 GB/6.0 GB   13 MB/s   3m39s[K[?25h[?2026l[?2026h[?25l[A[1Gpulling manifest [K
pulling a99b7f834d75:  50% ▕█████████         ▏ 3.0 GB/6.0 GB   13 MB/s   3m39s[K[?25h[?2026l[?2026h[?25l[A[1Gpulling manifest [K
pulling a99b7f834d75:  50% ▕█████████         ▏ 3.0 GB/6.0 GB   13 MB/s   3m39s[K[?25h[?2026l[?2026h[?25l[A[1Gpulling manifest [K
pulling a99b7f834d75:  50% ▕█████████         ▏ 3.0 GB/6.0 GB   13 MB/s   3m39s[K[?25h[?2026l[?2026h[?25l[A[1Gpulling manifest [K
pulling a99b7f834d75:  50% ▕█████████         ▏ 3.0 GB/6.0 GB   13 MB/s   3m39s[K[?25h[?2026l[?2026h[?25l[A[1Gpulling manifest [K
pulling a99b7f834d75:  50% ▕█████████         ▏ 3.0 GB/6.0 GB   13 MB/s   3m39s[K[?25h[?2026l[?2026h[?25l[A[1Gpulling manifest [K
pulling a99b7f834d75:  50% ▕█████████         ▏ 3.0 GB/6.0 GB   11 MB/s   4m12s[K[?25h[?2026l[?2026h[?25l[A[1Gpulling manifest [K
pulling a99b7f834d75:  50% ▕█████████         ▏ 3.0 GB/6.0 GB   11 MB/s   4m12s[K[?25h[?2026l[?2026h[?25l[A[1Gpulling manifest [K
pulling a99b7f834d75:  50% ▕█████████         ▏ 3.0 GB/6.0 GB   11 MB/s   4m12s[K[?25h[?2026l[?2026h[?25l[A[1Gpulling manifest [K
pulling a99b7f834d75:  50% ▕█████████         ▏ 3.0 GB/6.0 GB   11 MB/s   4m12s[K[?25h[?2026l[?2026h[?25l[A[1Gpulling manifest [K
pulling a99b7f834d75:  50% ▕█████████         ▏ 3.0 GB/6.0 GB   11 MB/s   4m12s[K[?25h[?2026l[?2026h[?25l[A[1Gpulling manifest [K
pulling a99b7f834d75:  50% ▕█████████         ▏ 3.0 GB/6.0 GB   11 MB/s   4m12s[K[?25h[?2026l[?2026h[?25l[A[1Gpulling manifest [K
pulling a99b7f834d75:  50% ▕█████████         ▏ 3.0 GB/6.0 GB   11 MB/s   4m12s[K[?25h[?2026l[?2026h[?25l[A[1Gpulling manifest [K
pulling a99b7f834d75:  50% ▕█████████         ▏ 3.0 GB/6.0 GB   11 MB/s   4m12s[K[?25h[?2026l[?2026h[?25l[A[1Gpulling manifest [K
pulling a99b7f834d75:  50% ▕█████████         ▏ 3.0 GB/6.0 GB   11 MB/s   4m12s[K[?25h[?2026l[?2026h[?25l[A[1Gpulling manifest [K
pulling a99b7f834d75:  50% ▕█████████         ▏ 3.0 GB/6.0 GB   11 MB/s   4m12s[K[?25h[?2026l[?2026h[?25l[A[1Gpulling manifest [K
pulling a99b7f834d75:  50% ▕█████████         ▏ 3.0 GB/6.0 GB  9.9 MB/s    5m1s[K[?25h[?2026l[?2026h[?25l[A[1Gpulling manifest [K
pulling a99b7f834d75:  50% ▕█████████         ▏ 3.0 GB/6.0 GB  9.9 MB/s    5m1s[K[?25h[?2026l[?2026h[?25l[A[1Gpulling manifest [K
pulling a99b7f834d75:  50% ▕█████████         ▏ 3.0 GB/6.0 GB  9.9 MB/s    5m1s[K[?25h[?2026l[?2026h[?25l[A[1Gpulling manifest [K
pulling a99b7f834d75:  50% ▕█████████         ▏ 3.0 GB/6.0 GB  9.9 MB/s    5m1s[K[?25h[?2026l[?2026h[?25l[A[1Gpulling manifest [K
pulling a99b7f834d75:  50% ▕█████████         ▏ 3.0 GB/6.0 GB  9.9 MB/s    5m1s[K[?25h[?2026l[?2026h[?25l[A[1Gpulling manifest [K
pulling a99b7f834d75:  50% ▕█████████         ▏ 3.0 GB/6.0 GB  9.9 MB/s    5m1s[K[?25h[?2026l[?2026h[?25l[A[1Gpulling manifest [K
pulling a99b7f834d75:  50% ▕█████████         ▏ 3.0 GB/6.0 GB  9.9 MB/s    5m1s[K[?25h[?2026l[?2026h[?25l[A[1Gpulling manifest [K
pulling a99b7f834d75:  50% ▕█████████         ▏ 3.0 GB/6.0 GB  9.9 MB/s    5m1s[K[?25h[?2026l[?2026h[?25l[A[1Gpulling manifest [K
pulling a99b7f834d75:  50% ▕█████████         ▏ 3.0 GB/6.0 GB  9.9 MB/s    5m1s[K[?25h[?2026l[?2026h[?25l[A[1Gpulling manifest [K
pulling a99b7f834d75:  50% ▕█████████         ▏ 3.0 GB/6.0 GB  9.9 MB/s    5m1s[K[?25h[?2026l[?2026h[?25l[A[1Gpulling manifest [K
pulling a99b7f834d75:  50% ▕█████████         ▏ 3.0 GB/6.0 GB  9.4 MB/s   5m17s[K[?25h[?2026l[?2026h[?25l[A[1Gpulling manifest [K
pulling a99b7f834d75:  50% ▕█████████         ▏ 3.0 GB/6.0 GB  9.4 MB/s   5m17s[K[?25h[?2026l[?2026h[?25l[A[1Gpulling manifest [K
pulling a99b7f834d75:  50% ▕█████████         ▏ 3.0 GB/6.0 GB  9.4 MB/s   5m17s[K[?25h[?2026l[?2026h[?25l[A[1Gpulling manifest [K
pulling a99b7f834d75:  50% ▕█████████         ▏ 3.0 GB/6.0 GB  9.4 MB/s   5m17s[K[?25h[?2026l[?2026h[?25l[A[1Gpulling manifest [K
pulling a99b7f834d75:  50% ▕█████████         ▏ 3.0 GB/6.0 GB  9.4 MB/s   5m17s[K[?25h[?2026l[?2026h[?25l[A[1Gpulling manifest [K
pulling a99b7f834d75:  50% ▕█████████         ▏ 3.0 GB/6.0 GB  9.4 MB/s   5m17s[K[?25h[?2026l[?2026h[?25l[A[1Gpulling manifest [K
pulling a99b7f834d75:  50% ▕█████████         ▏ 3.0 GB/6.0 GB  9.4 MB/s   5m17s[K[?25h[?2026l[?2026h[?25l[A[1Gpulling manifest [K
pulling a99b7f834d75:  50% ▕█████████         ▏ 3.0 GB/6.0 GB  9.4 MB/s   5m17s[K[?25h[?2026l[?2026h[?25l[A[1Gpulling manifest [K
pulling a99b7f834d75:  50% ▕█████████         ▏ 3.0 GB/6.0 GB  9.4 MB/s   5m17s[K[?25h[?2026l[?2026h[?25l[A[1Gpulling manifest [K
pulling a99b7f834d75:  50% ▕█████████         ▏ 3.0 GB/6.0 GB  9.4 MB/s   5m17s[K[?25h[?2026l[?2026h[?25l[A[1Gpulling manifest [K
pulling a99b7f834d75:  50% ▕█████████         ▏ 3.0 GB/6.0 GB  9.8 MB/s    5m4s[K[?25h[?2026l[?2026h[?25l[A[1Gpulling manifest [K
pulling a99b7f834d75:  50% ▕█████████         ▏ 3.0 GB/6.0 GB  9.8 MB/s    5m4s[K[?25h[?2026l[?2026h[?25l[A[1Gpulling manifest [K
pulling a99b7f834d75:  50% ▕█████████         ▏ 3.0 GB/6.0 GB  9.8 MB/s    5m4s[K[?25h[?2026l[?2026h[?25l[A[1Gpulling manifest [K
pulling a99b7f834d75:  50% ▕█████████         ▏ 3.0 GB/6.0 GB  9.8 MB/s    5m4s[K[?25h[?2026l[?2026h[?25l[A[1Gpulling manifest [K
pulling a99b7f834d75:  50% ▕█████████         ▏ 3.0 GB/6.0 GB  9.8 MB/s    5m4s[K[?25h[?2026l[?2026h[?25l[A[1Gpulling manifest [K
pulling a99b7f834d75:  50% ▕█████████         ▏ 3.0 GB/6.0 GB  9.8 MB/s    5m3s[K[?25h[?2026l[?2026h[?25l[A[1Gpulling manifest [K
pulling a99b7f834d75:  50% ▕█████████         ▏ 3.0 GB/6.0 GB  9.8 MB/s    5m3s[K[?25h[?2026l[?2026h[?25l[A[1Gpulling manifest [K
pulling a99b7f834d75:  50% ▕█████████         ▏ 3.0 GB/6.0 GB  9.8 MB/s    5m3s[K[?25h[?2026l[?2026h[?25l[A[1Gpulling manifest [K
pulling a99b7f834d75:  50% ▕█████████         ▏ 3.0 GB/6.0 GB  9.8 MB/s    5m3s[K[?25h[?2026l[?2026h[?25l[A[1Gpulling manifest [K
pulling a99b7f834d75:  50% ▕█████████         ▏ 3.0 GB/6.0 GB  9.8 MB/s    5m3s[K[?25h[?2026l[?2026h[?25l[A[1Gpulling manifest [K
pulling a99b7f834d75:  50% ▕█████████         ▏ 3.0 GB/6.0 GB  9.8 MB/s    5m3s[K[?25h[?2026l[?2026h[?25l[A[1Gpulling manifest [K
pulling a99b7f834d75:  50% ▕█████████         ▏ 3.0 GB/6.0 GB  9.3 MB/s   5m17s[K[?25h[?2026l[?2026h[?25l[A[1Gpulling manifest [K
pulling a99b7f834d75:  51% ▕█████████         ▏ 3.0 GB/6.0 GB  9.3 MB/s   5m17s[K[?25h[?2026l[?2026h[?25l[A[1Gpulling manifest [K
pulling a99b7f834d75:  51% ▕█████████         ▏ 3.0 GB/6.0 GB  9.3 MB/s   5m17s[K[?25h[?2026l[?2026h[?25l[A[1Gpulling manifest [K
pulling a99b7f834d75:  51% ▕█████████         ▏ 3.0 GB/6.0 GB  9.3 MB/s   5m17s[K[?25h[?2026l[?2026h[?25l[A[1Gpulling manifest [K
pulling a99b7f834d75:  51% ▕█████████         ▏ 3.0 GB/6.0 GB  9.3 MB/s   5m16s[K[?25h[?2026l[?2026h[?25l[A[1Gpulling manifest [K
pulling a99b7f834d75:  51% ▕█████████         ▏ 3.0 GB/6.0 GB  9.3 MB/s   5m16s[K[?25h[?2026l[?2026h[?25l[A[1Gpulling manifest [K
pulling a99b7f834d75:  51% ▕█████████         ▏ 3.0 GB/6.0 GB  9.3 MB/s   5m16s[K[?25h[?2026l[?2026h[?25l[A[1Gpulling manifest [K
pulling a99b7f834d75:  51% ▕█████████         ▏ 3.0 GB/6.0 GB  9.3 MB/s   5m16s[K[?25h[?2026l[?2026h[?25l[A[1Gpulling manifest [K
pulling a99b7f834d75:  51% ▕█████████         ▏ 3.0 GB/6.0 GB  9.3 MB/s   5m16s[K[?25h[?2026l[?2026h[?25l[A[1Gpulling manifest [K
pulling a99b7f834d75:  51% ▕█████████         ▏ 3.0 GB/6.0 GB  9.3 MB/s   5m16s[K[?25h[?2026l[?2026h[?25l[A[1Gpulling manifest [K
pulling a99b7f834d75:  51% ▕█████████         ▏ 3.0 GB/6.0 GB  9.3 MB/s   5m17s[K[?25h[?2026l[?2026h[?25l[A[1Gpulling manifest [K
pulling a99b7f834d75:  51% ▕█████████         ▏ 3.0 GB/6.0 GB  9.3 MB/s   5m17s[K[?25h[?2026l[?2026h[?25l[A[1Gpulling manifest [K
pulling a99b7f834d75:  51% ▕█████████         ▏ 3.0 GB/6.0 GB  9.3 MB/s   5m17s[K[?25h[?2026l[?2026h[?25l[A[1Gpulling manifest [K
pulling a99b7f834d75:  51% ▕█████████         ▏ 3.0 GB/6.0 GB  9.3 MB/s   5m16s[K[?25h[?2026l[?2026h[?25l[A[1Gpulling manifest [K
pulling a99b7f834d75:  51% ▕█████████         ▏ 3.0 GB/6.0 GB  9.3 MB/s   5m16s[K[?25h[?2026l[?2026h[?25l[A[1Gpulling manifest [K
pulling a99b7f834d75:  51% ▕█████████         ▏ 3.0 GB/6.0 GB  9.3 MB/s   5m16s[K[?25h[?2026l[?2026h[?25l[A[1Gpulling manifest [K
pulling a99b7f834d75:  51% ▕█████████         ▏ 3.0 GB/6.0 GB  9.3 MB/s   5m16s[K[?25h[?2026l[?2026h[?25l[A[1Gpulling manifest [K
pulling a99b7f834d75:  51% ▕█████████         ▏ 3.0 GB/6.0 GB  9.3 MB/s   5m16s[K[?25h[?2026l[?2026h[?25l[A[1Gpulling manifest [K
pulling a99b7f834d75:  51% ▕█████████         ▏ 3.0 GB/6.0 GB  9.3 MB/s   5m15s[K[?25h[?2026l[?2026h[?25l[A[1Gpulling manifest [K
pulling a99b7f834d75:  51% ▕█████████         ▏ 3.0 GB/6.0 GB  9.3 MB/s   5m15s[K[?25h[?2026l[?2026h[?25l[A[1Gpulling manifest [K
pulling a99b7f834d75:  51% ▕█████████         ▏ 3.1 GB/6.0 GB  9.1 MB/s   5m19s[K[?25h[?2026l[?2026h[?25l[A[1Gpulling manifest [K
pulling a99b7f834d75:  51% ▕█████████         ▏ 3.1 GB/6.0 GB  9.1 MB/s   5m19s[K[?25h[?2026l[?2026h[?25l[A[1Gpulling manifest [K
pulling a99b7f834d75:  51% ▕█████████         ▏ 3.1 GB/6.0 GB  9.1 MB/s   5m19s[K[?25h[?2026l[?2026h[?25l[A[1Gpulling manifest [K
pulling a99b7f834d75:  51% ▕█████████         ▏ 3.1 GB/6.0 GB  9.1 MB/s   5m19s[K[?25h[?2026l[?2026h[?25l[A[1Gpulling manifest [K
pulling a99b7f834d75:  51% ▕█████████         ▏ 3.1 GB/6.0 GB  9.1 MB/s   5m19s[K[?25h[?2026l[?2026h[?25l[A[1Gpulling manifest [K
pulling a99b7f834d75:  51% ▕█████████         ▏ 3.1 GB/6.0 GB  9.1 MB/s   5m18s[K[?25h[?2026l[?2026h[?25l[A[1Gpulling manifest [K
pulling a99b7f834d75:  51% ▕█████████         ▏ 3.1 GB/6.0 GB  9.1 MB/s   5m18s[K[?25h[?2026l[?2026h[?25l[A[1Gpulling manifest [K
pulling a99b7f834d75:  51% ▕█████████         ▏ 3.1 GB/6.0 GB  9.1 MB/s   5m18s[K[?25h[?2026l[?2026h[?25l[A[1Gpulling manifest [K
pulling a99b7f834d75:  51% ▕█████████         ▏ 3.1 GB/6.0 GB  9.1 MB/s   5m18s[K[?25h[?2026l[?2026h[?25l[A[1Gpulling manifest [K
pulling a99b7f834d75:  51% ▕█████████         ▏ 3.1 GB/6.0 GB  9.1 MB/s   5m18s[K[?25h[?2026l[?2026h[?25l[A[1Gpulling manifest [K
pulling a99b7f834d75:  51% ▕█████████         ▏ 3.1 GB/6.0 GB  9.8 MB/s   4m56s[K[?25h[?2026l[?2026h[?25l[A[1Gpulling manifest [K
pulling a99b7f834d75:  51% ▕█████████         ▏ 3.1 GB/6.0 GB  9.8 MB/s   4m55s[K[?25h[?2026l[?2026h[?25l[A[1Gpulling manifest [K
pulling a99b7f834d75:  51% ▕█████████         ▏ 3.1 GB/6.0 GB  9.8 MB/s   4m55s[K[?25h[?2026l[?2026h[?25l[A[1Gpulling manifest [K
pulling a99b7f834d75:  52% ▕█████████         ▏ 3.1 GB/6.0 GB  9.8 MB/s   4m55s[K[?25h[?2026l[?2026h[?25l[A[1Gpulling manifest [K
pulling a99b7f834d75:  52% ▕█████████         ▏ 3.1 GB/6.0 GB  9.8 MB/s   4m55s[K[?25h[?2026l[?2026h[?25l[A[1Gpulling manifest [K
pulling a99b7f834d75:  52% ▕█████████         ▏ 3.1 GB/6.0 GB  9.8 MB/s   4m55s[K[?25h[?2026l[?2026h[?25l[A[1Gpulling manifest [K
pulling a99b7f834d75:  52% ▕█████████         ▏ 3.1 GB/6.0 GB  9.8 MB/s   4m55s[K[?25h[?2026l[?2026h[?25l[A[1Gpulling manifest [K
pulling a99b7f834d75:  52% ▕█████████         ▏ 3.1 GB/6.0 GB  9.8 MB/s   4m54s[K[?25h[?2026l[?2026h[?25l[A[1Gpulling manifest [K
pulling a99b7f834d75:  52% ▕█████████         ▏ 3.1 GB/6.0 GB  9.8 MB/s   4m54s[K[?25h[?2026l[?2026h[?25l[A[1Gpulling manifest [K
pulling a99b7f834d75:  52% ▕█████████         ▏ 3.1 GB/6.0 GB  9.8 MB/s   4m54s[K[?25h[?2026l[?2026h[?25l[A[1Gpulling manifest [K
pulling a99b7f834d75:  52% ▕█████████         ▏ 3.1 GB/6.0 GB   11 MB/s    4m8s[K[?25h[?2026l[?2026h[?25l[A[1Gpulling manifest [K
pulling a99b7f834d75:  52% ▕█████████         ▏ 3.1 GB/6.0 GB   11 MB/s    4m8s[K[?25h[?2026l[?2026h[?25l[A[1Gpulling manifest [K
pulling a99b7f834d75:  52% ▕█████████         ▏ 3.1 GB/6.0 GB   11 MB/s    4m8s[K[?25h[?2026l[?2026h[?25l[A[1Gpulling manifest [K
pulling a99b7f834d75:  52% ▕█████████         ▏ 3.1 GB/6.0 GB   11 MB/s    4m8s[K[?25h[?2026l[?2026h[?25l[A[1Gpulling manifest [K
pulling a99b7f834d75:  52% ▕█████████         ▏ 3.1 GB/6.0 GB   11 MB/s    4m8s[K[?25h[?2026l[?2026h[?25l[A[1Gpulling manifest [K
pulling a99b7f834d75:  52% ▕█████████         ▏ 3.1 GB/6.0 GB   11 MB/s    4m8s[K[?25h[?2026l[?2026h[?25l[A[1Gpulling manifest [K
pulling a99b7f834d75:  52% ▕█████████         ▏ 3.1 GB/6.0 GB   11 MB/s    4m7s[K[?25h[?2026l[?2026h[?25l[A[1Gpulling manifest [K
pulling a99b7f834d75:  52% ▕█████████         ▏ 3.1 GB/6.0 GB   11 MB/s    4m7s[K[?25h[?2026l[?2026h[?25l[A[1Gpulling manifest [K
pulling a99b7f834d75:  52% ▕█████████         ▏ 3.1 GB/6.0 GB   11 MB/s    4m7s[K[?25h[?2026l[?2026h[?25l[A[1Gpulling manifest [K
pulling a99b7f834d75:  52% ▕█████████         ▏ 3.1 GB/6.0 GB   11 MB/s    4m7s[K[?25h[?2026l[?2026h[?25l[A[1Gpulling manifest [K
pulling a99b7f834d75:  52% ▕█████████         ▏ 3.1 GB/6.0 GB   11 MB/s    4m7s[K[?25h[?2026l[?2026h[?25l[A[1Gpulling manifest [K
pulling a99b7f834d75:  52% ▕█████████         ▏ 3.1 GB/6.0 GB   13 MB/s   3m31s[K[?25h[?2026l[?2026h[?25l[A[1Gpulling manifest [K
pulling a99b7f834d75:  52% ▕█████████         ▏ 3.1 GB/6.0 GB   13 MB/s   3m30s[K[?25h[?2026l[?2026h[?25l[A[1Gpulling manifest [K
pulling a99b7f834d75:  52% ▕█████████         ▏ 3.1 GB/6.0 GB   13 MB/s   3m30s[K[?25h[?2026l[?2026h[?25l[A[1Gpulling manifest [K
pulling a99b7f834d75:  52% ▕█████████         ▏ 3.1 GB/6.0 GB   13 MB/s   3m30s[K[?25h[?2026l[?2026h[?25l[A[1Gpulling manifest [K
pulling a99b7f834d75:  52% ▕█████████         ▏ 3.1 GB/6.0 GB   13 MB/s   3m30s[K[?25h[?2026l[?2026h[?25l[A[1Gpulling manifest [K
pulling a99b7f834d75:  52% ▕█████████         ▏ 3.1 GB/6.0 GB   13 MB/s   3m30s[K[?25h[?2026l[?2026h[?25l[A[1Gpulling manifest [K
pulling a99b7f834d75:  52% ▕█████████         ▏ 3.1 GB/6.0 GB   13 MB/s   3m30s[K[?25h[?2026l[?2026h[?25l[A[1Gpulling manifest [K
pulling a99b7f834d75:  52% ▕█████████         ▏ 3.1 GB/6.0 GB   13 MB/s   3m30s[K[?25h[?2026l[?2026h[?25l[A[1Gpulling manifest [K
pulling a99b7f834d75:  52% ▕█████████         ▏ 3.1 GB/6.0 GB   13 MB/s   3m29s[K[?25h[?2026l[?2026h[?25l[A[1Gpulling manifest [K
pulling a99b7f834d75:  52% ▕█████████         ▏ 3.1 GB/6.0 GB   13 MB/s   3m29s[K[?25h[?2026l[?2026h[?25l[A[1Gpulling manifest [K
pulling a99b7f834d75:  52% ▕█████████         ▏ 3.1 GB/6.0 GB   15 MB/s    3m2s[K[?25h[?2026l[?2026h[?25l[A[1Gpulling manifest [K
pulling a99b7f834d75:  53% ▕█████████         ▏ 3.1 GB/6.0 GB   15 MB/s    3m2s[K[?25h[?2026l[?2026h[?25l[A[1Gpulling manifest [K
pulling a99b7f834d75:  53% ▕█████████         ▏ 3.1 GB/6.0 GB   15 MB/s    3m1s[K[?25h[?2026l[?2026h[?25l[A[1Gpulling manifest [K
pulling a99b7f834d75:  53% ▕█████████         ▏ 3.1 GB/6.0 GB   15 MB/s    3m1s[K[?25h[?2026l[?2026h[?25l[A[1Gpulling manifest [K
pulling a99b7f834d75:  53% ▕█████████         ▏ 3.1 GB/6.0 GB   15 MB/s    3m1s[K[?25h[?2026l[?2026h[?25l[A[1Gpulling manifest [K
pulling a99b7f834d75:  53% ▕█████████         ▏ 3.1 GB/6.0 GB   15 MB/s    3m1s[K[?25h[?2026l[?2026h[?25l[A[1Gpulling manifest [K
pulling a99b7f834d75:  53% ▕█████████         ▏ 3.1 GB/6.0 GB   15 MB/s    3m1s[K[?25h[?2026l[?2026h[?25l[A[1Gpulling manifest [K
pulling a99b7f834d75:  53% ▕█████████         ▏ 3.1 GB/6.0 GB   15 MB/s    3m1s[K[?25h[?2026l[?2026h[?25l[A[1Gpulling manifest [K
pulling a99b7f834d75:  53% ▕█████████         ▏ 3.1 GB/6.0 GB   15 MB/s    3m1s[K[?25h[?2026l[?2026h[?25l[A[1Gpulling manifest [K
pulling a99b7f834d75:  53% ▕█████████         ▏ 3.2 GB/6.0 GB   15 MB/s    3m0s[K[?25h[?2026l[?2026h[?25l[A[1Gpulling manifest [K
pulling a99b7f834d75:  53% ▕█████████         ▏ 3.2 GB/6.0 GB   17 MB/s   2m41s[K[?25h[?2026l[?2026h[?25l[A[1Gpulling manifest [K
pulling a99b7f834d75:  53% ▕█████████         ▏ 3.2 GB/6.0 GB   17 MB/s   2m41s[K[?25h[?2026l[?2026h[?25l[A[1Gpulling manifest [K
pulling a99b7f834d75:  53% ▕█████████         ▏ 3.2 GB/6.0 GB   17 MB/s   2m40s[K[?25h[?2026l[?2026h[?25l[A[1Gpulling manifest [K
pulling a99b7f834d75:  53% ▕█████████         ▏ 3.2 GB/6.0 GB   17 MB/s   2m40s[K[?25h[?2026l[?2026h[?25l[A[1Gpulling manifest [K
pulling a99b7f834d75:  53% ▕█████████         ▏ 3.2 GB/6.0 GB   17 MB/s   2m40s[K[?25h[?2026l[?2026h[?25l[A[1Gpulling manifest [K
pulling a99b7f834d75:  53% ▕█████████         ▏ 3.2 GB/6.0 GB   17 MB/s   2m40s[K[?25h[?2026l[?2026h[?25l[A[1Gpulling manifest [K
pulling a99b7f834d75:  53% ▕█████████         ▏ 3.2 GB/6.0 GB   17 MB/s   2m40s[K[?25h[?2026l[?2026h[?25l[A[1Gpulling manifest [K
pulling a99b7f834d75:  53% ▕█████████         ▏ 3.2 GB/6.0 GB   17 MB/s   2m40s[K[?25h[?2026l[?2026h[?25l[A[1Gpulling manifest [K
pulling a99b7f834d75:  53% ▕█████████         ▏ 3.2 GB/6.0 GB   17 MB/s   2m40s[K[?25h[?2026l[?2026h[?25l[A[1Gpulling manifest [K
pulling a99b7f834d75:  53% ▕█████████         ▏ 3.2 GB/6.0 GB   17 MB/s   2m40s[K[?25h[?2026l[?2026h[?25l[A[1Gpulling manifest [K
pulling a99b7f834d75:  53% ▕█████████         ▏ 3.2 GB/6.0 GB   19 MB/s   2m25s[K[?25h[?2026l[?2026h[?25l[A[1Gpulling manifest [K
pulling a99b7f834d75:  53% ▕█████████         ▏ 3.2 GB/6.0 GB   19 MB/s   2m24s[K[?25h[?2026l[?2026h[?25l[A[1Gpulling manifest [K
pulling a99b7f834d75:  53% ▕█████████         ▏ 3.2 GB/6.0 GB   19 MB/s   2m24s[K[?25h[?2026l[?2026h[?25l[A[1Gpulling manifest [K
pulling a99b7f834d75:  53% ▕█████████         ▏ 3.2 GB/6.0 GB   19 MB/s   2m24s[K[?25h[?2026l[?2026h[?25l[A[1Gpulling manifest [K
pulling a99b7f834d75:  53% ▕█████████         ▏ 3.2 GB/6.0 GB   19 MB/s   2m24s[K[?25h[?2026l[?2026h[?25l[A[1Gpulling manifest [K
pulling a99b7f834d75:  53% ▕█████████         ▏ 3.2 GB/6.0 GB   19 MB/s   2m24s[K[?25h[?2026l[?2026h[?25l[A[1Gpulling manifest [K
pulling a99b7f834d75:  53% ▕█████████         ▏ 3.2 GB/6.0 GB   19 MB/s   2m24s[K[?25h[?2026l[?2026h[?25l[A[1Gpulling manifest [K
pulling a99b7f834d75:  53% ▕█████████         ▏ 3.2 GB/6.0 GB   19 MB/s   2m24s[K[?25h[?2026l[?2026h[?25l[A[1Gpulling manifest [K
pulling a99b7f834d75:  53% ▕█████████         ▏ 3.2 GB/6.0 GB   19 MB/s   2m24s[K[?25h[?2026l[?2026h[?25l[A[1Gpulling manifest [K
pulling a99b7f834d75:  53% ▕█████████         ▏ 3.2 GB/6.0 GB   19 MB/s   2m24s[K[?25h[?2026l[?2026h[?25l[A[1Gpulling manifest [K
pulling a99b7f834d75:  53% ▕█████████         ▏ 3.2 GB/6.0 GB   20 MB/s   2m18s[K[?25h[?2026l[?2026h[?25l[A[1Gpulling manifest [K
pulling a99b7f834d75:  54% ▕█████████         ▏ 3.2 GB/6.0 GB   20 MB/s   2m18s[K[?25h[?2026l[?2026h[?25l[A[1Gpulling manifest [K
pulling a99b7f834d75:  54% ▕█████████         ▏ 3.2 GB/6.0 GB   20 MB/s   2m17s[K[?25h[?2026l[?2026h[?25l[A[1Gpulling manifest [K
pulling a99b7f834d75:  54% ▕█████████         ▏ 3.2 GB/6.0 GB   20 MB/s   2m17s[K[?25h[?2026l[?2026h[?25l[A[1Gpulling manifest [K
pulling a99b7f834d75:  54% ▕█████████         ▏ 3.2 GB/6.0 GB   20 MB/s   2m17s[K[?25h[?2026l[?2026h[?25l[A[1Gpulling manifest [K
pulling a99b7f834d75:  54% ▕█████████         ▏ 3.2 GB/6.0 GB   20 MB/s   2m17s[K[?25h[?2026l[?2026h[?25l[A[1Gpulling manifest [K
pulling a99b7f834d75:  54% ▕█████████         ▏ 3.2 GB/6.0 GB   20 MB/s   2m17s[K[?25h[?2026l[?2026h[?25l[A[1Gpulling manifest [K
pulling a99b7f834d75:  54% ▕█████████         ▏ 3.2 GB/6.0 GB   20 MB/s   2m17s[K[?25h[?2026l[?2026h[?25l[A[1Gpulling manifest [K
pulling a99b7f834d75:  54% ▕█████████         ▏ 3.2 GB/6.0 GB   20 MB/s   2m17s[K[?25h[?2026l[?2026h[?25l[A[1Gpulling manifest [K
pulling a99b7f834d75:  54% ▕█████████         ▏ 3.2 GB/6.0 GB   20 MB/s   2m17s[K[?25h[?2026l[?2026h[?25l[A[1Gpulling manifest [K
pulling a99b7f834d75:  54% ▕█████████         ▏ 3.2 GB/6.0 GB   20 MB/s   2m17s[K[?25h[?2026l[?2026h[?25l[A[1Gpulling manifest [K
pulling a99b7f834d75:  54% ▕█████████         ▏ 3.2 GB/6.0 GB   20 MB/s   2m15s[K[?25h[?2026l[?2026h[?25l[A[1Gpulling manifest [K
pulling a99b7f834d75:  54% ▕█████████         ▏ 3.2 GB/6.0 GB   20 MB/s   2m15s[K[?25h[?2026l[?2026h[?25l[A[1Gpulling manifest [K
pulling a99b7f834d75:  54% ▕█████████         ▏ 3.2 GB/6.0 GB   20 MB/s   2m15s[K[?25h[?2026l[?2026h[?25l[A[1Gpulling manifest [K
pulling a99b7f834d75:  54% ▕█████████         ▏ 3.2 GB/6.0 GB   20 MB/s   2m15s[K[?25h[?2026l[?2026h[?25l[A[1Gpulling manifest [K
pulling a99b7f834d75:  54% ▕█████████         ▏ 3.2 GB/6.0 GB   20 MB/s   2m15s[K[?25h[?2026l[?2026h[?25l[A[1Gpulling manifest [K
pulling a99b7f834d75:  54% ▕█████████         ▏ 3.2 GB/6.0 GB   20 MB/s   2m15s[K[?25h[?2026l[?2026h[?25l[A[1Gpulling manifest [K
pulling a99b7f834d75:  54% ▕█████████         ▏ 3.2 GB/6.0 GB   20 MB/s   2m15s[K[?25h[?2026l[?2026h[?25l[A[1Gpulling manifest [K
pulling a99b7f834d75:  54% ▕█████████         ▏ 3.2 GB/6.0 GB   20 MB/s   2m14s[K[?25h[?2026l[?2026h[?25l[A[1Gpulling manifest [K
pulling a99b7f834d75:  54% ▕█████████         ▏ 3.2 GB/6.0 GB   20 MB/s   2m14s[K[?25h[?2026l[?2026h[?25l[A[1Gpulling manifest [K
pulling a99b7f834d75:  54% ▕█████████         ▏ 3.2 GB/6.0 GB   20 MB/s   2m14s[K[?25h[?2026l[?2026h[?25l[A[1Gpulling manifest [K
pulling a99b7f834d75:  54% ▕█████████         ▏ 3.2 GB/6.0 GB   20 MB/s   2m14s[K[?25h[?2026l[?2026h[?25l[A[1Gpulling manifest [K
pulling a99b7f834d75:  54% ▕█████████         ▏ 3.2 GB/6.0 GB   20 MB/s   2m14s[K[?25h[?2026l[?2026h[?25l[A[1Gpulling manifest [K
pulling a99b7f834d75:  54% ▕█████████         ▏ 3.2 GB/6.0 GB   20 MB/s   2m14s[K[?25h[?2026l[?2026h[?25l[A[1Gpulling manifest [K
pulling a99b7f834d75:  54% ▕█████████         ▏ 3.2 GB/6.0 GB   20 MB/s   2m14s[K[?25h[?2026l[?2026h[?25l[A[1Gpulling manifest [K
pulling a99b7f834d75:  54% ▕█████████         ▏ 3.2 GB/6.0 GB   20 MB/s   2m14s[K[?25h[?2026l[?2026h[?25l[A[1Gpulling manifest [K
pulling a99b7f834d75:  54% ▕█████████         ▏ 3.2 GB/6.0 GB   20 MB/s   2m13s[K[?25h[?2026l[?2026h[?25l[A[1Gpulling manifest [K
pulling a99b7f834d75:  54% ▕█████████         ▏ 3.2 GB/6.0 GB   20 MB/s   2m13s[K[?25h[?2026l[?2026h[?25l[A[1Gpulling manifest [K
pulling a99b7f834d75:  54% ▕█████████         ▏ 3.2 GB/6.0 GB   20 MB/s   2m13s[K[?25h[?2026l[?2026h[?25l[A[1Gpulling manifest [K
pulling a99b7f834d75:  54% ▕█████████         ▏ 3.2 GB/6.0 GB   20 MB/s   2m13s[K[?25h[?2026l[?2026h[?25l[A[1Gpulling manifest [K
pulling a99b7f834d75:  54% ▕█████████         ▏ 3.3 GB/6.0 GB   20 MB/s   2m13s[K[?25h[?2026l[?2026h[?25l[A[1Gpulling manifest [K
pulling a99b7f834d75:  55% ▕█████████         ▏ 3.3 GB/6.0 GB   20 MB/s   2m13s[K[?25h[?2026l[?2026h[?25l[A[1Gpulling manifest [K
pulling a99b7f834d75:  55% ▕█████████         ▏ 3.3 GB/6.0 GB   20 MB/s   2m12s[K[?25h[?2026l[?2026h[?25l[A[1Gpulling manifest [K
pulling a99b7f834d75:  55% ▕█████████         ▏ 3.3 GB/6.0 GB   20 MB/s   2m12s[K[?25h[?2026l[?2026h[?25l[A[1Gpulling manifest [K
pulling a99b7f834d75:  55% ▕█████████         ▏ 3.3 GB/6.0 GB   20 MB/s   2m12s[K[?25h[?2026l[?2026h[?25l[A[1Gpulling manifest [K
pulling a99b7f834d75:  55% ▕█████████         ▏ 3.3 GB/6.0 GB   20 MB/s   2m12s[K[?25h[?2026l[?2026h[?25l[A[1Gpulling manifest [K
pulling a99b7f834d75:  55% ▕█████████         ▏ 3.3 GB/6.0 GB   20 MB/s   2m12s[K[?25h[?2026l[?2026h[?25l[A[1Gpulling manifest [K
pulling a99b7f834d75:  55% ▕█████████         ▏ 3.3 GB/6.0 GB   20 MB/s   2m12s[K[?25h[?2026l[?2026h[?25l[A[1Gpulling manifest [K
pulling a99b7f834d75:  55% ▕█████████         ▏ 3.3 GB/6.0 GB   20 MB/s   2m12s[K[?25h[?2026l[?2026h[?25l[A[1Gpulling manifest [K
pulling a99b7f834d75:  55% ▕█████████         ▏ 3.3 GB/6.0 GB   20 MB/s   2m12s[K[?25h[?2026l[?2026h[?25l[A[1Gpulling manifest [K
pulling a99b7f834d75:  55% ▕█████████         ▏ 3.3 GB/6.0 GB   20 MB/s   2m12s[K[?25h[?2026l[?2026h[?25l[A[1Gpulling manifest [K
pulling a99b7f834d75:  55% ▕█████████         ▏ 3.3 GB/6.0 GB   20 MB/s   2m11s[K[?25h[?2026l[?2026h[?25l[A[1Gpulling manifest [K
pulling a99b7f834d75:  55% ▕█████████         ▏ 3.3 GB/6.0 GB   20 MB/s   2m11s[K[?25h[?2026l[?2026h[?25l[A[1Gpulling manifest [K
pulling a99b7f834d75:  55% ▕█████████         ▏ 3.3 GB/6.0 GB   20 MB/s   2m11s[K[?25h[?2026l[?2026h[?25l[A[1Gpulling manifest [K
pulling a99b7f834d75:  55% ▕█████████         ▏ 3.3 GB/6.0 GB   20 MB/s   2m11s[K[?25h[?2026l[?2026h[?25l[A[1Gpulling manifest [K
pulling a99b7f834d75:  55% ▕█████████         ▏ 3.3 GB/6.0 GB   20 MB/s   2m11s[K[?25h[?2026l[?2026h[?25l[A[1Gpulling manifest [K
pulling a99b7f834d75:  55% ▕█████████         ▏ 3.3 GB/6.0 GB   20 MB/s   2m11s[K[?25h[?2026l[?2026h[?25l[A[1Gpulling manifest [K
pulling a99b7f834d75:  55% ▕█████████         ▏ 3.3 GB/6.0 GB   20 MB/s   2m11s[K[?25h[?2026l[?2026h[?25l[A[1Gpulling manifest [K
pulling a99b7f834d75:  55% ▕█████████         ▏ 3.3 GB/6.0 GB   20 MB/s   2m10s[K[?25h[?2026l[?2026h[?25l[A[1Gpulling manifest [K
pulling a99b7f834d75:  55% ▕█████████         ▏ 3.3 GB/6.0 GB   20 MB/s   2m10s[K[?25h[?2026l[?2026h[?25l[A[1Gpulling manifest [K
pulling a99b7f834d75:  55% ▕█████████         ▏ 3.3 GB/6.0 GB   20 MB/s   2m10s[K[?25h[?2026l[?2026h[?25l[A[1Gpulling manifest [K
pulling a99b7f834d75:  55% ▕█████████         ▏ 3.3 GB/6.0 GB   20 MB/s   2m11s[K[?25h[?2026l[?2026h[?25l[A[1Gpulling manifest [K
pulling a99b7f834d75:  55% ▕█████████         ▏ 3.3 GB/6.0 GB   20 MB/s   2m11s[K[?25h[?2026l[?2026h[?25l[A[1Gpulling manifest [K
pulling a99b7f834d75:  55% ▕█████████         ▏ 3.3 GB/6.0 GB   20 MB/s   2m11s[K[?25h[?2026l[?2026h[?25l[A[1Gpulling manifest [K
pulling a99b7f834d75:  55% ▕█████████         ▏ 3.3 GB/6.0 GB   20 MB/s   2m11s[K[?25h[?2026l[?2026h[?25l[A[1Gpulling manifest [K
pulling a99b7f834d75:  55% ▕█████████         ▏ 3.3 GB/6.0 GB   20 MB/s   2m11s[K[?25h[?2026l[?2026h[?25l[A[1Gpulling manifest [K
pulling a99b7f834d75:  55% ▕█████████         ▏ 3.3 GB/6.0 GB   20 MB/s   2m11s[K[?25h[?2026l[?2026h[?25l[A[1Gpulling manifest [K
pulling a99b7f834d75:  55% ▕█████████         ▏ 3.3 GB/6.0 GB   20 MB/s   2m10s[K[?25h[?2026l[?2026h[?25l[A[1Gpulling manifest [K
pulling a99b7f834d75:  55% ▕█████████         ▏ 3.3 GB/6.0 GB   20 MB/s   2m10s[K[?25h[?2026l[?2026h[?25l[A[1Gpulling manifest [K
pulling a99b7f834d75:  55% ▕█████████         ▏ 3.3 GB/6.0 GB   20 MB/s   2m10s[K[?25h[?2026l[?2026h[?25l[A[1Gpulling manifest [K
pulling a99b7f834d75:  55% ▕█████████         ▏ 3.3 GB/6.0 GB   20 MB/s   2m10s[K[?25h[?2026l[?2026h[?25l[A[1Gpulling manifest [K
pulling a99b7f834d75:  55% ▕█████████         ▏ 3.3 GB/6.0 GB   20 MB/s   2m10s[K[?25h[?2026l[?2026h[?25l[A[1Gpulling manifest [K
pulling a99b7f834d75:  56% ▕█████████         ▏ 3.3 GB/6.0 GB   20 MB/s   2m12s[K[?25h[?2026l[?2026h[?25l[A[1Gpulling manifest [K
pulling a99b7f834d75:  56% ▕█████████         ▏ 3.3 GB/6.0 GB   20 MB/s   2m12s[K[?25h[?2026l[?2026h[?25l[A[1Gpulling manifest [K
pulling a99b7f834d75:  56% ▕██████████        ▏ 3.3 GB/6.0 GB   20 MB/s   2m11s[K[?25h[?2026l[?2026h[?25l[A[1Gpulling manifest [K
pulling a99b7f834d75:  56% ▕██████████        ▏ 3.3 GB/6.0 GB   20 MB/s   2m11s[K[?25h[?2026l[?2026h[?25l[A[1Gpulling manifest [K
pulling a99b7f834d75:  56% ▕██████████        ▏ 3.3 GB/6.0 GB   20 MB/s   2m11s[K[?25h[?2026l[?2026h[?25l[A[1Gpulling manifest [K
pulling a99b7f834d75:  56% ▕██████████        ▏ 3.3 GB/6.0 GB   20 MB/s   2m11s[K[?25h[?2026l[?2026h[?25l[A[1Gpulling manifest [K
pulling a99b7f834d75:  56% ▕██████████        ▏ 3.3 GB/6.0 GB   20 MB/s   2m11s[K[?25h[?2026l[?2026h[?25l[A[1Gpulling manifest [K
pulling a99b7f834d75:  56% ▕██████████        ▏ 3.3 GB/6.0 GB   20 MB/s   2m11s[K[?25h[?2026l[?2026h[?25l[A[1Gpulling manifest [K
pulling a99b7f834d75:  56% ▕██████████        ▏ 3.3 GB/6.0 GB   20 MB/s   2m11s[K[?25h[?2026l[?2026h[?25l[A[1Gpulling manifest [K
pulling a99b7f834d75:  56% ▕██████████        ▏ 3.3 GB/6.0 GB   20 MB/s   2m11s[K[?25h[?2026l[?2026h[?25l[A[1Gpulling manifest [K
pulling a99b7f834d75:  56% ▕██████████        ▏ 3.3 GB/6.0 GB   19 MB/s   2m12s[K[?25h[?2026l[?2026h[?25l[A[1Gpulling manifest [K
pulling a99b7f834d75:  56% ▕██████████        ▏ 3.3 GB/6.0 GB   19 MB/s   2m12s[K[?25h[?2026l[?2026h[?25l[A[1Gpulling manifest [K
pulling a99b7f834d75:  56% ▕██████████        ▏ 3.3 GB/6.0 GB   19 MB/s   2m12s[K[?25h[?2026l[?2026h[?25l[A[1Gpulling manifest [K
pulling a99b7f834d75:  56% ▕██████████        ▏ 3.3 GB/6.0 GB   19 MB/s   2m12s[K[?25h[?2026l[?2026h[?25l[A[1Gpulling manifest [K
pulling a99b7f834d75:  56% ▕██████████        ▏ 3.3 GB/6.0 GB   19 MB/s   2m12s[K[?25h[?2026l[?2026h[?25l[A[1Gpulling manifest [K
pulling a99b7f834d75:  56% ▕██████████        ▏ 3.3 GB/6.0 GB   19 MB/s   2m12s[K[?25h[?2026l[?2026h[?25l[A[1Gpulling manifest [K
pulling a99b7f834d75:  56% ▕██████████        ▏ 3.3 GB/6.0 GB   19 MB/s   2m12s[K[?25h[?2026l[?2026h[?25l[A[1Gpulling manifest [K
pulling a99b7f834d75:  56% ▕██████████        ▏ 3.3 GB/6.0 GB   19 MB/s   2m12s[K[?25h[?2026l[?2026h[?25l[A[1Gpulling manifest [K
pulling a99b7f834d75:  56% ▕██████████        ▏ 3.3 GB/6.0 GB   19 MB/s   2m11s[K[?25h[?2026l[?2026h[?25l[A[1Gpulling manifest [K
pulling a99b7f834d75:  56% ▕██████████        ▏ 3.4 GB/6.0 GB   19 MB/s   2m11s[K[?25h[?2026l[?2026h[?25l[A[1Gpulling manifest [K
pulling a99b7f834d75:  56% ▕██████████        ▏ 3.4 GB/6.0 GB   19 MB/s   2m13s[K[?25h[?2026l[?2026h[?25l[A[1Gpulling manifest [K
pulling a99b7f834d75:  56% ▕██████████        ▏ 3.4 GB/6.0 GB   19 MB/s   2m12s[K[?25h[?2026l[?2026h[?25l[A[1Gpulling manifest [K
pulling a99b7f834d75:  56% ▕██████████        ▏ 3.4 GB/6.0 GB   19 MB/s   2m12s[K[?25h[?2026l[?2026h[?25l[A[1Gpulling manifest [K
pulling a99b7f834d75:  56% ▕██████████        ▏ 3.4 GB/6.0 GB   19 MB/s   2m12s[K[?25h[?2026l[?2026h[?25l[A[1Gpulling manifest [K
pulling a99b7f834d75:  56% ▕██████████        ▏ 3.4 GB/6.0 GB   19 MB/s   2m12s[K[?25h[?2026l[?2026h[?25l[A[1Gpulling manifest [K
pulling a99b7f834d75:  56% ▕██████████        ▏ 3.4 GB/6.0 GB   19 MB/s   2m12s[K[?25h[?2026l[?2026h[?25l[A[1Gpulling manifest [K
pulling a99b7f834d75:  56% ▕██████████        ▏ 3.4 GB/6.0 GB   19 MB/s   2m12s[K[?25h[?2026l[?2026h[?25l[A[1Gpulling manifest [K
pulling a99b7f834d75:  56% ▕██████████        ▏ 3.4 GB/6.0 GB   19 MB/s   2m12s[K[?25h[?2026l[?2026h[?25l[A[1Gpulling manifest [K
pulling a99b7f834d75:  56% ▕██████████        ▏ 3.4 GB/6.0 GB   19 MB/s   2m12s[K[?25h[?2026l[?2026h[?25l[A[1Gpulling manifest [K
pulling a99b7f834d75:  56% ▕██████████        ▏ 3.4 GB/6.0 GB   19 MB/s   2m12s[K[?25h[?2026l[?2026h[?25l[A[1Gpulling manifest [K
pulling a99b7f834d75:  56% ▕██████████        ▏ 3.4 GB/6.0 GB   19 MB/s   2m11s[K[?25h[?2026l[?2026h[?25l[A[1Gpulling manifest [K
pulling a99b7f834d75:  57% ▕██████████        ▏ 3.4 GB/6.0 GB   19 MB/s   2m11s[K[?25h[?2026l[?2026h[?25l[A[1Gpulling manifest [K
pulling a99b7f834d75:  57% ▕██████████        ▏ 3.4 GB/6.0 GB   19 MB/s   2m11s[K[?25h[?2026l[?2026h[?25l[A[1Gpulling manifest [K
pulling a99b7f834d75:  57% ▕██████████        ▏ 3.4 GB/6.0 GB   19 MB/s   2m11s[K[?25h[?2026l[?2026h[?25l[A[1Gpulling manifest [K
pulling a99b7f834d75:  57% ▕██████████        ▏ 3.4 GB/6.0 GB   19 MB/s   2m11s[K[?25h[?2026l[?2026h[?25l[A[1Gpulling manifest [K
pulling a99b7f834d75:  57% ▕██████████        ▏ 3.4 GB/6.0 GB   19 MB/s   2m11s[K[?25h[?2026l[?2026h[?25l[A[1Gpulling manifest [K
pulling a99b7f834d75:  57% ▕██████████        ▏ 3.4 GB/6.0 GB   19 MB/s   2m11s[K[?25h[?2026l[?2026h[?25l[A[1Gpulling manifest [K
pulling a99b7f834d75:  57% ▕██████████        ▏ 3.4 GB/6.0 GB   19 MB/s   2m11s[K[?25h[?2026l[?2026h[?25l[A[1Gpulling manifest [K
pulling a99b7f834d75:  57% ▕██████████        ▏ 3.4 GB/6.0 GB   19 MB/s   2m11s[K[?25h[?2026l[?2026h[?25l[A[1Gpulling manifest [K
pulling a99b7f834d75:  57% ▕██████████        ▏ 3.4 GB/6.0 GB   19 MB/s   2m10s[K[?25h[?2026l[?2026h[?25l[A[1Gpulling manifest [K
pulling a99b7f834d75:  57% ▕██████████        ▏ 3.4 GB/6.0 GB   19 MB/s   2m12s[K[?25h[?2026l[?2026h[?25l[A[1Gpulling manifest [K
pulling a99b7f834d75:  57% ▕██████████        ▏ 3.4 GB/6.0 GB   19 MB/s   2m11s[K[?25h[?2026l[?2026h[?25l[A[1Gpulling manifest [K
pulling a99b7f834d75:  57% ▕██████████        ▏ 3.4 GB/6.0 GB   19 MB/s   2m11s[K[?25h[?2026l[?2026h[?25l[A[1Gpulling manifest [K
pulling a99b7f834d75:  57% ▕██████████        ▏ 3.4 GB/6.0 GB   19 MB/s   2m11s[K[?25h[?2026l[?2026h[?25l[A[1Gpulling manifest [K
pulling a99b7f834d75:  57% ▕██████████        ▏ 3.4 GB/6.0 GB   19 MB/s   2m11s[K[?25h[?2026l[?2026h[?25l[A[1Gpulling manifest [K
pulling a99b7f834d75:  57% ▕██████████        ▏ 3.4 GB/6.0 GB   19 MB/s   2m11s[K[?25h[?2026l[?2026h[?25l[A[1Gpulling manifest [K
pulling a99b7f834d75:  57% ▕██████████        ▏ 3.4 GB/6.0 GB   19 MB/s   2m11s[K[?25h[?2026l[?2026h[?25l[A[1Gpulling manifest [K
pulling a99b7f834d75:  57% ▕██████████        ▏ 3.4 GB/6.0 GB   19 MB/s   2m11s[K[?25h[?2026l[?2026h[?25l[A[1Gpulling manifest [K
pulling a99b7f834d75:  57% ▕██████████        ▏ 3.4 GB/6.0 GB   19 MB/s   2m11s[K[?25h[?2026l[?2026h[?25l[A[1Gpulling manifest [K
pulling a99b7f834d75:  57% ▕██████████        ▏ 3.4 GB/6.0 GB   19 MB/s   2m11s[K[?25h[?2026l[?2026h[?25l[A[1Gpulling manifest [K
pulling a99b7f834d75:  57% ▕██████████        ▏ 3.4 GB/6.0 GB   19 MB/s   2m11s[K[?25h[?2026l[?2026h[?25l[A[1Gpulling manifest [K
pulling a99b7f834d75:  57% ▕██████████        ▏ 3.4 GB/6.0 GB   19 MB/s   2m10s[K[?25h[?2026l[?2026h[?25l[A[1Gpulling manifest [K
pulling a99b7f834d75:  57% ▕██████████        ▏ 3.4 GB/6.0 GB   19 MB/s   2m10s[K[?25h[?2026l[?2026h[?25l[A[1Gpulling manifest [K
pulling a99b7f834d75:  57% ▕██████████        ▏ 3.4 GB/6.0 GB   19 MB/s   2m10s[K[?25h[?2026l[?2026h[?25l[A[1Gpulling manifest [K
pulling a99b7f834d75:  57% ▕██████████        ▏ 3.4 GB/6.0 GB   19 MB/s    2m9s[K[?25h[?2026l[?2026h[?25l[A[1Gpulling manifest [K
pulling a99b7f834d75:  57% ▕██████████        ▏ 3.4 GB/6.0 GB   19 MB/s    2m9s[K[?25h[?2026l[?2026h[?25l[A[1Gpulling manifest [K
pulling a99b7f834d75:  57% ▕██████████        ▏ 3.4 GB/6.0 GB   19 MB/s    2m9s[K[?25h[?2026l[?2026h[?25l[A[1Gpulling manifest [K
pulling a99b7f834d75:  57% ▕██████████        ▏ 3.4 GB/6.0 GB   19 MB/s    2m9s[K[?25h[?2026l[?2026h[?25l[A[1Gpulling manifest [K
pulling a99b7f834d75:  57% ▕██████████        ▏ 3.4 GB/6.0 GB   19 MB/s    2m9s[K[?25h[?2026l[?2026h[?25l[A[1Gpulling manifest [K
pulling a99b7f834d75:  57% ▕██████████        ▏ 3.4 GB/6.0 GB   19 MB/s    2m9s[K[?25h[?2026l[?2026h[?25l[A[1Gpulling manifest [K
pulling a99b7f834d75:  57% ▕██████████        ▏ 3.4 GB/6.0 GB   19 MB/s    2m9s[K[?25h[?2026l[?2026h[?25l[A[1Gpulling manifest [K
pulling a99b7f834d75:  57% ▕██████████        ▏ 3.4 GB/6.0 GB   19 MB/s    2m9s[K[?25h[?2026l[?2026h[?25l[A[1Gpulling manifest [K
pulling a99b7f834d75:  57% ▕██████████        ▏ 3.4 GB/6.0 GB   19 MB/s    2m9s[K[?25h[?2026l[?2026h[?25l[A[1Gpulling manifest [K
pulling a99b7f834d75:  58% ▕██████████        ▏ 3.4 GB/6.0 GB   19 MB/s    2m9s[K[?25h[?2026l[?2026h[?25l[A[1Gpulling manifest [K
pulling a99b7f834d75:  58% ▕██████████        ▏ 3.4 GB/6.0 GB   19 MB/s    2m9s[K[?25h[?2026l[?2026h[?25l[A[1Gpulling manifest [K
pulling a99b7f834d75:  58% ▕██████████        ▏ 3.4 GB/6.0 GB   19 MB/s    2m9s[K[?25h[?2026l[?2026h[?25l[A[1Gpulling manifest [K
pulling a99b7f834d75:  58% ▕██████████        ▏ 3.4 GB/6.0 GB   19 MB/s    2m8s[K[?25h[?2026l[?2026h[?25l[A[1Gpulling manifest [K
pulling a99b7f834d75:  58% ▕██████████        ▏ 3.4 GB/6.0 GB   19 MB/s    2m8s[K[?25h[?2026l[?2026h[?25l[A[1Gpulling manifest [K
pulling a99b7f834d75:  58% ▕██████████        ▏ 3.4 GB/6.0 GB   19 MB/s    2m8s[K[?25h[?2026l[?2026h[?25l[A[1Gpulling manifest [K
pulling a99b7f834d75:  58% ▕██████████        ▏ 3.4 GB/6.0 GB   19 MB/s    2m8s[K[?25h[?2026l[?2026h[?25l[A[1Gpulling manifest [K
pulling a99b7f834d75:  58% ▕██████████        ▏ 3.4 GB/6.0 GB   19 MB/s    2m8s[K[?25h[?2026l[?2026h[?25l[A[1Gpulling manifest [K
pulling a99b7f834d75:  58% ▕██████████        ▏ 3.5 GB/6.0 GB   19 MB/s    2m8s[K[?25h[?2026l[?2026h[?25l[A[1Gpulling manifest [K
pulling a99b7f834d75:  58% ▕██████████        ▏ 3.5 GB/6.0 GB   19 MB/s    2m8s[K[?25h[?2026l[?2026h[?25l[A[1Gpulling manifest [K
pulling a99b7f834d75:  58% ▕██████████        ▏ 3.5 GB/6.0 GB   19 MB/s    2m8s[K[?25h[?2026l[?2026h[?25l[A[1Gpulling manifest [K
pulling a99b7f834d75:  58% ▕██████████        ▏ 3.5 GB/6.0 GB   19 MB/s    2m8s[K[?25h[?2026l[?2026h[?25l[A[1Gpulling manifest [K
pulling a99b7f834d75:  58% ▕██████████        ▏ 3.5 GB/6.0 GB   19 MB/s    2m8s[K[?25h[?2026l[?2026h[?25l[A[1Gpulling manifest [K
pulling a99b7f834d75:  58% ▕██████████        ▏ 3.5 GB/6.0 GB   19 MB/s    2m8s[K[?25h[?2026l[?2026h[?25l[A[1Gpulling manifest [K
pulling a99b7f834d75:  58% ▕██████████        ▏ 3.5 GB/6.0 GB   19 MB/s    2m8s[K[?25h[?2026l[?2026h[?25l[A[1Gpulling manifest [K
pulling a99b7f834d75:  58% ▕██████████        ▏ 3.5 GB/6.0 GB   19 MB/s    2m7s[K[?25h[?2026l[?2026h[?25l[A[1Gpulling manifest [K
pulling a99b7f834d75:  58% ▕██████████        ▏ 3.5 GB/6.0 GB   19 MB/s    2m7s[K[?25h[?2026l[?2026h[?25l[A[1Gpulling manifest [K
pulling a99b7f834d75:  58% ▕██████████        ▏ 3.5 GB/6.0 GB   19 MB/s    2m7s[K[?25h[?2026l[?2026h[?25l[A[1Gpulling manifest [K
pulling a99b7f834d75:  58% ▕██████████        ▏ 3.5 GB/6.0 GB   19 MB/s    2m7s[K[?25h[?2026l[?2026h[?25l[A[1Gpulling manifest [K
pulling a99b7f834d75:  58% ▕██████████        ▏ 3.5 GB/6.0 GB   19 MB/s    2m7s[K[?25h[?2026l[?2026h[?25l[A[1Gpulling manifest [K
pulling a99b7f834d75:  58% ▕██████████        ▏ 3.5 GB/6.0 GB   19 MB/s    2m7s[K[?25h[?2026l[?2026h[?25l[A[1Gpulling manifest [K
pulling a99b7f834d75:  58% ▕██████████        ▏ 3.5 GB/6.0 GB   19 MB/s    2m7s[K[?25h[?2026l[?2026h[?25l[A[1Gpulling manifest [K
pulling a99b7f834d75:  58% ▕██████████        ▏ 3.5 GB/6.0 GB   19 MB/s    2m7s[K[?25h[?2026l[?2026h[?25l[A[1Gpulling manifest [K
pulling a99b7f834d75:  58% ▕██████████        ▏ 3.5 GB/6.0 GB   19 MB/s    2m7s[K[?25h[?2026l[?2026h[?25l[A[1Gpulling manifest [K
pulling a99b7f834d75:  58% ▕██████████        ▏ 3.5 GB/6.0 GB   19 MB/s    2m7s[K[?25h[?2026l[?2026h[?25l[A[1Gpulling manifest [K
pulling a99b7f834d75:  58% ▕██████████        ▏ 3.5 GB/6.0 GB   19 MB/s    2m6s[K[?25h[?2026l[?2026h[?25l[A[1Gpulling manifest [K
pulling a99b7f834d75:  58% ▕██████████        ▏ 3.5 GB/6.0 GB   19 MB/s    2m6s[K[?25h[?2026l[?2026h[?25l[A[1Gpulling manifest [K
pulling a99b7f834d75:  58% ▕██████████        ▏ 3.5 GB/6.0 GB   19 MB/s    2m6s[K[?25h[?2026l[?2026h[?25l[A[1Gpulling manifest [K
pulling a99b7f834d75:  58% ▕██████████        ▏ 3.5 GB/6.0 GB   19 MB/s    2m4s[K[?25h[?2026l[?2026h[?25l[A[1Gpulling manifest [K
pulling a99b7f834d75:  59% ▕██████████        ▏ 3.5 GB/6.0 GB   19 MB/s    2m4s[K[?25h[?2026l[?2026h[?25l[A[1Gpulling manifest [K
pulling a99b7f834d75:  59% ▕██████████        ▏ 3.5 GB/6.0 GB   19 MB/s    2m4s[K[?25h[?2026l[?2026h[?25l[A[1Gpulling manifest [K
pulling a99b7f834d75:  59% ▕██████████        ▏ 3.5 GB/6.0 GB   19 MB/s    2m4s[K[?25h[?2026l[?2026h[?25l[A[1Gpulling manifest [K
pulling a99b7f834d75:  59% ▕██████████        ▏ 3.5 GB/6.0 GB   19 MB/s    2m4s[K[?25h[?2026l[?2026h[?25l[A[1Gpulling manifest [K
pulling a99b7f834d75:  59% ▕██████████        ▏ 3.5 GB/6.0 GB   19 MB/s    2m4s[K[?25h[?2026l[?2026h[?25l[A[1Gpulling manifest [K
pulling a99b7f834d75:  59% ▕██████████        ▏ 3.5 GB/6.0 GB   19 MB/s    2m3s[K[?25h[?2026l[?2026h[?25l[A[1Gpulling manifest [K
pulling a99b7f834d75:  59% ▕██████████        ▏ 3.5 GB/6.0 GB   19 MB/s    2m3s[K[?25h[?2026l[?2026h[?25l[A[1Gpulling manifest [K
pulling a99b7f834d75:  59% ▕██████████        ▏ 3.5 GB/6.0 GB   19 MB/s    2m3s[K[?25h[?2026l[?2026h[?25l[A[1Gpulling manifest [K
pulling a99b7f834d75:  59% ▕██████████        ▏ 3.5 GB/6.0 GB   19 MB/s    2m3s[K[?25h[?2026l[?2026h[?25l[A[1Gpulling manifest [K
pulling a99b7f834d75:  59% ▕██████████        ▏ 3.5 GB/6.0 GB   19 MB/s    2m3s[K[?25h[?2026l[?2026h[?25l[A[1Gpulling manifest [K
pulling a99b7f834d75:  59% ▕██████████        ▏ 3.5 GB/6.0 GB   20 MB/s    2m2s[K[?25h[?2026l[?2026h[?25l[A[1Gpulling manifest [K
pulling a99b7f834d75:  59% ▕██████████        ▏ 3.5 GB/6.0 GB   20 MB/s    2m2s[K[?25h[?2026l[?2026h[?25l[A[1Gpulling manifest [K
pulling a99b7f834d75:  59% ▕██████████        ▏ 3.5 GB/6.0 GB   20 MB/s    2m2s[K[?25h[?2026l[?2026h[?25l[A[1Gpulling manifest [K
pulling a99b7f834d75:  59% ▕██████████        ▏ 3.5 GB/6.0 GB   20 MB/s    2m1s[K[?25h[?2026l[?2026h[?25l[A[1Gpulling manifest [K
pulling a99b7f834d75:  59% ▕██████████        ▏ 3.5 GB/6.0 GB   20 MB/s    2m1s[K[?25h[?2026l[?2026h[?25l[A[1Gpulling manifest [K
pulling a99b7f834d75:  59% ▕██████████        ▏ 3.5 GB/6.0 GB   20 MB/s    2m1s[K[?25h[?2026l[?2026h[?25l[A[1Gpulling manifest [K
pulling a99b7f834d75:  59% ▕██████████        ▏ 3.5 GB/6.0 GB   20 MB/s    2m1s[K[?25h[?2026l[?2026h[?25l[A[1Gpulling manifest [K
pulling a99b7f834d75:  59% ▕██████████        ▏ 3.5 GB/6.0 GB   20 MB/s    2m1s[K[?25h[?2026l[?2026h[?25l[A[1Gpulling manifest [K
pulling a99b7f834d75:  59% ▕██████████        ▏ 3.5 GB/6.0 GB   20 MB/s    2m1s[K[?25h[?2026l[?2026h[?25l[A[1Gpulling manifest [K
pulling a99b7f834d75:  59% ▕██████████        ▏ 3.5 GB/6.0 GB   20 MB/s    2m1s[K[?25h[?2026l[?2026h[?25l[A[1Gpulling manifest [K
pulling a99b7f834d75:  59% ▕██████████        ▏ 3.5 GB/6.0 GB   20 MB/s   1m59s[K[?25h[?2026l[?2026h[?25l[A[1Gpulling manifest [K
pulling a99b7f834d75:  59% ▕██████████        ▏ 3.5 GB/6.0 GB   20 MB/s   1m59s[K[?25h[?2026l[?2026h[?25l[A[1Gpulling manifest [K
pulling a99b7f834d75:  59% ▕██████████        ▏ 3.5 GB/6.0 GB   20 MB/s   1m59s[K[?25h[?2026l[?2026h[?25l[A[1Gpulling manifest [K
pulling a99b7f834d75:  59% ▕██████████        ▏ 3.5 GB/6.0 GB   20 MB/s   1m59s[K[?25h[?2026l[?2026h[?25l[A[1Gpulling manifest [K
pulling a99b7f834d75:  59% ▕██████████        ▏ 3.5 GB/6.0 GB   20 MB/s   1m59s[K[?25h[?2026l[?2026h[?25l[A[1Gpulling manifest [K
pulling a99b7f834d75:  59% ▕██████████        ▏ 3.5 GB/6.0 GB   20 MB/s   1m59s[K[?25h[?2026l[?2026h[?25l[A[1Gpulling manifest [K
pulling a99b7f834d75:  59% ▕██████████        ▏ 3.5 GB/6.0 GB   20 MB/s   1m59s[K[?25h[?2026l[?2026h[?25l[A[1Gpulling manifest [K
pulling a99b7f834d75:  59% ▕██████████        ▏ 3.5 GB/6.0 GB   20 MB/s   1m59s[K[?25h[?2026l[?2026h[?25l[A[1Gpulling manifest [K
pulling a99b7f834d75:  59% ▕██████████        ▏ 3.6 GB/6.0 GB   20 MB/s   1m59s[K[?25h[?2026l[?2026h[?25l[A[1Gpulling manifest [K
pulling a99b7f834d75:  60% ▕██████████        ▏ 3.6 GB/6.0 GB   20 MB/s   1m59s[K[?25h[?2026l[?2026h[?25l[A[1Gpulling manifest [K
pulling a99b7f834d75:  60% ▕██████████        ▏ 3.6 GB/6.0 GB   20 MB/s   1m57s[K[?25h[?2026l[?2026h[?25l[A[1Gpulling manifest [K
pulling a99b7f834d75:  60% ▕██████████        ▏ 3.6 GB/6.0 GB   20 MB/s   1m57s[K[?25h[?2026l[?2026h[?25l[A[1Gpulling manifest [K
pulling a99b7f834d75:  60% ▕██████████        ▏ 3.6 GB/6.0 GB   20 MB/s   1m57s[K[?25h[?2026l[?2026h[?25l[A[1Gpulling manifest [K
pulling a99b7f834d75:  60% ▕██████████        ▏ 3.6 GB/6.0 GB   20 MB/s   1m57s[K[?25h[?2026l[?2026h[?25l[A[1Gpulling manifest [K
pulling a99b7f834d75:  60% ▕██████████        ▏ 3.6 GB/6.0 GB   20 MB/s   1m57s[K[?25h[?2026l[?2026h[?25l[A[1Gpulling manifest [K
pulling a99b7f834d75:  60% ▕██████████        ▏ 3.6 GB/6.0 GB   20 MB/s   1m57s[K[?25h[?2026l[?2026h[?25l[A[1Gpulling manifest [K
pulling a99b7f834d75:  60% ▕██████████        ▏ 3.6 GB/6.0 GB   20 MB/s   1m57s[K[?25h[?2026l[?2026h[?25l[A[1Gpulling manifest [K
pulling a99b7f834d75:  60% ▕██████████        ▏ 3.6 GB/6.0 GB   20 MB/s   1m57s[K[?25h[?2026l[?2026h[?25l[A[1Gpulling manifest [K
pulling a99b7f834d75:  60% ▕██████████        ▏ 3.6 GB/6.0 GB   20 MB/s   1m56s[K[?25h[?2026l[?2026h[?25l[A[1Gpulling manifest [K
pulling a99b7f834d75:  60% ▕██████████        ▏ 3.6 GB/6.0 GB   20 MB/s   1m56s[K[?25h[?2026l[?2026h[?25l[A[1Gpulling manifest [K
pulling a99b7f834d75:  60% ▕██████████        ▏ 3.6 GB/6.0 GB   20 MB/s   1m55s[K[?25h[?2026l[?2026h[?25l[A[1Gpulling manifest [K
pulling a99b7f834d75:  60% ▕██████████        ▏ 3.6 GB/6.0 GB   20 MB/s   1m54s[K[?25h[?2026l[?2026h[?25l[A[1Gpulling manifest [K
pulling a99b7f834d75:  60% ▕██████████        ▏ 3.6 GB/6.0 GB   20 MB/s   1m54s[K[?25h[?2026l[?2026h[?25l[A[1Gpulling manifest [K
pulling a99b7f834d75:  60% ▕██████████        ▏ 3.6 GB/6.0 GB   20 MB/s   1m54s[K[?25h[?2026l[?2026h[?25l[A[1Gpulling manifest [K
pulling a99b7f834d75:  60% ▕██████████        ▏ 3.6 GB/6.0 GB   20 MB/s   1m54s[K[?25h[?2026l[?2026h[?25l[A[1Gpulling manifest [K
pulling a99b7f834d75:  60% ▕██████████        ▏ 3.6 GB/6.0 GB   20 MB/s   1m54s[K[?25h[?2026l[?2026h[?25l[A[1Gpulling manifest [K
pulling a99b7f834d75:  60% ▕██████████        ▏ 3.6 GB/6.0 GB   20 MB/s   1m54s[K[?25h[?2026l[?2026h[?25l[A[1Gpulling manifest [K
pulling a99b7f834d75:  60% ▕██████████        ▏ 3.6 GB/6.0 GB   20 MB/s   1m54s[K[?25h[?2026l[?2026h[?25l[A[1Gpulling manifest [K
pulling a99b7f834d75:  60% ▕██████████        ▏ 3.6 GB/6.0 GB   20 MB/s   1m54s[K[?25h[?2026l[?2026h[?25l[A[1Gpulling manifest [K
pulling a99b7f834d75:  60% ▕██████████        ▏ 3.6 GB/6.0 GB   20 MB/s   1m54s[K[?25h[?2026l[?2026h[?25l[A[1Gpulling manifest [K
pulling a99b7f834d75:  60% ▕██████████        ▏ 3.6 GB/6.0 GB   20 MB/s   1m54s[K[?25h[?2026l[?2026h[?25l[A[1Gpulling manifest [K
pulling a99b7f834d75:  60% ▕██████████        ▏ 3.6 GB/6.0 GB   20 MB/s   1m54s[K[?25h[?2026l[?2026h[?25l[A[1Gpulling manifest [K
pulling a99b7f834d75:  60% ▕██████████        ▏ 3.6 GB/6.0 GB   20 MB/s   1m53s[K[?25h[?2026l[?2026h[?25l[A[1Gpulling manifest [K
pulling a99b7f834d75:  60% ▕██████████        ▏ 3.6 GB/6.0 GB   20 MB/s   1m53s[K[?25h[?2026l[?2026h[?25l[A[1Gpulling manifest [K
pulling a99b7f834d75:  60% ▕██████████        ▏ 3.6 GB/6.0 GB   20 MB/s   1m53s[K[?25h[?2026l[?2026h[?25l[A[1Gpulling manifest [K
pulling a99b7f834d75:  60% ▕██████████        ▏ 3.6 GB/6.0 GB   20 MB/s   1m53s[K[?25h[?2026l[?2026h[?25l[A[1Gpulling manifest [K
pulling a99b7f834d75:  60% ▕██████████        ▏ 3.6 GB/6.0 GB   20 MB/s   1m53s[K[?25h[?2026l[?2026h[?25l[A[1Gpulling manifest [K
pulling a99b7f834d75:  60% ▕██████████        ▏ 3.6 GB/6.0 GB   20 MB/s   1m53s[K[?25h[?2026l[?2026h[?25l[A[1Gpulling manifest [K
pulling a99b7f834d75:  60% ▕██████████        ▏ 3.6 GB/6.0 GB   20 MB/s   1m53s[K[?25h[?2026l[?2026h[?25l[A[1Gpulling manifest [K
pulling a99b7f834d75:  60% ▕██████████        ▏ 3.6 GB/6.0 GB   20 MB/s   1m53s[K[?25h[?2026l[?2026h[?25l[A[1Gpulling manifest [K
pulling a99b7f834d75:  61% ▕██████████        ▏ 3.6 GB/6.0 GB   20 MB/s   1m53s[K[?25h[?2026l[?2026h[?25l[A[1Gpulling manifest [K
pulling a99b7f834d75:  61% ▕██████████        ▏ 3.6 GB/6.0 GB   20 MB/s   1m55s[K[?25h[?2026l[?2026h[?25l[A[1Gpulling manifest [K
pulling a99b7f834d75:  61% ▕██████████        ▏ 3.6 GB/6.0 GB   20 MB/s   1m55s[K[?25h[?2026l[?2026h[?25l[A[1Gpulling manifest [K
pulling a99b7f834d75:  61% ▕██████████        ▏ 3.6 GB/6.0 GB   20 MB/s   1m55s[K[?25h[?2026l[?2026h[?25l[A[1Gpulling manifest [K
pulling a99b7f834d75:  61% ▕██████████        ▏ 3.6 GB/6.0 GB   20 MB/s   1m55s[K[?25h[?2026l[?2026h[?25l[A[1Gpulling manifest [K
pulling a99b7f834d75:  61% ▕██████████        ▏ 3.6 GB/6.0 GB   20 MB/s   1m55s[K[?25h[?2026l[?2026h[?25l[A[1Gpulling manifest [K
pulling a99b7f834d75:  61% ▕██████████        ▏ 3.6 GB/6.0 GB   20 MB/s   1m55s[K[?25h[?2026l[?2026h[?25l[A[1Gpulling manifest [K
pulling a99b7f834d75:  61% ▕██████████        ▏ 3.6 GB/6.0 GB   20 MB/s   1m55s[K[?25h[?2026l[?2026h[?25l[A[1Gpulling manifest [K
pulling a99b7f834d75:  61% ▕██████████        ▏ 3.6 GB/6.0 GB   20 MB/s   1m54s[K[?25h[?2026l[?2026h[?25l[A[1Gpulling manifest [K
pulling a99b7f834d75:  61% ▕██████████        ▏ 3.6 GB/6.0 GB   20 MB/s   1m54s[K[?25h[?2026l[?2026h[?25l[A[1Gpulling manifest [K
pulling a99b7f834d75:  61% ▕██████████        ▏ 3.6 GB/6.0 GB   20 MB/s   1m54s[K[?25h[?2026l[?2026h[?25l[A[1Gpulling manifest [K
pulling a99b7f834d75:  61% ▕██████████        ▏ 3.6 GB/6.0 GB   20 MB/s   1m55s[K[?25h[?2026l[?2026h[?25l[A[1Gpulling manifest [K
pulling a99b7f834d75:  61% ▕██████████        ▏ 3.6 GB/6.0 GB   20 MB/s   1m55s[K[?25h[?2026l[?2026h[?25l[A[1Gpulling manifest [K
pulling a99b7f834d75:  61% ▕██████████        ▏ 3.6 GB/6.0 GB   20 MB/s   1m55s[K[?25h[?2026l[?2026h[?25l[A[1Gpulling manifest [K
pulling a99b7f834d75:  61% ▕██████████        ▏ 3.6 GB/6.0 GB   20 MB/s   1m54s[K[?25h[?2026l[?2026h[?25l[A[1Gpulling manifest [K
pulling a99b7f834d75:  61% ▕██████████        ▏ 3.6 GB/6.0 GB   20 MB/s   1m54s[K[?25h[?2026l[?2026h[?25l[A[1Gpulling manifest [K
pulling a99b7f834d75:  61% ▕██████████        ▏ 3.6 GB/6.0 GB   20 MB/s   1m54s[K[?25h[?2026l[?2026h[?25l[A[1Gpulling manifest [K
pulling a99b7f834d75:  61% ▕██████████        ▏ 3.6 GB/6.0 GB   20 MB/s   1m54s[K[?25h[?2026l[?2026h[?25l[A[1Gpulling manifest [K
pulling a99b7f834d75:  61% ▕██████████        ▏ 3.6 GB/6.0 GB   20 MB/s   1m54s[K[?25h[?2026l[?2026h[?25l[A[1Gpulling manifest [K
pulling a99b7f834d75:  61% ▕██████████        ▏ 3.6 GB/6.0 GB   20 MB/s   1m54s[K[?25h[?2026l[?2026h[?25l[A[1Gpulling manifest [K
pulling a99b7f834d75:  61% ▕██████████        ▏ 3.6 GB/6.0 GB   20 MB/s   1m54s[K[?25h[?2026l[?2026h[?25l[A[1Gpulling manifest [K
pulling a99b7f834d75:  61% ▕██████████        ▏ 3.6 GB/6.0 GB   19 MB/s   1m57s[K[?25h[?2026l[?2026h[?25l[A[1Gpulling manifest [K
pulling a99b7f834d75:  61% ▕███████████       ▏ 3.6 GB/6.0 GB   19 MB/s   1m57s[K[?25h[?2026l[?2026h[?25l[A[1Gpulling manifest [K
pulling a99b7f834d75:  61% ▕███████████       ▏ 3.7 GB/6.0 GB   19 MB/s   1m57s[K[?25h[?2026l[?2026h[?25l[A[1Gpulling manifest [K
pulling a99b7f834d75:  61% ▕███████████       ▏ 3.7 GB/6.0 GB   19 MB/s   1m57s[K[?25h[?2026l[?2026h[?25l[A[1Gpulling manifest [K
pulling a99b7f834d75:  61% ▕███████████       ▏ 3.7 GB/6.0 GB   19 MB/s   1m57s[K[?25h[?2026l[?2026h[?25l[A[1Gpulling manifest [K
pulling a99b7f834d75:  61% ▕███████████       ▏ 3.7 GB/6.0 GB   19 MB/s   1m57s[K[?25h[?2026l[?2026h[?25l[A[1Gpulling manifest [K
pulling a99b7f834d75:  61% ▕███████████       ▏ 3.7 GB/6.0 GB   19 MB/s   1m57s[K[?25h[?2026l[?2026h[?25l[A[1Gpulling manifest [K
pulling a99b7f834d75:  61% ▕███████████       ▏ 3.7 GB/6.0 GB   19 MB/s   1m57s[K[?25h[?2026l[?2026h[?25l[A[1Gpulling manifest [K
pulling a99b7f834d75:  61% ▕███████████       ▏ 3.7 GB/6.0 GB   19 MB/s   1m57s[K[?25h[?2026l[?2026h[?25l[A[1Gpulling manifest [K
pulling a99b7f834d75:  61% ▕███████████       ▏ 3.7 GB/6.0 GB   19 MB/s   1m57s[K[?25h[?2026l[?2026h[?25l[A[1Gpulling manifest [K
pulling a99b7f834d75:  61% ▕███████████       ▏ 3.7 GB/6.0 GB   18 MB/s    2m4s[K[?25h[?2026l[?2026h[?25l[A[1Gpulling manifest [K
pulling a99b7f834d75:  61% ▕███████████       ▏ 3.7 GB/6.0 GB   18 MB/s    2m4s[K[?25h[?2026l[?2026h[?25l[A[1Gpulling manifest [K
pulling a99b7f834d75:  61% ▕███████████       ▏ 3.7 GB/6.0 GB   18 MB/s    2m4s[K[?25h[?2026l[?2026h[?25l[A[1Gpulling manifest [K
pulling a99b7f834d75:  61% ▕███████████       ▏ 3.7 GB/6.0 GB   18 MB/s    2m4s[K[?25h[?2026l[?2026h[?25l[A[1Gpulling manifest [K
pulling a99b7f834d75:  61% ▕███████████       ▏ 3.7 GB/6.0 GB   18 MB/s    2m4s[K[?25h[?2026l[?2026h[?25l[A[1Gpulling manifest [K
pulling a99b7f834d75:  61% ▕███████████       ▏ 3.7 GB/6.0 GB   18 MB/s    2m4s[K[?25h[?2026l[?2026h[?25l[A[1Gpulling manifest [K
pulling a99b7f834d75:  61% ▕███████████       ▏ 3.7 GB/6.0 GB   18 MB/s    2m4s[K[?25h[?2026l[?2026h[?25l[A[1Gpulling manifest [K
pulling a99b7f834d75:  61% ▕███████████       ▏ 3.7 GB/6.0 GB   18 MB/s    2m4s[K[?25h[?2026l[?2026h[?25l[A[1Gpulling manifest [K
pulling a99b7f834d75:  61% ▕███████████       ▏ 3.7 GB/6.0 GB   18 MB/s    2m4s[K[?25h[?2026l[?2026h[?25l[A[1Gpulling manifest [K
pulling a99b7f834d75:  61% ▕███████████       ▏ 3.7 GB/6.0 GB   18 MB/s    2m4s[K[?25h[?2026l[?2026h[?25l[A[1Gpulling manifest [K
pulling a99b7f834d75:  61% ▕███████████       ▏ 3.7 GB/6.0 GB   17 MB/s   2m13s[K[?25h[?2026l[?2026h[?25l[A[1Gpulling manifest [K
pulling a99b7f834d75:  61% ▕███████████       ▏ 3.7 GB/6.0 GB   17 MB/s   2m13s[K[?25h[?2026l[?2026h[?25l[A[1Gpulling manifest [K
pulling a99b7f834d75:  61% ▕███████████       ▏ 3.7 GB/6.0 GB   17 MB/s   2m13s[K[?25h[?2026l[?2026h[?25l[A[1Gpulling manifest [K
pulling a99b7f834d75:  61% ▕███████████       ▏ 3.7 GB/6.0 GB   17 MB/s   2m13s[K[?25h[?2026l[?2026h[?25l[A[1Gpulling manifest [K
pulling a99b7f834d75:  62% ▕███████████       ▏ 3.7 GB/6.0 GB   17 MB/s   2m13s[K[?25h[?2026l[?2026h[?25l[A[1Gpulling manifest [K
pulling a99b7f834d75:  62% ▕███████████       ▏ 3.7 GB/6.0 GB   17 MB/s   2m12s[K[?25h[?2026l[?2026h[?25l[A[1Gpulling manifest [K
pulling a99b7f834d75:  62% ▕███████████       ▏ 3.7 GB/6.0 GB   17 MB/s   2m12s[K[?25h[?2026l[?2026h[?25l[A[1Gpulling manifest [K
pulling a99b7f834d75:  62% ▕███████████       ▏ 3.7 GB/6.0 GB   17 MB/s   2m12s[K[?25h[?2026l[?2026h[?25l[A[1Gpulling manifest [K
pulling a99b7f834d75:  62% ▕███████████       ▏ 3.7 GB/6.0 GB   17 MB/s   2m12s[K[?25h[?2026l[?2026h[?25l[A[1Gpulling manifest [K
pulling a99b7f834d75:  62% ▕███████████       ▏ 3.7 GB/6.0 GB   17 MB/s   2m12s[K[?25h[?2026l[?2026h[?25l[A[1Gpulling manifest [K
pulling a99b7f834d75:  62% ▕███████████       ▏ 3.7 GB/6.0 GB   17 MB/s   2m12s[K[?25h[?2026l[?2026h[?25l[A[1Gpulling manifest [K
pulling a99b7f834d75:  62% ▕███████████       ▏ 3.7 GB/6.0 GB   16 MB/s   2m20s[K[?25h[?2026l[?2026h[?25l[A[1Gpulling manifest [K
pulling a99b7f834d75:  62% ▕███████████       ▏ 3.7 GB/6.0 GB   16 MB/s   2m20s[K[?25h[?2026l[?2026h[?25l[A[1Gpulling manifest [K
pulling a99b7f834d75:  62% ▕███████████       ▏ 3.7 GB/6.0 GB   16 MB/s   2m20s[K[?25h[?2026l[?2026h[?25l[A[1Gpulling manifest [K
pulling a99b7f834d75:  62% ▕███████████       ▏ 3.7 GB/6.0 GB   16 MB/s   2m20s[K[?25h[?2026l[?2026h[?25l[A[1Gpulling manifest [K
pulling a99b7f834d75:  62% ▕███████████       ▏ 3.7 GB/6.0 GB   16 MB/s   2m20s[K[?25h[?2026l[?2026h[?25l[A[1Gpulling manifest [K
pulling a99b7f834d75:  62% ▕███████████       ▏ 3.7 GB/6.0 GB   16 MB/s   2m20s[K[?25h[?2026l[?2026h[?25l[A[1Gpulling manifest [K
pulling a99b7f834d75:  62% ▕███████████       ▏ 3.7 GB/6.0 GB   16 MB/s   2m20s[K[?25h[?2026l[?2026h[?25l[A[1Gpulling manifest [K
pulling a99b7f834d75:  62% ▕███████████       ▏ 3.7 GB/6.0 GB   16 MB/s   2m20s[K[?25h[?2026l[?2026h[?25l[A[1Gpulling manifest [K
pulling a99b7f834d75:  62% ▕███████████       ▏ 3.7 GB/6.0 GB   16 MB/s   2m20s[K[?25h[?2026l[?2026h[?25l[A[1Gpulling manifest [K
pulling a99b7f834d75:  62% ▕███████████       ▏ 3.7 GB/6.0 GB   16 MB/s   2m19s[K[?25h[?2026l[?2026h[?25l[A[1Gpulling manifest [K
pulling a99b7f834d75:  62% ▕███████████       ▏ 3.7 GB/6.0 GB   15 MB/s   2m26s[K[?25h[?2026l[?2026h[?25l[A[1Gpulling manifest [K
pulling a99b7f834d75:  62% ▕███████████       ▏ 3.7 GB/6.0 GB   15 MB/s   2m25s[K[?25h[?2026l[?2026h[?25l[A[1Gpulling manifest [K
pulling a99b7f834d75:  62% ▕███████████       ▏ 3.7 GB/6.0 GB   15 MB/s   2m25s[K[?25h[?2026l[?2026h[?25l[A[1Gpulling manifest [K
pulling a99b7f834d75:  62% ▕███████████       ▏ 3.7 GB/6.0 GB   15 MB/s   2m25s[K[?25h[?2026l[?2026h[?25l[A[1Gpulling manifest [K
pulling a99b7f834d75:  62% ▕███████████       ▏ 3.7 GB/6.0 GB   15 MB/s   2m25s[K[?25h[?2026l[?2026h[?25l[A[1Gpulling manifest [K
pulling a99b7f834d75:  62% ▕███████████       ▏ 3.7 GB/6.0 GB   15 MB/s   2m25s[K[?25h[?2026l[?2026h[?25l[A[1Gpulling manifest [K
pulling a99b7f834d75:  62% ▕███████████       ▏ 3.7 GB/6.0 GB   15 MB/s   2m25s[K[?25h[?2026l[?2026h[?25l[A[1Gpulling manifest [K
pulling a99b7f834d75:  62% ▕███████████       ▏ 3.7 GB/6.0 GB   15 MB/s   2m25s[K[?25h[?2026l[?2026h[?25l[A[1Gpulling manifest [K
pulling a99b7f834d75:  62% ▕███████████       ▏ 3.7 GB/6.0 GB   15 MB/s   2m25s[K[?25h[?2026l[?2026h[?25l[A[1Gpulling manifest [K
pulling a99b7f834d75:  62% ▕███████████       ▏ 3.7 GB/6.0 GB   15 MB/s   2m25s[K[?25h[?2026l[?2026h[?25l[A[1Gpulling manifest [K
pulling a99b7f834d75:  62% ▕███████████       ▏ 3.7 GB/6.0 GB   15 MB/s   2m30s[K[?25h[?2026l[?2026h[?25l[A[1Gpulling manifest [K
pulling a99b7f834d75:  62% ▕███████████       ▏ 3.7 GB/6.0 GB   15 MB/s   2m30s[K[?25h[?2026l[?2026h[?25l[A[1Gpulling manifest [K
pulling a99b7f834d75:  62% ▕███████████       ▏ 3.7 GB/6.0 GB   15 MB/s   2m30s[K[?25h[?2026l[?2026h[?25l[A[1Gpulling manifest [K
pulling a99b7f834d75:  62% ▕███████████       ▏ 3.7 GB/6.0 GB   15 MB/s   2m30s[K[?25h[?2026l[?2026h[?25l[A[1Gpulling manifest [K
pulling a99b7f834d75:  62% ▕███████████       ▏ 3.7 GB/6.0 GB   15 MB/s   2m29s[K[?25h[?2026l[?2026h[?25l[A[1Gpulling manifest [K
pulling a99b7f834d75:  62% ▕███████████       ▏ 3.7 GB/6.0 GB   15 MB/s   2m29s[K[?25h[?2026l[?2026h[?25l[A[1Gpulling manifest [K
pulling a99b7f834d75:  62% ▕███████████       ▏ 3.7 GB/6.0 GB   15 MB/s   2m29s[K[?25h[?2026l[?2026h[?25l[A[1Gpulling manifest [K
pulling a99b7f834d75:  62% ▕███████████       ▏ 3.7 GB/6.0 GB   15 MB/s   2m29s[K[?25h[?2026l[?2026h[?25l[A[1Gpulling manifest [K
pulling a99b7f834d75:  62% ▕███████████       ▏ 3.7 GB/6.0 GB   15 MB/s   2m29s[K[?25h[?2026l[?2026h[?25l[A[1Gpulling manifest [K
pulling a99b7f834d75:  62% ▕███████████       ▏ 3.7 GB/6.0 GB   15 MB/s   2m29s[K[?25h[?2026l[?2026h[?25l[A[1Gpulling manifest [K
pulling a99b7f834d75:  62% ▕███████████       ▏ 3.7 GB/6.0 GB   13 MB/s   2m41s[K[?25h[?2026l[?2026h[?25l[A[1Gpulling manifest [K
pulling a99b7f834d75:  62% ▕███████████       ▏ 3.7 GB/6.0 GB   13 MB/s   2m41s[K[?25h[?2026l[?2026h[?25l[A[1Gpulling manifest [K
pulling a99b7f834d75:  62% ▕███████████       ▏ 3.7 GB/6.0 GB   13 MB/s   2m41s[K[?25h[?2026l[?2026h[?25l[A[1Gpulling manifest [K
pulling a99b7f834d75:  62% ▕███████████       ▏ 3.7 GB/6.0 GB   13 MB/s   2m41s[K[?25h[?2026l[?2026h[?25l[A[1Gpulling manifest [K
pulling a99b7f834d75:  62% ▕███████████       ▏ 3.7 GB/6.0 GB   13 MB/s   2m41s[K[?25h[?2026l[?2026h[?25l[A[1Gpulling manifest [K
pulling a99b7f834d75:  62% ▕███████████       ▏ 3.7 GB/6.0 GB   13 MB/s   2m41s[K[?25h[?2026l[?2026h[?25l[A[1Gpulling manifest [K
pulling a99b7f834d75:  62% ▕███████████       ▏ 3.7 GB/6.0 GB   13 MB/s   2m41s[K[?25h[?2026l[?2026h[?25l[A[1Gpulling manifest [K
pulling a99b7f834d75:  62% ▕███████████       ▏ 3.7 GB/6.0 GB   13 MB/s   2m41s[K[?25h[?2026l[?2026h[?25l[A[1Gpulling manifest [K
pulling a99b7f834d75:  62% ▕███████████       ▏ 3.7 GB/6.0 GB   13 MB/s   2m41s[K[?25h[?2026l[?2026h[?25l[A[1Gpulling manifest [K
pulling a99b7f834d75:  62% ▕███████████       ▏ 3.7 GB/6.0 GB   13 MB/s   2m41s[K[?25h[?2026l[?2026h[?25l[A[1Gpulling manifest [K
pulling a99b7f834d75:  63% ▕███████████       ▏ 3.7 GB/6.0 GB   13 MB/s   2m50s[K[?25h[?2026l[?2026h[?25l[A[1Gpulling manifest [K
pulling a99b7f834d75:  63% ▕███████████       ▏ 3.7 GB/6.0 GB   13 MB/s   2m50s[K[?25h[?2026l[?2026h[?25l[A[1Gpulling manifest [K
pulling a99b7f834d75:  63% ▕███████████       ▏ 3.7 GB/6.0 GB   13 MB/s   2m50s[K[?25h[?2026l[?2026h[?25l[A[1Gpulling manifest [K
pulling a99b7f834d75:  63% ▕███████████       ▏ 3.7 GB/6.0 GB   13 MB/s   2m50s[K[?25h[?2026l[?2026h[?25l[A[1Gpulling manifest [K
pulling a99b7f834d75:  63% ▕███████████       ▏ 3.7 GB/6.0 GB   13 MB/s   2m50s[K[?25h[?2026l[?2026h[?25l[A[1Gpulling manifest [K
pulling a99b7f834d75:  63% ▕███████████       ▏ 3.7 GB/6.0 GB   13 MB/s   2m50s[K[?25h[?2026l[?2026h[?25l[A[1Gpulling manifest [K
pulling a99b7f834d75:  63% ▕███████████       ▏ 3.7 GB/6.0 GB   13 MB/s   2m50s[K[?25h[?2026l[?2026h[?25l[A[1Gpulling manifest [K
pulling a99b7f834d75:  63% ▕███████████       ▏ 3.7 GB/6.0 GB   13 MB/s   2m50s[K[?25h[?2026l[?2026h[?25l[A[1Gpulling manifest [K
pulling a99b7f834d75:  63% ▕███████████       ▏ 3.7 GB/6.0 GB   13 MB/s   2m50s[K[?25h[?2026l[?2026h[?25l[A[1Gpulling manifest [K
pulling a99b7f834d75:  63% ▕███████████       ▏ 3.7 GB/6.0 GB   13 MB/s   2m50s[K[?25h[?2026l[?2026h[?25l[A[1Gpulling manifest [K
pulling a99b7f834d75:  63% ▕███████████       ▏ 3.7 GB/6.0 GB   13 MB/s   2m50s[K[?25h[?2026l[?2026h[?25l[A[1Gpulling manifest [K
pulling a99b7f834d75:  63% ▕███████████       ▏ 3.7 GB/6.0 GB   11 MB/s   3m13s[K[?25h[?2026l[?2026h[?25l[A[1Gpulling manifest [K
pulling a99b7f834d75:  63% ▕███████████       ▏ 3.7 GB/6.0 GB   11 MB/s   3m13s[K[?25h[?2026l[?2026h[?25l[A[1Gpulling manifest [K
pulling a99b7f834d75:  63% ▕███████████       ▏ 3.7 GB/6.0 GB   11 MB/s   3m13s[K[?25h[?2026l[?2026h[?25l[A[1Gpulling manifest [K
pulling a99b7f834d75:  63% ▕███████████       ▏ 3.7 GB/6.0 GB   11 MB/s   3m13s[K[?25h[?2026l[?2026h[?25l[A[1Gpulling manifest [K
pulling a99b7f834d75:  63% ▕███████████       ▏ 3.7 GB/6.0 GB   11 MB/s   3m13s[K[?25h[?2026l[?2026h[?25l[A[1Gpulling manifest [K
pulling a99b7f834d75:  63% ▕███████████       ▏ 3.7 GB/6.0 GB   11 MB/s   3m13s[K[?25h[?2026l[?2026h[?25l[A[1Gpulling manifest [K
pulling a99b7f834d75:  63% ▕███████████       ▏ 3.7 GB/6.0 GB   11 MB/s   3m13s[K[?25h[?2026l[?2026h[?25l[A[1Gpulling manifest [K
pulling a99b7f834d75:  63% ▕███████████       ▏ 3.7 GB/6.0 GB   11 MB/s   3m12s[K[?25h[?2026l[?2026h[?25l[A[1Gpulling manifest [K
pulling a99b7f834d75:  63% ▕███████████       ▏ 3.7 GB/6.0 GB   11 MB/s   3m12s[K[?25h[?2026l[?2026h[?25l[A[1Gpulling manifest [K
pulling a99b7f834d75:  63% ▕███████████       ▏ 3.7 GB/6.0 GB   11 MB/s   3m12s[K[?25h[?2026l[?2026h[?25l[A[1Gpulling manifest [K
pulling a99b7f834d75:  63% ▕███████████       ▏ 3.7 GB/6.0 GB   11 MB/s   3m21s[K[?25h[?2026l[?2026h[?25l[A[1Gpulling manifest [K
pulling a99b7f834d75:  63% ▕███████████       ▏ 3.7 GB/6.0 GB   11 MB/s   3m20s[K[?25h[?2026l[?2026h[?25l[A[1Gpulling manifest [K
pulling a99b7f834d75:  63% ▕███████████       ▏ 3.7 GB/6.0 GB   11 MB/s   3m20s[K[?25h[?2026l[?2026h[?25l[A[1Gpulling manifest [K
pulling a99b7f834d75:  63% ▕███████████       ▏ 3.8 GB/6.0 GB   11 MB/s   3m20s[K[?25h[?2026l[?2026h[?25l[A[1Gpulling manifest [K
pulling a99b7f834d75:  63% ▕███████████       ▏ 3.8 GB/6.0 GB   11 MB/s   3m20s[K[?25h[?2026l[?2026h[?25l[A[1Gpulling manifest [K
pulling a99b7f834d75:  63% ▕███████████       ▏ 3.8 GB/6.0 GB   11 MB/s   3m20s[K[?25h[?2026l[?2026h[?25l[A[1Gpulling manifest [K
pulling a99b7f834d75:  63% ▕███████████       ▏ 3.8 GB/6.0 GB   11 MB/s   3m20s[K[?25h[?2026l[?2026h[?25l[A[1Gpulling manifest [K
pulling a99b7f834d75:  63% ▕███████████       ▏ 3.8 GB/6.0 GB   11 MB/s   3m20s[K[?25h[?2026l[?2026h[?25l[A[1Gpulling manifest [K
pulling a99b7f834d75:  63% ▕███████████       ▏ 3.8 GB/6.0 GB   11 MB/s   3m20s[K[?25h[?2026l[?2026h[?25l[A[1Gpulling manifest [K
pulling a99b7f834d75:  63% ▕███████████       ▏ 3.8 GB/6.0 GB   11 MB/s   3m20s[K[?25h[?2026l[?2026h[?25l[A[1Gpulling manifest [K
pulling a99b7f834d75:  63% ▕███████████       ▏ 3.8 GB/6.0 GB   10 MB/s   3m26s[K[?25h[?2026l[?2026h[?25l[A[1Gpulling manifest [K
pulling a99b7f834d75:  63% ▕███████████       ▏ 3.8 GB/6.0 GB   10 MB/s   3m26s[K[?25h[?2026l[?2026h[?25l[A[1Gpulling manifest [K
pulling a99b7f834d75:  63% ▕███████████       ▏ 3.8 GB/6.0 GB   10 MB/s   3m26s[K[?25h[?2026l[?2026h[?25l[A[1Gpulling manifest [K
pulling a99b7f834d75:  63% ▕███████████       ▏ 3.8 GB/6.0 GB   10 MB/s   3m26s[K[?25h[?2026l[?2026h[?25l[A[1Gpulling manifest [K
pulling a99b7f834d75:  63% ▕███████████       ▏ 3.8 GB/6.0 GB   10 MB/s   3m26s[K[?25h[?2026l[?2026h[?25l[A[1Gpulling manifest [K
pulling a99b7f834d75:  63% ▕███████████       ▏ 3.8 GB/6.0 GB   10 MB/s   3m26s[K[?25h[?2026l[?2026h[?25l[A[1Gpulling manifest [K
pulling a99b7f834d75:  63% ▕███████████       ▏ 3.8 GB/6.0 GB   10 MB/s   3m26s[K[?25h[?2026l[?2026h[?25l[A[1Gpulling manifest [K
pulling a99b7f834d75:  63% ▕███████████       ▏ 3.8 GB/6.0 GB   10 MB/s   3m26s[K[?25h[?2026l[?2026h[?25l[A[1Gpulling manifest [K
pulling a99b7f834d75:  63% ▕███████████       ▏ 3.8 GB/6.0 GB   10 MB/s   3m26s[K[?25h[?2026l[?2026h[?25l[A[1Gpulling manifest [K
pulling a99b7f834d75:  63% ▕███████████       ▏ 3.8 GB/6.0 GB   10 MB/s   3m26s[K[?25h[?2026l[?2026h[?25l[A[1Gpulling manifest [K
pulling a99b7f834d75:  63% ▕███████████       ▏ 3.8 GB/6.0 GB   10 MB/s   3m36s[K[?25h[?2026l[?2026h[?25l[A[1Gpulling manifest [K
pulling a99b7f834d75:  63% ▕███████████       ▏ 3.8 GB/6.0 GB   10 MB/s   3m36s[K[?25h[?2026l[?2026h[?25l[A[1Gpulling manifest [K
pulling a99b7f834d75:  63% ▕███████████       ▏ 3.8 GB/6.0 GB   10 MB/s   3m36s[K[?25h[?2026l[?2026h[?25l[A[1Gpulling manifest [K
pulling a99b7f834d75:  63% ▕███████████       ▏ 3.8 GB/6.0 GB   10 MB/s   3m36s[K[?25h[?2026l[?2026h[?25l[A[1Gpulling manifest [K
pulling a99b7f834d75:  63% ▕███████████       ▏ 3.8 GB/6.0 GB   10 MB/s   3m36s[K[?25h[?2026l[?2026h[?25l[A[1Gpulling manifest [K
pulling a99b7f834d75:  63% ▕███████████       ▏ 3.8 GB/6.0 GB   10 MB/s   3m36s[K[?25h[?2026l[?2026h[?25l[A[1Gpulling manifest [K
pulling a99b7f834d75:  63% ▕███████████       ▏ 3.8 GB/6.0 GB   10 MB/s   3m36s[K[?25h[?2026l[?2026h[?25l[A[1Gpulling manifest [K
pulling a99b7f834d75:  63% ▕███████████       ▏ 3.8 GB/6.0 GB   10 MB/s   3m36s[K[?25h[?2026l[?2026h[?25l[A[1Gpulling manifest [K
pulling a99b7f834d75:  63% ▕███████████       ▏ 3.8 GB/6.0 GB   10 MB/s   3m36s[K[?25h[?2026l[?2026h[?25l[A[1Gpulling manifest [K
pulling a99b7f834d75:  63% ▕███████████       ▏ 3.8 GB/6.0 GB   10 MB/s   3m36s[K[?25h[?2026l[?2026h[?25l[A[1Gpulling manifest [K
pulling a99b7f834d75:  63% ▕███████████       ▏ 3.8 GB/6.0 GB  9.6 MB/s   3m49s[K[?25h[?2026l[?2026h[?25l[A[1Gpulling manifest [K
pulling a99b7f834d75:  63% ▕███████████       ▏ 3.8 GB/6.0 GB  9.6 MB/s   3m49s[K[?25h[?2026l[?2026h[?25l[A[1Gpulling manifest [K
pulling a99b7f834d75:  63% ▕███████████       ▏ 3.8 GB/6.0 GB  9.6 MB/s   3m49s[K[?25h[?2026l[?2026h[?25l[A[1Gpulling manifest [K
pulling a99b7f834d75:  63% ▕███████████       ▏ 3.8 GB/6.0 GB  9.6 MB/s   3m49s[K[?25h[?2026l[?2026h[?25l[A[1Gpulling manifest [K
pulling a99b7f834d75:  63% ▕███████████       ▏ 3.8 GB/6.0 GB  9.6 MB/s   3m49s[K[?25h[?2026l[?2026h[?25l[A[1Gpulling manifest [K
pulling a99b7f834d75:  63% ▕███████████       ▏ 3.8 GB/6.0 GB  9.6 MB/s   3m49s[K[?25h[?2026l[?2026h[?25l[A[1Gpulling manifest [K
pulling a99b7f834d75:  63% ▕███████████       ▏ 3.8 GB/6.0 GB  9.6 MB/s   3m48s[K[?25h[?2026l[?2026h[?25l[A[1Gpulling manifest [K
pulling a99b7f834d75:  63% ▕███████████       ▏ 3.8 GB/6.0 GB  9.6 MB/s   3m48s[K[?25h[?2026l[?2026h[?25l[A[1Gpulling manifest [K
pulling a99b7f834d75:  63% ▕███████████       ▏ 3.8 GB/6.0 GB  9.6 MB/s   3m48s[K[?25h[?2026l[?2026h[?25l[A[1Gpulling manifest [K
pulling a99b7f834d75:  63% ▕███████████       ▏ 3.8 GB/6.0 GB  9.6 MB/s   3m48s[K[?25h[?2026l[?2026h[?25l[A[1Gpulling manifest [K
pulling a99b7f834d75:  63% ▕███████████       ▏ 3.8 GB/6.0 GB  9.6 MB/s   3m48s[K[?25h[?2026l[?2026h[?25l[A[1Gpulling manifest [K
pulling a99b7f834d75:  63% ▕███████████       ▏ 3.8 GB/6.0 GB  8.9 MB/s    4m7s[K[?25h[?2026l[?2026h[?25l[A[1Gpulling manifest [K
pulling a99b7f834d75:  63% ▕███████████       ▏ 3.8 GB/6.0 GB  8.9 MB/s    4m6s[K[?25h[?2026l[?2026h[?25l[A[1Gpulling manifest [K
pulling a99b7f834d75:  63% ▕███████████       ▏ 3.8 GB/6.0 GB  8.9 MB/s    4m6s[K[?25h[?2026l[?2026h[?25l[A[1Gpulling manifest [K
pulling a99b7f834d75:  63% ▕███████████       ▏ 3.8 GB/6.0 GB  8.9 MB/s    4m6s[K[?25h[?2026l[?2026h[?25l[A[1Gpulling manifest [K
pulling a99b7f834d75:  63% ▕███████████       ▏ 3.8 GB/6.0 GB  8.9 MB/s    4m6s[K[?25h[?2026l[?2026h[?25l[A[1Gpulling manifest [K
pulling a99b7f834d75:  63% ▕███████████       ▏ 3.8 GB/6.0 GB  8.9 MB/s    4m6s[K[?25h[?2026l[?2026h[?25l[A[1Gpulling manifest [K
pulling a99b7f834d75:  63% ▕███████████       ▏ 3.8 GB/6.0 GB  8.9 MB/s    4m6s[K[?25h[?2026l[?2026h[?25l[A[1Gpulling manifest [K
pulling a99b7f834d75:  63% ▕███████████       ▏ 3.8 GB/6.0 GB  8.9 MB/s    4m6s[K[?25h[?2026l[?2026h[?25l[A[1Gpulling manifest [K
pulling a99b7f834d75:  63% ▕███████████       ▏ 3.8 GB/6.0 GB  8.9 MB/s    4m5s[K[?25h[?2026l[?2026h[?25l[A[1Gpulling manifest [K
pulling a99b7f834d75:  63% ▕███████████       ▏ 3.8 GB/6.0 GB  8.9 MB/s    4m5s[K[?25h[?2026l[?2026h[?25l[A[1Gpulling manifest [K
pulling a99b7f834d75:  63% ▕███████████       ▏ 3.8 GB/6.0 GB  8.4 MB/s   4m20s[K[?25h[?2026l[?2026h[?25l[A[1Gpulling manifest [K
pulling a99b7f834d75:  63% ▕███████████       ▏ 3.8 GB/6.0 GB  8.4 MB/s   4m19s[K[?25h[?2026l[?2026h[?25l[A[1Gpulling manifest [K
pulling a99b7f834d75:  63% ▕███████████       ▏ 3.8 GB/6.0 GB  8.4 MB/s   4m19s[K[?25h[?2026l[?2026h[?25l[A[1Gpulling manifest [K
pulling a99b7f834d75:  63% ▕███████████       ▏ 3.8 GB/6.0 GB  8.4 MB/s   4m19s[K[?25h[?2026l[?2026h[?25l[A[1Gpulling manifest [K
pulling a99b7f834d75:  64% ▕███████████       ▏ 3.8 GB/6.0 GB  8.4 MB/s   4m19s[K[?25h[?2026l[?2026h[?25l[A[1Gpulling manifest [K
pulling a99b7f834d75:  64% ▕███████████       ▏ 3.8 GB/6.0 GB  8.4 MB/s   4m19s[K[?25h[?2026l[?2026h[?25l[A[1Gpulling manifest [K
pulling a99b7f834d75:  64% ▕███████████       ▏ 3.8 GB/6.0 GB  8.4 MB/s   4m19s[K[?25h[?2026l[?2026h[?25l[A[1Gpulling manifest [K
pulling a99b7f834d75:  64% ▕███████████       ▏ 3.8 GB/6.0 GB  8.4 MB/s   4m19s[K[?25h[?2026l[?2026h[?25l[A[1Gpulling manifest [K
pulling a99b7f834d75:  64% ▕███████████       ▏ 3.8 GB/6.0 GB  8.4 MB/s   4m19s[K[?25h[?2026l[?2026h[?25l[A[1Gpulling manifest [K
pulling a99b7f834d75:  64% ▕███████████       ▏ 3.8 GB/6.0 GB  8.4 MB/s   4m18s[K[?25h[?2026l[?2026h[?25l[A[1Gpulling manifest [K
pulling a99b7f834d75:  64% ▕███████████       ▏ 3.8 GB/6.0 GB  8.3 MB/s   4m20s[K[?25h[?2026l[?2026h[?25l[A[1Gpulling manifest [K
pulling a99b7f834d75:  64% ▕███████████       ▏ 3.8 GB/6.0 GB  8.3 MB/s   4m20s[K[?25h[?2026l[?2026h[?25l[A[1Gpulling manifest [K
pulling a99b7f834d75:  64% ▕███████████       ▏ 3.8 GB/6.0 GB  8.3 MB/s   4m20s[K[?25h[?2026l[?2026h[?25l[A[1Gpulling manifest [K
pulling a99b7f834d75:  64% ▕███████████       ▏ 3.8 GB/6.0 GB  8.3 MB/s   4m20s[K[?25h[?2026l[?2026h[?25l[A[1Gpulling manifest [K
pulling a99b7f834d75:  64% ▕███████████       ▏ 3.8 GB/6.0 GB  8.3 MB/s   4m19s[K[?25h[?2026l[?2026h[?25l[A[1Gpulling manifest [K
pulling a99b7f834d75:  64% ▕███████████       ▏ 3.8 GB/6.0 GB  8.3 MB/s   4m19s[K[?25h[?2026l[?2026h[?25l[A[1Gpulling manifest [K
pulling a99b7f834d75:  64% ▕███████████       ▏ 3.8 GB/6.0 GB  8.3 MB/s   4m19s[K[?25h[?2026l[?2026h[?25l[A[1Gpulling manifest [K
pulling a99b7f834d75:  64% ▕███████████       ▏ 3.8 GB/6.0 GB  8.3 MB/s   4m19s[K[?25h[?2026l[?2026h[?25l[A[1Gpulling manifest [K
pulling a99b7f834d75:  64% ▕███████████       ▏ 3.8 GB/6.0 GB  8.3 MB/s   4m19s[K[?25h[?2026l[?2026h[?25l[A[1Gpulling manifest [K
pulling a99b7f834d75:  64% ▕███████████       ▏ 3.8 GB/6.0 GB  8.3 MB/s   4m19s[K[?25h[?2026l[?2026h[?25l[A[1Gpulling manifest [K
pulling a99b7f834d75:  64% ▕███████████       ▏ 3.8 GB/6.0 GB  8.6 MB/s   4m11s[K[?25h[?2026l[?2026h[?25l[A[1Gpulling manifest [K
pulling a99b7f834d75:  64% ▕███████████       ▏ 3.8 GB/6.0 GB  8.6 MB/s   4m11s[K[?25h[?2026l[?2026h[?25l[A[1Gpulling manifest [K
pulling a99b7f834d75:  64% ▕███████████       ▏ 3.8 GB/6.0 GB  8.6 MB/s   4m11s[K[?25h[?2026l[?2026h[?25l[A[1Gpulling manifest [K
pulling a99b7f834d75:  64% ▕███████████       ▏ 3.8 GB/6.0 GB  8.6 MB/s   4m11s[K[?25h[?2026l[?2026h[?25l[A[1Gpulling manifest [K
pulling a99b7f834d75:  64% ▕███████████       ▏ 3.8 GB/6.0 GB  8.6 MB/s   4m11s[K[?25h[?2026l[?2026h[?25l[A[1Gpulling manifest [K
pulling a99b7f834d75:  64% ▕███████████       ▏ 3.8 GB/6.0 GB  8.6 MB/s   4m11s[K[?25h[?2026l[?2026h[?25l[A[1Gpulling manifest [K
pulling a99b7f834d75:  64% ▕███████████       ▏ 3.8 GB/6.0 GB  8.6 MB/s   4m11s[K[?25h[?2026l[?2026h[?25l[A[1Gpulling manifest [K
pulling a99b7f834d75:  64% ▕███████████       ▏ 3.8 GB/6.0 GB  8.6 MB/s   4m11s[K[?25h[?2026l[?2026h[?25l[A[1Gpulling manifest [K
pulling a99b7f834d75:  64% ▕███████████       ▏ 3.8 GB/6.0 GB  8.6 MB/s   4m10s[K[?25h[?2026l[?2026h[?25l[A[1Gpulling manifest [K
pulling a99b7f834d75:  64% ▕███████████       ▏ 3.8 GB/6.0 GB  8.6 MB/s   4m10s[K[?25h[?2026l[?2026h[?25l[A[1Gpulling manifest [K
pulling a99b7f834d75:  64% ▕███████████       ▏ 3.8 GB/6.0 GB  8.8 MB/s    4m5s[K[?25h[?2026l[?2026h[?25l[A[1Gpulling manifest [K
pulling a99b7f834d75:  64% ▕███████████       ▏ 3.8 GB/6.0 GB  8.8 MB/s    4m5s[K[?25h[?2026l[?2026h[?25l[A[1Gpulling manifest [K
pulling a99b7f834d75:  64% ▕███████████       ▏ 3.8 GB/6.0 GB  8.8 MB/s    4m4s[K[?25h[?2026l[?2026h[?25l[A[1Gpulling manifest [K
pulling a99b7f834d75:  64% ▕███████████       ▏ 3.8 GB/6.0 GB  8.8 MB/s    4m4s[K[?25h[?2026l[?2026h[?25l[A[1Gpulling manifest [K
pulling a99b7f834d75:  64% ▕███████████       ▏ 3.8 GB/6.0 GB  8.8 MB/s    4m4s[K[?25h[?2026l[?2026h[?25l[A[1Gpulling manifest [K
pulling a99b7f834d75:  64% ▕███████████       ▏ 3.8 GB/6.0 GB  8.8 MB/s    4m4s[K[?25h[?2026l[?2026h[?25l[A[1Gpulling manifest [K
pulling a99b7f834d75:  64% ▕███████████       ▏ 3.8 GB/6.0 GB  8.8 MB/s    4m4s[K[?25h[?2026l[?2026h[?25l[A[1Gpulling manifest [K
pulling a99b7f834d75:  64% ▕███████████       ▏ 3.8 GB/6.0 GB  8.8 MB/s    4m4s[K[?25h[?2026l[?2026h[?25l[A[1Gpulling manifest [K
pulling a99b7f834d75:  64% ▕███████████       ▏ 3.8 GB/6.0 GB  8.8 MB/s    4m4s[K[?25h[?2026l[?2026h[?25l[A[1Gpulling manifest [K
pulling a99b7f834d75:  64% ▕███████████       ▏ 3.8 GB/6.0 GB  8.8 MB/s    4m4s[K[?25h[?2026l[?2026h[?25l[A[1Gpulling manifest [K
pulling a99b7f834d75:  64% ▕███████████       ▏ 3.8 GB/6.0 GB  8.8 MB/s    4m4s[K[?25h[?2026l[?2026h[?25l[A[1Gpulling manifest [K
pulling a99b7f834d75:  64% ▕███████████       ▏ 3.8 GB/6.0 GB  8.5 MB/s   4m11s[K[?25h[?2026l[?2026h[?25l[A[1Gpulling manifest [K
pulling a99b7f834d75:  64% ▕███████████       ▏ 3.8 GB/6.0 GB  8.5 MB/s   4m11s[K[?25h[?2026l[?2026h[?25l[A[1Gpulling manifest [K
pulling a99b7f834d75:  64% ▕███████████       ▏ 3.8 GB/6.0 GB  8.5 MB/s   4m11s[K[?25h[?2026l[?2026h[?25l[A[1Gpulling manifest [K
pulling a99b7f834d75:  64% ▕███████████       ▏ 3.8 GB/6.0 GB  8.5 MB/s   4m11s[K[?25h[?2026l[?2026h[?25l[A[1Gpulling manifest [K
pulling a99b7f834d75:  64% ▕███████████       ▏ 3.8 GB/6.0 GB  8.5 MB/s   4m11s[K[?25h[?2026l[?2026h[?25l[A[1Gpulling manifest [K
pulling a99b7f834d75:  64% ▕███████████       ▏ 3.8 GB/6.0 GB  8.5 MB/s   4m11s[K[?25h[?2026l[?2026h[?25l[A[1Gpulling manifest [K
pulling a99b7f834d75:  64% ▕███████████       ▏ 3.8 GB/6.0 GB  8.5 MB/s   4m10s[K[?25h[?2026l[?2026h[?25l[A[1Gpulling manifest [K
pulling a99b7f834d75:  64% ▕███████████       ▏ 3.8 GB/6.0 GB  8.5 MB/s   4m10s[K[?25h[?2026l[?2026h[?25l[A[1Gpulling manifest [K
pulling a99b7f834d75:  64% ▕███████████       ▏ 3.8 GB/6.0 GB  8.5 MB/s   4m10s[K[?25h[?2026l[?2026h[?25l[A[1Gpulling manifest [K
pulling a99b7f834d75:  64% ▕███████████       ▏ 3.8 GB/6.0 GB  8.5 MB/s   4m10s[K[?25h[?2026l[?2026h[?25l[A[1Gpulling manifest [K
pulling a99b7f834d75:  64% ▕███████████       ▏ 3.8 GB/6.0 GB  8.8 MB/s    4m2s[K[?25h[?2026l[?2026h[?25l[A[1Gpulling manifest [K
pulling a99b7f834d75:  64% ▕███████████       ▏ 3.8 GB/6.0 GB  8.8 MB/s    4m2s[K[?25h[?2026l[?2026h[?25l[A[1Gpulling manifest [K
pulling a99b7f834d75:  64% ▕███████████       ▏ 3.8 GB/6.0 GB  8.8 MB/s    4m2s[K[?25h[?2026l[?2026h[?25l[A[1Gpulling manifest [K
pulling a99b7f834d75:  64% ▕███████████       ▏ 3.8 GB/6.0 GB  8.8 MB/s    4m1s[K[?25h[?2026l[?2026h[?25l[A[1Gpulling manifest [K
pulling a99b7f834d75:  64% ▕███████████       ▏ 3.8 GB/6.0 GB  8.8 MB/s    4m1s[K[?25h[?2026l[?2026h[?25l[A[1Gpulling manifest [K
pulling a99b7f834d75:  64% ▕███████████       ▏ 3.8 GB/6.0 GB  8.8 MB/s    4m1s[K[?25h[?2026l[?2026h[?25l[A[1Gpulling manifest [K
pulling a99b7f834d75:  64% ▕███████████       ▏ 3.8 GB/6.0 GB  8.8 MB/s    4m1s[K[?25h[?2026l[?2026h[?25l[A[1Gpulling manifest [K
pulling a99b7f834d75:  64% ▕███████████       ▏ 3.8 GB/6.0 GB  8.8 MB/s    4m1s[K[?25h[?2026l[?2026h[?25l[A[1Gpulling manifest [K
pulling a99b7f834d75:  64% ▕███████████       ▏ 3.8 GB/6.0 GB  8.8 MB/s    4m1s[K[?25h[?2026l[?2026h[?25l[A[1Gpulling manifest [K
pulling a99b7f834d75:  64% ▕███████████       ▏ 3.8 GB/6.0 GB  8.8 MB/s    4m1s[K[?25h[?2026l[?2026h[?25l[A[1Gpulling manifest [K
pulling a99b7f834d75:  64% ▕███████████       ▏ 3.8 GB/6.0 GB  9.3 MB/s   3m48s[K[?25h[?2026l[?2026h[?25l[A[1Gpulling manifest [K
pulling a99b7f834d75:  64% ▕███████████       ▏ 3.8 GB/6.0 GB  9.3 MB/s   3m47s[K[?25h[?2026l[?2026h[?25l[A[1Gpulling manifest [K
pulling a99b7f834d75:  64% ▕███████████       ▏ 3.8 GB/6.0 GB  9.3 MB/s   3m47s[K[?25h[?2026l[?2026h[?25l[A[1Gpulling manifest [K
pulling a99b7f834d75:  64% ▕███████████       ▏ 3.8 GB/6.0 GB  9.3 MB/s   3m47s[K[?25h[?2026l[?2026h[?25l[A[1Gpulling manifest [K
pulling a99b7f834d75:  64% ▕███████████       ▏ 3.8 GB/6.0 GB  9.3 MB/s   3m47s[K[?25h[?2026l[?2026h[?25l[A[1Gpulling manifest [K
pulling a99b7f834d75:  64% ▕███████████       ▏ 3.8 GB/6.0 GB  9.3 MB/s   3m47s[K[?25h[?2026l[?2026h[?25l[A[1Gpulling manifest [K
pulling a99b7f834d75:  65% ▕███████████       ▏ 3.9 GB/6.0 GB  9.3 MB/s   3m47s[K[?25h[?2026l[?2026h[?25l[A[1Gpulling manifest [K
pulling a99b7f834d75:  65% ▕███████████       ▏ 3.9 GB/6.0 GB  9.3 MB/s   3m47s[K[?25h[?2026l[?2026h[?25l[A[1Gpulling manifest [K
pulling a99b7f834d75:  65% ▕███████████       ▏ 3.9 GB/6.0 GB  9.3 MB/s   3m47s[K[?25h[?2026l[?2026h[?25l[A[1Gpulling manifest [K
pulling a99b7f834d75:  65% ▕███████████       ▏ 3.9 GB/6.0 GB  9.3 MB/s   3m46s[K[?25h[?2026l[?2026h[?25l[A[1Gpulling manifest [K
pulling a99b7f834d75:  65% ▕███████████       ▏ 3.9 GB/6.0 GB  9.9 MB/s   3m34s[K[?25h[?2026l[?2026h[?25l[A[1Gpulling manifest [K
pulling a99b7f834d75:  65% ▕███████████       ▏ 3.9 GB/6.0 GB  9.9 MB/s   3m34s[K[?25h[?2026l[?2026h[?25l[A[1Gpulling manifest [K
pulling a99b7f834d75:  65% ▕███████████       ▏ 3.9 GB/6.0 GB  9.9 MB/s   3m34s[K[?25h[?2026l[?2026h[?25l[A[1Gpulling manifest [K
pulling a99b7f834d75:  65% ▕███████████       ▏ 3.9 GB/6.0 GB  9.9 MB/s   3m34s[K[?25h[?2026l[?2026h[?25l[A[1Gpulling manifest [K
pulling a99b7f834d75:  65% ▕███████████       ▏ 3.9 GB/6.0 GB  9.9 MB/s   3m33s[K[?25h[?2026l[?2026h[?25l[A[1Gpulling manifest [K
pulling a99b7f834d75:  65% ▕███████████       ▏ 3.9 GB/6.0 GB  9.9 MB/s   3m33s[K[?25h[?2026l[?2026h[?25l[A[1Gpulling manifest [K
pulling a99b7f834d75:  65% ▕███████████       ▏ 3.9 GB/6.0 GB  9.9 MB/s   3m33s[K[?25h[?2026l[?2026h[?25l[A[1Gpulling manifest [K
pulling a99b7f834d75:  65% ▕███████████       ▏ 3.9 GB/6.0 GB  9.9 MB/s   3m33s[K[?25h[?2026l[?2026h[?25l[A[1Gpulling manifest [K
pulling a99b7f834d75:  65% ▕███████████       ▏ 3.9 GB/6.0 GB  9.9 MB/s   3m33s[K[?25h[?2026l[?2026h[?25l[A[1Gpulling manifest [K
pulling a99b7f834d75:  65% ▕███████████       ▏ 3.9 GB/6.0 GB  9.9 MB/s   3m33s[K[?25h[?2026l[?2026h[?25l[A[1Gpulling manifest [K
pulling a99b7f834d75:  65% ▕███████████       ▏ 3.9 GB/6.0 GB  9.9 MB/s   3m32s[K[?25h[?2026l[?2026h[?25l[A[1Gpulling manifest [K
pulling a99b7f834d75:  65% ▕███████████       ▏ 3.9 GB/6.0 GB  9.9 MB/s   3m32s[K[?25h[?2026l[?2026h[?25l[A[1Gpulling manifest [K
pulling a99b7f834d75:  65% ▕███████████       ▏ 3.9 GB/6.0 GB  9.9 MB/s   3m32s[K[?25h[?2026l[?2026h[?25l[A[1Gpulling manifest [K
pulling a99b7f834d75:  65% ▕███████████       ▏ 3.9 GB/6.0 GB  9.9 MB/s   3m32s[K[?25h[?2026l[?2026h[?25l[A[1Gpulling manifest [K
pulling a99b7f834d75:  65% ▕███████████       ▏ 3.9 GB/6.0 GB  9.9 MB/s   3m32s[K[?25h[?2026l[?2026h[?25l[A[1Gpulling manifest [K
pulling a99b7f834d75:  65% ▕███████████       ▏ 3.9 GB/6.0 GB  9.9 MB/s   3m32s[K[?25h[?2026l[?2026h[?25l[A[1Gpulling manifest [K
pulling a99b7f834d75:  65% ▕███████████       ▏ 3.9 GB/6.0 GB  9.9 MB/s   3m32s[K[?25h[?2026l[?2026h[?25l[A[1Gpulling manifest [K
pulling a99b7f834d75:  65% ▕███████████       ▏ 3.9 GB/6.0 GB  9.9 MB/s   3m32s[K[?25h[?2026l[?2026h[?25l[A[1Gpulling manifest [K
pulling a99b7f834d75:  65% ▕███████████       ▏ 3.9 GB/6.0 GB  9.9 MB/s   3m31s[K[?25h[?2026l[?2026h[?25l[A[1Gpulling manifest [K
pulling a99b7f834d75:  65% ▕███████████       ▏ 3.9 GB/6.0 GB  9.9 MB/s   3m31s[K[?25h[?2026l[?2026h[?25l[A[1Gpulling manifest [K
pulling a99b7f834d75:  65% ▕███████████       ▏ 3.9 GB/6.0 GB  9.9 MB/s   3m31s[K[?25h[?2026l[?2026h[?25l[A[1Gpulling manifest [K
pulling a99b7f834d75:  65% ▕███████████       ▏ 3.9 GB/6.0 GB  9.6 MB/s   3m38s[K[?25h[?2026l[?2026h[?25l[A[1Gpulling manifest [K
pulling a99b7f834d75:  65% ▕███████████       ▏ 3.9 GB/6.0 GB  9.6 MB/s   3m38s[K[?25h[?2026l[?2026h[?25l[A[1Gpulling manifest [K
pulling a99b7f834d75:  65% ▕███████████       ▏ 3.9 GB/6.0 GB  9.6 MB/s   3m37s[K[?25h[?2026l[?2026h[?25l[A[1Gpulling manifest [K
pulling a99b7f834d75:  65% ▕███████████       ▏ 3.9 GB/6.0 GB  9.6 MB/s   3m37s[K[?25h[?2026l[?2026h[?25l[A[1Gpulling manifest [K
pulling a99b7f834d75:  65% ▕███████████       ▏ 3.9 GB/6.0 GB  9.6 MB/s   3m37s[K[?25h[?2026l[?2026h[?25l[A[1Gpulling manifest [K
pulling a99b7f834d75:  65% ▕███████████       ▏ 3.9 GB/6.0 GB  9.6 MB/s   3m37s[K[?25h[?2026l[?2026h[?25l[A[1Gpulling manifest [K
pulling a99b7f834d75:  65% ▕███████████       ▏ 3.9 GB/6.0 GB  9.6 MB/s   3m37s[K[?25h[?2026l[?2026h[?25l[A[1Gpulling manifest [K
pulling a99b7f834d75:  65% ▕███████████       ▏ 3.9 GB/6.0 GB  9.6 MB/s   3m37s[K[?25h[?2026l[?2026h[?25l[A[1Gpulling manifest [K
pulling a99b7f834d75:  65% ▕███████████       ▏ 3.9 GB/6.0 GB  9.6 MB/s   3m37s[K[?25h[?2026l[?2026h[?25l[A[1Gpulling manifest [K
pulling a99b7f834d75:  65% ▕███████████       ▏ 3.9 GB/6.0 GB  9.6 MB/s   3m37s[K[?25h[?2026l[?2026h[?25l[A[1Gpulling manifest [K
pulling a99b7f834d75:  65% ▕███████████       ▏ 3.9 GB/6.0 GB  9.2 MB/s   3m47s[K[?25h[?2026l[?2026h[?25l[A[1Gpulling manifest [K
pulling a99b7f834d75:  65% ▕███████████       ▏ 3.9 GB/6.0 GB  9.2 MB/s   3m47s[K[?25h[?2026l[?2026h[?25l[A[1Gpulling manifest [K
pulling a99b7f834d75:  65% ▕███████████       ▏ 3.9 GB/6.0 GB  9.2 MB/s   3m47s[K[?25h[?2026l[?2026h[?25l[A[1Gpulling manifest [K
pulling a99b7f834d75:  65% ▕███████████       ▏ 3.9 GB/6.0 GB  9.2 MB/s   3m47s[K[?25h[?2026l[?2026h[?25l[A[1Gpulling manifest [K
pulling a99b7f834d75:  65% ▕███████████       ▏ 3.9 GB/6.0 GB  9.2 MB/s   3m47s[K[?25h[?2026l[?2026h[?25l[A[1Gpulling manifest [K
pulling a99b7f834d75:  65% ▕███████████       ▏ 3.9 GB/6.0 GB  9.2 MB/s   3m47s[K[?25h[?2026l[?2026h[?25l[A[1Gpulling manifest [K
pulling a99b7f834d75:  65% ▕███████████       ▏ 3.9 GB/6.0 GB  9.2 MB/s   3m47s[K[?25h[?2026l[?2026h[?25l[A[1Gpulling manifest [K
pulling a99b7f834d75:  65% ▕███████████       ▏ 3.9 GB/6.0 GB  9.2 MB/s   3m47s[K[?25h[?2026l[?2026h[?25l[A[1Gpulling manifest [K
pulling a99b7f834d75:  65% ▕███████████       ▏ 3.9 GB/6.0 GB  9.2 MB/s   3m46s[K[?25h[?2026l[?2026h[?25l[A[1Gpulling manifest [K
pulling a99b7f834d75:  65% ▕███████████       ▏ 3.9 GB/6.0 GB  9.2 MB/s   3m46s[K[?25h[?2026l[?2026h[?25l[A[1Gpulling manifest [K
pulling a99b7f834d75:  65% ▕███████████       ▏ 3.9 GB/6.0 GB  8.6 MB/s    4m1s[K[?25h[?2026l[?2026h[?25l[A[1Gpulling manifest [K
pulling a99b7f834d75:  65% ▕███████████       ▏ 3.9 GB/6.0 GB  8.6 MB/s    4m1s[K[?25h[?2026l[?2026h[?25l[A[1Gpulling manifest [K
pulling a99b7f834d75:  65% ▕███████████       ▏ 3.9 GB/6.0 GB  8.6 MB/s    4m1s[K[?25h[?2026l[?2026h[?25l[A[1Gpulling manifest [K
pulling a99b7f834d75:  65% ▕███████████       ▏ 3.9 GB/6.0 GB  8.6 MB/s    4m1s[K[?25h[?2026l[?2026h[?25l[A[1Gpulling manifest [K
pulling a99b7f834d75:  65% ▕███████████       ▏ 3.9 GB/6.0 GB  8.6 MB/s    4m1s[K[?25h[?2026l[?2026h[?25l[A[1Gpulling manifest [K
pulling a99b7f834d75:  65% ▕███████████       ▏ 3.9 GB/6.0 GB  8.6 MB/s    4m0s[K[?25h[?2026l[?2026h[?25l[A[1Gpulling manifest [K
pulling a99b7f834d75:  65% ▕███████████       ▏ 3.9 GB/6.0 GB  8.6 MB/s    4m0s[K[?25h[?2026l[?2026h[?25l[A[1Gpulling manifest [K
pulling a99b7f834d75:  65% ▕███████████       ▏ 3.9 GB/6.0 GB  8.6 MB/s    4m0s[K[?25h[?2026l[?2026h[?25l[A[1Gpulling manifest [K
pulling a99b7f834d75:  65% ▕███████████       ▏ 3.9 GB/6.0 GB  8.6 MB/s    4m0s[K[?25h[?2026l[?2026h[?25l[A[1Gpulling manifest [K
pulling a99b7f834d75:  65% ▕███████████       ▏ 3.9 GB/6.0 GB  8.6 MB/s    4m0s[K[?25h[?2026l[?2026h[?25l[A[1Gpulling manifest [K
pulling a99b7f834d75:  65% ▕███████████       ▏ 3.9 GB/6.0 GB  8.6 MB/s    4m1s[K[?25h[?2026l[?2026h[?25l[A[1Gpulling manifest [K
pulling a99b7f834d75:  65% ▕███████████       ▏ 3.9 GB/6.0 GB  8.6 MB/s    4m1s[K[?25h[?2026l[?2026h[?25l[A[1Gpulling manifest [K
pulling a99b7f834d75:  65% ▕███████████       ▏ 3.9 GB/6.0 GB  8.6 MB/s    4m1s[K[?25h[?2026l[?2026h[?25l[A[1Gpulling manifest [K
pulling a99b7f834d75:  65% ▕███████████       ▏ 3.9 GB/6.0 GB  8.6 MB/s    4m1s[K[?25h[?2026l[?2026h[?25l[A[1Gpulling manifest [K
pulling a99b7f834d75:  65% ▕███████████       ▏ 3.9 GB/6.0 GB  8.6 MB/s    4m1s[K[?25h[?2026l[?2026h[?25l[A[1Gpulling manifest [K
pulling a99b7f834d75:  65% ▕███████████       ▏ 3.9 GB/6.0 GB  8.6 MB/s    4m1s[K[?25h[?2026l[?2026h[?25l[A[1Gpulling manifest [K
pulling a99b7f834d75:  65% ▕███████████       ▏ 3.9 GB/6.0 GB  8.6 MB/s    4m0s[K[?25h[?2026l[?2026h[?25l[A[1Gpulling manifest [K
pulling a99b7f834d75:  65% ▕███████████       ▏ 3.9 GB/6.0 GB  8.6 MB/s    4m0s[K[?25h[?2026l[?2026h[?25l[A[1Gpulling manifest [K
pulling a99b7f834d75:  65% ▕███████████       ▏ 3.9 GB/6.0 GB  8.6 MB/s    4m0s[K[?25h[?2026l[?2026h[?25l[A[1Gpulling manifest [K
pulling a99b7f834d75:  65% ▕███████████       ▏ 3.9 GB/6.0 GB  8.6 MB/s    4m0s[K[?25h[?2026l[?2026h[?25l[A[1Gpulling manifest [K
pulling a99b7f834d75:  65% ▕███████████       ▏ 3.9 GB/6.0 GB  8.3 MB/s   4m11s[K[?25h[?2026l[?2026h[?25l[A[1Gpulling manifest [K
pulling a99b7f834d75:  65% ▕███████████       ▏ 3.9 GB/6.0 GB  8.3 MB/s   4m11s[K[?25h[?2026l[?2026h[?25l[A[1Gpulling manifest [K
pulling a99b7f834d75:  65% ▕███████████       ▏ 3.9 GB/6.0 GB  8.3 MB/s   4m10s[K[?25h[?2026l[?2026h[?25l[A[1Gpulling manifest [K
pulling a99b7f834d75:  65% ▕███████████       ▏ 3.9 GB/6.0 GB  8.3 MB/s   4m10s[K[?25h[?2026l[?2026h[?25l[A[1Gpulling manifest [K
pulling a99b7f834d75:  65% ▕███████████       ▏ 3.9 GB/6.0 GB  8.3 MB/s   4m10s[K[?25h[?2026l[?2026h[?25l[A[1Gpulling manifest [K
pulling a99b7f834d75:  65% ▕███████████       ▏ 3.9 GB/6.0 GB  8.3 MB/s   4m10s[K[?25h[?2026l[?2026h[?25l[A[1Gpulling manifest [K
pulling a99b7f834d75:  65% ▕███████████       ▏ 3.9 GB/6.0 GB  8.3 MB/s   4m10s[K[?25h[?2026l[?2026h[?25l[A[1Gpulling manifest [K
pulling a99b7f834d75:  65% ▕███████████       ▏ 3.9 GB/6.0 GB  8.3 MB/s   4m10s[K[?25h[?2026l[?2026h[?25l[A[1Gpulling manifest [K
pulling a99b7f834d75:  65% ▕███████████       ▏ 3.9 GB/6.0 GB  8.3 MB/s   4m10s[K[?25h[?2026l[?2026h[?25l[A[1Gpulling manifest [K
pulling a99b7f834d75:  65% ▕███████████       ▏ 3.9 GB/6.0 GB  8.3 MB/s   4m10s[K[?25h[?2026l[?2026h[?25l[A[1Gpulling manifest [K
pulling a99b7f834d75:  65% ▕███████████       ▏ 3.9 GB/6.0 GB  8.3 MB/s   4m10s[K[?25h[?2026l[?2026h[?25l[A[1Gpulling manifest [K
pulling a99b7f834d75:  65% ▕███████████       ▏ 3.9 GB/6.0 GB  7.7 MB/s   4m26s[K[?25h[?2026l[?2026h[?25l[A[1Gpulling manifest [K
pulling a99b7f834d75:  65% ▕███████████       ▏ 3.9 GB/6.0 GB  7.7 MB/s   4m26s[K[?25h[?2026l[?2026h[?25l[A[1Gpulling manifest [K
pulling a99b7f834d75:  65% ▕███████████       ▏ 3.9 GB/6.0 GB  7.7 MB/s   4m26s[K[?25h[?2026l[?2026h[?25l[A[1Gpulling manifest [K
pulling a99b7f834d75:  65% ▕███████████       ▏ 3.9 GB/6.0 GB  7.7 MB/s   4m26s[K[?25h[?2026l[?2026h[?25l[A[1Gpulling manifest [K
pulling a99b7f834d75:  65% ▕███████████       ▏ 3.9 GB/6.0 GB  7.7 MB/s   4m26s[K[?25h[?2026l[?2026h[?25l[A[1Gpulling manifest [K
pulling a99b7f834d75:  65% ▕███████████       ▏ 3.9 GB/6.0 GB  7.7 MB/s   4m26s[K[?25h[?2026l[?2026h[?25l[A[1Gpulling manifest [K
pulling a99b7f834d75:  65% ▕███████████       ▏ 3.9 GB/6.0 GB  7.7 MB/s   4m26s[K[?25h[?2026l[?2026h[?25l[A[1Gpulling manifest [K
pulling a99b7f834d75:  65% ▕███████████       ▏ 3.9 GB/6.0 GB  7.7 MB/s   4m25s[K[?25h[?2026l[?2026h[?25l[A[1Gpulling manifest [K
pulling a99b7f834d75:  66% ▕███████████       ▏ 3.9 GB/6.0 GB  7.7 MB/s   4m25s[K[?25h[?2026l[?2026h[?25l[A[1Gpulling manifest [K
pulling a99b7f834d75:  66% ▕███████████       ▏ 3.9 GB/6.0 GB  7.7 MB/s   4m25s[K[?25h[?2026l[?2026h[?25l[A[1Gpulling manifest [K
pulling a99b7f834d75:  66% ▕███████████       ▏ 3.9 GB/6.0 GB  7.5 MB/s   4m33s[K[?25h[?2026l[?2026h[?25l[A[1Gpulling manifest [K
pulling a99b7f834d75:  66% ▕███████████       ▏ 3.9 GB/6.0 GB  7.5 MB/s   4m33s[K[?25h[?2026l[?2026h[?25l[A[1Gpulling manifest [K
pulling a99b7f834d75:  66% ▕███████████       ▏ 3.9 GB/6.0 GB  7.5 MB/s   4m32s[K[?25h[?2026l[?2026h[?25l[A[1Gpulling manifest [K
pulling a99b7f834d75:  66% ▕███████████       ▏ 3.9 GB/6.0 GB  7.5 MB/s   4m32s[K[?25h[?2026l[?2026h[?25l[A[1Gpulling manifest [K
pulling a99b7f834d75:  66% ▕███████████       ▏ 3.9 GB/6.0 GB  7.5 MB/s   4m32s[K[?25h[?2026l[?2026h[?25l[A[1Gpulling manifest [K
pulling a99b7f834d75:  66% ▕███████████       ▏ 3.9 GB/6.0 GB  7.5 MB/s   4m32s[K[?25h[?2026l[?2026h[?25l[A[1Gpulling manifest [K
pulling a99b7f834d75:  66% ▕███████████       ▏ 3.9 GB/6.0 GB  7.5 MB/s   4m32s[K[?25h[?2026l[?2026h[?25l[A[1Gpulling manifest [K
pulling a99b7f834d75:  66% ▕███████████       ▏ 3.9 GB/6.0 GB  7.5 MB/s   4m32s[K[?25h[?2026l[?2026h[?25l[A[1Gpulling manifest [K
pulling a99b7f834d75:  66% ▕███████████       ▏ 3.9 GB/6.0 GB  7.5 MB/s   4m31s[K[?25h[?2026l[?2026h[?25l[A[1Gpulling manifest [K
pulling a99b7f834d75:  66% ▕███████████       ▏ 3.9 GB/6.0 GB  7.5 MB/s   4m31s[K[?25h[?2026l[?2026h[?25l[A[1Gpulling manifest [K
pulling a99b7f834d75:  66% ▕███████████       ▏ 3.9 GB/6.0 GB  7.7 MB/s   4m24s[K[?25h[?2026l[?2026h[?25l[A[1Gpulling manifest [K
pulling a99b7f834d75:  66% ▕███████████       ▏ 3.9 GB/6.0 GB  7.7 MB/s   4m24s[K[?25h[?2026l[?2026h[?25l[A[1Gpulling manifest [K
pulling a99b7f834d75:  66% ▕███████████       ▏ 3.9 GB/6.0 GB  7.7 MB/s   4m24s[K[?25h[?2026l[?2026h[?25l[A[1Gpulling manifest [K
pulling a99b7f834d75:  66% ▕███████████       ▏ 3.9 GB/6.0 GB  7.7 MB/s   4m24s[K[?25h[?2026l[?2026h[?25l[A[1Gpulling manifest [K
pulling a99b7f834d75:  66% ▕███████████       ▏ 3.9 GB/6.0 GB  7.7 MB/s   4m23s[K[?25h[?2026l[?2026h[?25l[A[1Gpulling manifest [K
pulling a99b7f834d75:  66% ▕███████████       ▏ 3.9 GB/6.0 GB  7.7 MB/s   4m23s[K[?25h[?2026l[?2026h[?25l[A[1Gpulling manifest [K
pulling a99b7f834d75:  66% ▕███████████       ▏ 3.9 GB/6.0 GB  7.7 MB/s   4m23s[K[?25h[?2026l[?2026h[?25l[A[1Gpulling manifest [K
pulling a99b7f834d75:  66% ▕███████████       ▏ 3.9 GB/6.0 GB  7.7 MB/s   4m23s[K[?25h[?2026l[?2026h[?25l[A[1Gpulling manifest [K
pulling a99b7f834d75:  66% ▕███████████       ▏ 3.9 GB/6.0 GB  7.7 MB/s   4m22s[K[?25h[?2026l[?2026h[?25l[A[1Gpulling manifest [K
pulling a99b7f834d75:  66% ▕███████████       ▏ 3.9 GB/6.0 GB  7.7 MB/s   4m22s[K[?25h[?2026l[?2026h[?25l[A[1Gpulling manifest [K
pulling a99b7f834d75:  66% ▕███████████       ▏ 3.9 GB/6.0 GB  8.6 MB/s   3m56s[K[?25h[?2026l[?2026h[?25l[A[1Gpulling manifest [K
pulling a99b7f834d75:  66% ▕███████████       ▏ 3.9 GB/6.0 GB  8.6 MB/s   3m55s[K[?25h[?2026l[?2026h[?25l[A[1Gpulling manifest [K
pulling a99b7f834d75:  66% ▕███████████       ▏ 3.9 GB/6.0 GB  8.6 MB/s   3m55s[K[?25h[?2026l[?2026h[?25l[A[1Gpulling manifest [K
pulling a99b7f834d75:  66% ▕███████████       ▏ 3.9 GB/6.0 GB  8.6 MB/s   3m55s[K[?25h[?2026l[?2026h[?25l[A[1Gpulling manifest [K
pulling a99b7f834d75:  66% ▕███████████       ▏ 3.9 GB/6.0 GB  8.6 MB/s   3m55s[K[?25h[?2026l[?2026h[?25l[A[1Gpulling manifest [K
pulling a99b7f834d75:  66% ▕███████████       ▏ 3.9 GB/6.0 GB  8.6 MB/s   3m55s[K[?25h[?2026l[?2026h[?25l[A[1Gpulling manifest [K
pulling a99b7f834d75:  66% ▕███████████       ▏ 3.9 GB/6.0 GB  8.6 MB/s   3m55s[K[?25h[?2026l[?2026h[?25l[A[1Gpulling manifest [K
pulling a99b7f834d75:  66% ▕███████████       ▏ 4.0 GB/6.0 GB  8.6 MB/s   3m54s[K[?25h[?2026l[?2026h[?25l[A[1Gpulling manifest [K
pulling a99b7f834d75:  66% ▕███████████       ▏ 4.0 GB/6.0 GB  8.6 MB/s   3m54s[K[?25h[?2026l[?2026h[?25l[A[1Gpulling manifest [K
pulling a99b7f834d75:  66% ▕███████████       ▏ 4.0 GB/6.0 GB  8.6 MB/s   3m54s[K[?25h[?2026l[?2026h[?25l[A[1Gpulling manifest [K
pulling a99b7f834d75:  66% ▕███████████       ▏ 4.0 GB/6.0 GB  9.3 MB/s   3m36s[K[?25h[?2026l[?2026h[?25l[A[1Gpulling manifest [K
pulling a99b7f834d75:  66% ▕███████████       ▏ 4.0 GB/6.0 GB  9.3 MB/s   3m36s[K[?25h[?2026l[?2026h[?25l[A[1Gpulling manifest [K
pulling a99b7f834d75:  66% ▕███████████       ▏ 4.0 GB/6.0 GB  9.3 MB/s   3m36s[K[?25h[?2026l[?2026h[?25l[A[1Gpulling manifest [K
pulling a99b7f834d75:  66% ▕███████████       ▏ 4.0 GB/6.0 GB  9.3 MB/s   3m35s[K[?25h[?2026l[?2026h[?25l[A[1Gpulling manifest [K
pulling a99b7f834d75:  66% ▕███████████       ▏ 4.0 GB/6.0 GB  9.3 MB/s   3m35s[K[?25h[?2026l[?2026h[?25l[A[1Gpulling manifest [K
pulling a99b7f834d75:  66% ▕███████████       ▏ 4.0 GB/6.0 GB  9.3 MB/s   3m35s[K[?25h[?2026l[?2026h[?25l[A[1Gpulling manifest [K
pulling a99b7f834d75:  66% ▕███████████       ▏ 4.0 GB/6.0 GB  9.3 MB/s   3m35s[K[?25h[?2026l[?2026h[?25l[A[1Gpulling manifest [K
pulling a99b7f834d75:  67% ▕███████████       ▏ 4.0 GB/6.0 GB  9.3 MB/s   3m35s[K[?25h[?2026l[?2026h[?25l[A[1Gpulling manifest [K
pulling a99b7f834d75:  67% ▕███████████       ▏ 4.0 GB/6.0 GB  9.3 MB/s   3m34s[K[?25h[?2026l[?2026h[?25l[A[1Gpulling manifest [K
pulling a99b7f834d75:  67% ▕███████████       ▏ 4.0 GB/6.0 GB  9.3 MB/s   3m34s[K[?25h[?2026l[?2026h[?25l[A[1Gpulling manifest [K
pulling a99b7f834d75:  67% ▕███████████       ▏ 4.0 GB/6.0 GB  9.3 MB/s   3m34s[K[?25h[?2026l[?2026h[?25l[A[1Gpulling manifest [K
pulling a99b7f834d75:  67% ▕███████████       ▏ 4.0 GB/6.0 GB   10 MB/s    3m6s[K[?25h[?2026l[?2026h[?25l[A[1Gpulling manifest [K
pulling a99b7f834d75:  67% ▕███████████       ▏ 4.0 GB/6.0 GB   10 MB/s    3m6s[K[?25h[?2026l[?2026h[?25l[A[1Gpulling manifest [K
pulling a99b7f834d75:  67% ▕████████████      ▏ 4.0 GB/6.0 GB   10 MB/s    3m6s[K[?25h[?2026l[?2026h[?25l[A[1Gpulling manifest [K
pulling a99b7f834d75:  67% ▕████████████      ▏ 4.0 GB/6.0 GB   10 MB/s    3m6s[K[?25h[?2026l[?2026h[?25l[A[1Gpulling manifest [K
pulling a99b7f834d75:  67% ▕████████████      ▏ 4.0 GB/6.0 GB   10 MB/s    3m5s[K[?25h[?2026l[?2026h[?25l[A[1Gpulling manifest [K
pulling a99b7f834d75:  67% ▕████████████      ▏ 4.0 GB/6.0 GB   10 MB/s    3m5s[K[?25h[?2026l[?2026h[?25l[A[1Gpulling manifest [K
pulling a99b7f834d75:  67% ▕████████████      ▏ 4.0 GB/6.0 GB   10 MB/s    3m5s[K[?25h[?2026l[?2026h[?25l[A[1Gpulling manifest [K
pulling a99b7f834d75:  67% ▕████████████      ▏ 4.0 GB/6.0 GB   10 MB/s    3m5s[K[?25h[?2026l[?2026h[?25l[A[1Gpulling manifest [K
pulling a99b7f834d75:  67% ▕████████████      ▏ 4.0 GB/6.0 GB   10 MB/s    3m5s[K[?25h[?2026l[?2026h[?25l[A[1Gpulling manifest [K
pulling a99b7f834d75:  67% ▕████████████      ▏ 4.0 GB/6.0 GB   10 MB/s    3m5s[K[?25h[?2026l[?2026h[?25l[A[1Gpulling manifest [K
pulling a99b7f834d75:  67% ▕████████████      ▏ 4.0 GB/6.0 GB   11 MB/s   2m46s[K[?25h[?2026l[?2026h[?25l[A[1Gpulling manifest [K
pulling a99b7f834d75:  67% ▕████████████      ▏ 4.0 GB/6.0 GB   11 MB/s   2m46s[K[?25h[?2026l[?2026h[?25l[A[1Gpulling manifest [K
pulling a99b7f834d75:  67% ▕████████████      ▏ 4.0 GB/6.0 GB   11 MB/s   2m46s[K[?25h[?2026l[?2026h[?25l[A[1Gpulling manifest [K
pulling a99b7f834d75:  67% ▕████████████      ▏ 4.0 GB/6.0 GB   11 MB/s   2m46s[K[?25h[?2026l[?2026h[?25l[A[1Gpulling manifest [K
pulling a99b7f834d75:  67% ▕████████████      ▏ 4.0 GB/6.0 GB   11 MB/s   2m46s[K[?25h[?2026l[?2026h[?25l[A[1Gpulling manifest [K
pulling a99b7f834d75:  67% ▕████████████      ▏ 4.0 GB/6.0 GB   11 MB/s   2m45s[K[?25h[?2026l[?2026h[?25l[A[1Gpulling manifest [K
pulling a99b7f834d75:  67% ▕████████████      ▏ 4.0 GB/6.0 GB   11 MB/s   2m45s[K[?25h[?2026l[?2026h[?25l[A[1Gpulling manifest [K
pulling a99b7f834d75:  67% ▕████████████      ▏ 4.0 GB/6.0 GB   11 MB/s   2m45s[K[?25h[?2026l[?2026h[?25l[A[1Gpulling manifest [K
pulling a99b7f834d75:  67% ▕████████████      ▏ 4.0 GB/6.0 GB   11 MB/s   2m45s[K[?25h[?2026l[?2026h[?25l[A[1Gpulling manifest [K
pulling a99b7f834d75:  67% ▕████████████      ▏ 4.0 GB/6.0 GB   11 MB/s   2m45s[K[?25h[?2026l[?2026h[?25l[A[1Gpulling manifest [K
pulling a99b7f834d75:  67% ▕████████████      ▏ 4.0 GB/6.0 GB   12 MB/s   2m33s[K[?25h[?2026l[?2026h[?25l[A[1Gpulling manifest [K
pulling a99b7f834d75:  67% ▕████████████      ▏ 4.0 GB/6.0 GB   12 MB/s   2m33s[K[?25h[?2026l[?2026h[?25l[A[1Gpulling manifest [K
pulling a99b7f834d75:  67% ▕████████████      ▏ 4.0 GB/6.0 GB   12 MB/s   2m33s[K[?25h[?2026l[?2026h[?25l[A[1Gpulling manifest [K
pulling a99b7f834d75:  67% ▕████████████      ▏ 4.0 GB/6.0 GB   12 MB/s   2m32s[K[?25h[?2026l[?2026h[?25l[A[1Gpulling manifest [K
pulling a99b7f834d75:  67% ▕████████████      ▏ 4.0 GB/6.0 GB   12 MB/s   2m32s[K[?25h[?2026l[?2026h[?25l[A[1Gpulling manifest [K
pulling a99b7f834d75:  67% ▕████████████      ▏ 4.0 GB/6.0 GB   12 MB/s   2m32s[K[?25h[?2026l[?2026h[?25l[A[1Gpulling manifest [K
pulling a99b7f834d75:  67% ▕████████████      ▏ 4.0 GB/6.0 GB   12 MB/s   2m32s[K[?25h[?2026l[?2026h[?25l[A[1Gpulling manifest [K
pulling a99b7f834d75:  67% ▕████████████      ▏ 4.0 GB/6.0 GB   12 MB/s   2m32s[K[?25h[?2026l[?2026h[?25l[A[1Gpulling manifest [K
pulling a99b7f834d75:  67% ▕████████████      ▏ 4.0 GB/6.0 GB   12 MB/s   2m32s[K[?25h[?2026l[?2026h[?25l[A[1Gpulling manifest [K
pulling a99b7f834d75:  67% ▕████████████      ▏ 4.0 GB/6.0 GB   12 MB/s   2m32s[K[?25h[?2026l[?2026h[?25l[A[1Gpulling manifest [K
pulling a99b7f834d75:  67% ▕████████████      ▏ 4.0 GB/6.0 GB   13 MB/s   2m19s[K[?25h[?2026l[?2026h[?25l[A[1Gpulling manifest [K
pulling a99b7f834d75:  67% ▕████████████      ▏ 4.0 GB/6.0 GB   13 MB/s   2m19s[K[?25h[?2026l[?2026h[?25l[A[1Gpulling manifest [K
pulling a99b7f834d75:  67% ▕████████████      ▏ 4.0 GB/6.0 GB   13 MB/s   2m19s[K[?25h[?2026l[?2026h[?25l[A[1Gpulling manifest [K
pulling a99b7f834d75:  67% ▕████████████      ▏ 4.0 GB/6.0 GB   13 MB/s   2m19s[K[?25h[?2026l[?2026h[?25l[A[1Gpulling manifest [K
pulling a99b7f834d75:  67% ▕████████████      ▏ 4.0 GB/6.0 GB   13 MB/s   2m19s[K[?25h[?2026l[?2026h[?25l[A[1Gpulling manifest [K
pulling a99b7f834d75:  67% ▕████████████      ▏ 4.0 GB/6.0 GB   13 MB/s   2m19s[K[?25h[?2026l[?2026h[?25l[A[1Gpulling manifest [K
pulling a99b7f834d75:  67% ▕████████████      ▏ 4.0 GB/6.0 GB   13 MB/s   2m19s[K[?25h[?2026l[?2026h[?25l[A[1Gpulling manifest [K
pulling a99b7f834d75:  67% ▕████████████      ▏ 4.0 GB/6.0 GB   13 MB/s   2m19s[K[?25h[?2026l[?2026h[?25l[A[1Gpulling manifest [K
pulling a99b7f834d75:  67% ▕████████████      ▏ 4.0 GB/6.0 GB   13 MB/s   2m19s[K[?25h[?2026l[?2026h[?25l[A[1Gpulling manifest [K
pulling a99b7f834d75:  67% ▕████████████      ▏ 4.0 GB/6.0 GB   13 MB/s   2m19s[K[?25h[?2026l[?2026h[?25l[A[1Gpulling manifest [K
pulling a99b7f834d75:  67% ▕████████████      ▏ 4.0 GB/6.0 GB   13 MB/s   2m22s[K[?25h[?2026l[?2026h[?25l[A[1Gpulling manifest [K
pulling a99b7f834d75:  67% ▕████████████      ▏ 4.0 GB/6.0 GB   13 MB/s   2m22s[K[?25h[?2026l[?2026h[?25l[A[1Gpulling manifest [K
pulling a99b7f834d75:  67% ▕████████████      ▏ 4.0 GB/6.0 GB   13 MB/s   2m22s[K[?25h[?2026l[?2026h[?25l[A[1Gpulling manifest [K
pulling a99b7f834d75:  67% ▕████████████      ▏ 4.0 GB/6.0 GB   13 MB/s   2m22s[K[?25h[?2026l[?2026h[?25l[A[1Gpulling manifest [K
pulling a99b7f834d75:  67% ▕████████████      ▏ 4.0 GB/6.0 GB   13 MB/s   2m22s[K[?25h[?2026l[?2026h[?25l[A[1Gpulling manifest [K
pulling a99b7f834d75:  67% ▕████████████      ▏ 4.0 GB/6.0 GB   13 MB/s   2m22s[K[?25h[?2026l[?2026h[?25l[A[1Gpulling manifest [K
pulling a99b7f834d75:  67% ▕████████████      ▏ 4.0 GB/6.0 GB   13 MB/s   2m22s[K[?25h[?2026l[?2026h[?25l[A[1Gpulling manifest [K
pulling a99b7f834d75:  67% ▕████████████      ▏ 4.0 GB/6.0 GB   13 MB/s   2m22s[K[?25h[?2026l[?2026h[?25l[A[1Gpulling manifest [K
pulling a99b7f834d75:  67% ▕████████████      ▏ 4.0 GB/6.0 GB   13 MB/s   2m22s[K[?25h[?2026l[?2026h[?25l[A[1Gpulling manifest [K
pulling a99b7f834d75:  67% ▕████████████      ▏ 4.0 GB/6.0 GB   13 MB/s   2m22s[K[?25h[?2026l[?2026h[?25l[A[1Gpulling manifest [K
pulling a99b7f834d75:  67% ▕████████████      ▏ 4.0 GB/6.0 GB   13 MB/s   2m22s[K[?25h[?2026l[?2026h[?25l[A[1Gpulling manifest [K
pulling a99b7f834d75:  67% ▕████████████      ▏ 4.0 GB/6.0 GB   12 MB/s   2m31s[K[?25h[?2026l[?2026h[?25l[A[1Gpulling manifest [K
pulling a99b7f834d75:  67% ▕████████████      ▏ 4.0 GB/6.0 GB   12 MB/s   2m31s[K[?25h[?2026l[?2026h[?25l[A[1Gpulling manifest [K
pulling a99b7f834d75:  67% ▕████████████      ▏ 4.0 GB/6.0 GB   12 MB/s   2m31s[K[?25h[?2026l[?2026h[?25l[A[1Gpulling manifest [K
pulling a99b7f834d75:  67% ▕████████████      ▏ 4.0 GB/6.0 GB   12 MB/s   2m31s[K[?25h[?2026l[?2026h[?25l[A[1Gpulling manifest [K
pulling a99b7f834d75:  67% ▕████████████      ▏ 4.0 GB/6.0 GB   12 MB/s   2m31s[K[?25h[?2026l[?2026h[?25l[A[1Gpulling manifest [K
pulling a99b7f834d75:  68% ▕████████████      ▏ 4.0 GB/6.0 GB   12 MB/s   2m31s[K[?25h[?2026l[?2026h[?25l[A[1Gpulling manifest [K
pulling a99b7f834d75:  68% ▕████████████      ▏ 4.0 GB/6.0 GB   12 MB/s   2m31s[K[?25h[?2026l[?2026h[?25l[A[1Gpulling manifest [K
pulling a99b7f834d75:  68% ▕████████████      ▏ 4.0 GB/6.0 GB   12 MB/s   2m31s[K[?25h[?2026l[?2026h[?25l[A[1Gpulling manifest [K
pulling a99b7f834d75:  68% ▕████████████      ▏ 4.0 GB/6.0 GB   12 MB/s   2m31s[K[?25h[?2026l[?2026h[?25l[A[1Gpulling manifest [K
pulling a99b7f834d75:  68% ▕████████████      ▏ 4.0 GB/6.0 GB   12 MB/s   2m31s[K[?25h[?2026l[?2026h[?25l[A[1Gpulling manifest [K
pulling a99b7f834d75:  68% ▕████████████      ▏ 4.0 GB/6.0 GB   11 MB/s   2m44s[K[?25h[?2026l[?2026h[?25l[A[1Gpulling manifest [K
pulling a99b7f834d75:  68% ▕████████████      ▏ 4.0 GB/6.0 GB   11 MB/s   2m44s[K[?25h[?2026l[?2026h[?25l[A[1Gpulling manifest [K
pulling a99b7f834d75:  68% ▕████████████      ▏ 4.0 GB/6.0 GB   11 MB/s   2m44s[K[?25h[?2026l[?2026h[?25l[A[1Gpulling manifest [K
pulling a99b7f834d75:  68% ▕████████████      ▏ 4.0 GB/6.0 GB   11 MB/s   2m44s[K[?25h[?2026l[?2026h[?25l[A[1Gpulling manifest [K
pulling a99b7f834d75:  68% ▕████████████      ▏ 4.0 GB/6.0 GB   11 MB/s   2m44s[K[?25h[?2026l[?2026h[?25l[A[1Gpulling manifest [K
pulling a99b7f834d75:  68% ▕████████████      ▏ 4.0 GB/6.0 GB   11 MB/s   2m43s[K[?25h[?2026l[?2026h[?25l[A[1Gpulling manifest [K
pulling a99b7f834d75:  68% ▕████████████      ▏ 4.0 GB/6.0 GB   11 MB/s   2m43s[K[?25h[?2026l[?2026h[?25l[A[1Gpulling manifest [K
pulling a99b7f834d75:  68% ▕████████████      ▏ 4.0 GB/6.0 GB   11 MB/s   2m43s[K[?25h[?2026l[?2026h[?25l[A[1Gpulling manifest [K
pulling a99b7f834d75:  68% ▕████████████      ▏ 4.0 GB/6.0 GB   11 MB/s   2m43s[K[?25h[?2026l[?2026h[?25l[A[1Gpulling manifest [K
pulling a99b7f834d75:  68% ▕████████████      ▏ 4.0 GB/6.0 GB   11 MB/s   2m43s[K[?25h[?2026l[?2026h[?25l[A[1Gpulling manifest [K
pulling a99b7f834d75:  68% ▕████████████      ▏ 4.0 GB/6.0 GB   10 MB/s   2m58s[K[?25h[?2026l[?2026h[?25l[A[1Gpulling manifest [K
pulling a99b7f834d75:  68% ▕████████████      ▏ 4.0 GB/6.0 GB   10 MB/s   2m58s[K[?25h[?2026l[?2026h[?25l[A[1Gpulling manifest [K
pulling a99b7f834d75:  68% ▕████████████      ▏ 4.0 GB/6.0 GB   10 MB/s   2m58s[K[?25h[?2026l[?2026h[?25l[A[1Gpulling manifest [K
pulling a99b7f834d75:  68% ▕████████████      ▏ 4.0 GB/6.0 GB   10 MB/s   2m58s[K[?25h[?2026l[?2026h[?25l[A[1Gpulling manifest [K
pulling a99b7f834d75:  68% ▕████████████      ▏ 4.0 GB/6.0 GB   10 MB/s   2m58s[K[?25h[?2026l[?2026h[?25l[A[1Gpulling manifest [K
pulling a99b7f834d75:  68% ▕████████████      ▏ 4.0 GB/6.0 GB   10 MB/s   2m58s[K[?25h[?2026l[?2026h[?25l[A[1Gpulling manifest [K
pulling a99b7f834d75:  68% ▕████████████      ▏ 4.0 GB/6.0 GB   10 MB/s   2m58s[K[?25h[?2026l[?2026h[?25l[A[1Gpulling manifest [K
pulling a99b7f834d75:  68% ▕████████████      ▏ 4.0 GB/6.0 GB   10 MB/s   2m58s[K[?25h[?2026l[?2026h[?25l[A[1Gpulling manifest [K
pulling a99b7f834d75:  68% ▕████████████      ▏ 4.0 GB/6.0 GB   10 MB/s   2m58s[K[?25h[?2026l[?2026h[?25l[A[1Gpulling manifest [K
pulling a99b7f834d75:  68% ▕████████████      ▏ 4.0 GB/6.0 GB   10 MB/s   2m58s[K[?25h[?2026l[?2026h[?25l[A[1Gpulling manifest [K
pulling a99b7f834d75:  68% ▕████████████      ▏ 4.0 GB/6.0 GB   10 MB/s   3m12s[K[?25h[?2026l[?2026h[?25l[A[1Gpulling manifest [K
pulling a99b7f834d75:  68% ▕████████████      ▏ 4.0 GB/6.0 GB   10 MB/s   3m11s[K[?25h[?2026l[?2026h[?25l[A[1Gpulling manifest [K
pulling a99b7f834d75:  68% ▕████████████      ▏ 4.0 GB/6.0 GB   10 MB/s   3m11s[K[?25h[?2026l[?2026h[?25l[A[1Gpulling manifest [K
pulling a99b7f834d75:  68% ▕████████████      ▏ 4.1 GB/6.0 GB   10 MB/s   3m11s[K[?25h[?2026l[?2026h[?25l[A[1Gpulling manifest [K
pulling a99b7f834d75:  68% ▕████████████      ▏ 4.1 GB/6.0 GB   10 MB/s   3m11s[K[?25h[?2026l[?2026h[?25l[A[1Gpulling manifest [K
pulling a99b7f834d75:  68% ▕████████████      ▏ 4.1 GB/6.0 GB   10 MB/s   3m11s[K[?25h[?2026l[?2026h[?25l[A[1Gpulling manifest [K
pulling a99b7f834d75:  68% ▕████████████      ▏ 4.1 GB/6.0 GB   10 MB/s   3m11s[K[?25h[?2026l[?2026h[?25l[A[1Gpulling manifest [K
pulling a99b7f834d75:  68% ▕████████████      ▏ 4.1 GB/6.0 GB   10 MB/s   3m11s[K[?25h[?2026l[?2026h[?25l[A[1Gpulling manifest [K
pulling a99b7f834d75:  68% ▕████████████      ▏ 4.1 GB/6.0 GB   10 MB/s   3m11s[K[?25h[?2026l[?2026h[?25l[A[1Gpulling manifest [K
pulling a99b7f834d75:  68% ▕████████████      ▏ 4.1 GB/6.0 GB   10 MB/s   3m11s[K[?25h[?2026l[?2026h[?25l[A[1Gpulling manifest [K
pulling a99b7f834d75:  68% ▕████████████      ▏ 4.1 GB/6.0 GB  9.1 MB/s   3m29s[K[?25h[?2026l[?2026h[?25l[A[1Gpulling manifest [K
pulling a99b7f834d75:  68% ▕████████████      ▏ 4.1 GB/6.0 GB  9.1 MB/s   3m29s[K[?25h[?2026l[?2026h[?25l[A[1Gpulling manifest [K
pulling a99b7f834d75:  68% ▕████████████      ▏ 4.1 GB/6.0 GB  9.1 MB/s   3m29s[K[?25h[?2026l[?2026h[?25l[A[1Gpulling manifest [K
pulling a99b7f834d75:  68% ▕████████████      ▏ 4.1 GB/6.0 GB  9.1 MB/s   3m29s[K[?25h[?2026l[?2026h[?25l[A[1Gpulling manifest [K
pulling a99b7f834d75:  68% ▕████████████      ▏ 4.1 GB/6.0 GB  9.1 MB/s   3m28s[K[?25h[?2026l[?2026h[?25l[A[1Gpulling manifest [K
pulling a99b7f834d75:  68% ▕████████████      ▏ 4.1 GB/6.0 GB  9.1 MB/s   3m28s[K[?25h[?2026l[?2026h[?25l[A[1Gpulling manifest [K
pulling a99b7f834d75:  68% ▕████████████      ▏ 4.1 GB/6.0 GB  9.1 MB/s   3m28s[K[?25h[?2026l[?2026h[?25l[A[1Gpulling manifest [K
pulling a99b7f834d75:  68% ▕████████████      ▏ 4.1 GB/6.0 GB  9.1 MB/s   3m28s[K[?25h[?2026l[?2026h[?25l[A[1Gpulling manifest [K
pulling a99b7f834d75:  68% ▕████████████      ▏ 4.1 GB/6.0 GB  9.1 MB/s   3m28s[K[?25h[?2026l[?2026h[?25l[A[1Gpulling manifest [K
pulling a99b7f834d75:  68% ▕████████████      ▏ 4.1 GB/6.0 GB  9.1 MB/s   3m28s[K[?25h[?2026l[?2026h[?25l[A[1Gpulling manifest [K
pulling a99b7f834d75:  68% ▕████████████      ▏ 4.1 GB/6.0 GB  9.1 MB/s   3m28s[K[?25h[?2026l[?2026h[?25l[A[1Gpulling manifest [K
pulling a99b7f834d75:  68% ▕████████████      ▏ 4.1 GB/6.0 GB  8.5 MB/s   3m43s[K[?25h[?2026l[?2026h[?25l[A[1Gpulling manifest [K
pulling a99b7f834d75:  68% ▕████████████      ▏ 4.1 GB/6.0 GB  8.5 MB/s   3m43s[K[?25h[?2026l[?2026h[?25l[A[1Gpulling manifest [K
pulling a99b7f834d75:  68% ▕████████████      ▏ 4.1 GB/6.0 GB  8.5 MB/s   3m43s[K[?25h[?2026l[?2026h[?25l[A[1Gpulling manifest [K
pulling a99b7f834d75:  68% ▕████████████      ▏ 4.1 GB/6.0 GB  8.5 MB/s   3m43s[K[?25h[?2026l[?2026h[?25l[A[1Gpulling manifest [K
pulling a99b7f834d75:  68% ▕████████████      ▏ 4.1 GB/6.0 GB  8.5 MB/s   3m43s[K[?25h[?2026l[?2026h[?25l[A[1Gpulling manifest [K
pulling a99b7f834d75:  68% ▕████████████      ▏ 4.1 GB/6.0 GB  8.5 MB/s   3m42s[K[?25h[?2026l[?2026h[?25l[A[1Gpulling manifest [K
pulling a99b7f834d75:  68% ▕████████████      ▏ 4.1 GB/6.0 GB  8.5 MB/s   3m42s[K[?25h[?2026l[?2026h[?25l[A[1Gpulling manifest [K
pulling a99b7f834d75:  68% ▕████████████      ▏ 4.1 GB/6.0 GB  8.5 MB/s   3m42s[K[?25h[?2026l[?2026h[?25l[A[1Gpulling manifest [K
pulling a99b7f834d75:  68% ▕████████████      ▏ 4.1 GB/6.0 GB  8.5 MB/s   3m42s[K[?25h[?2026l[?2026h[?25l[A[1Gpulling manifest [K
pulling a99b7f834d75:  68% ▕████████████      ▏ 4.1 GB/6.0 GB  8.5 MB/s   3m42s[K[?25h[?2026l[?2026h[?25l[A[1Gpulling manifest [K
pulling a99b7f834d75:  68% ▕████████████      ▏ 4.1 GB/6.0 GB  7.8 MB/s    4m1s[K[?25h[?2026l[?2026h[?25l[A[1Gpulling manifest [K
pulling a99b7f834d75:  68% ▕████████████      ▏ 4.1 GB/6.0 GB  7.8 MB/s    4m1s[K[?25h[?2026l[?2026h[?25l[A[1Gpulling manifest [K
pulling a99b7f834d75:  68% ▕████████████      ▏ 4.1 GB/6.0 GB  7.8 MB/s    4m0s[K[?25h[?2026l[?2026h[?25l[A[1Gpulling manifest [K
pulling a99b7f834d75:  68% ▕████████████      ▏ 4.1 GB/6.0 GB  7.8 MB/s    4m0s[K[?25h[?2026l[?2026h[?25l[A[1Gpulling manifest [K
pulling a99b7f834d75:  68% ▕████████████      ▏ 4.1 GB/6.0 GB  7.8 MB/s    4m0s[K[?25h[?2026l[?2026h[?25l[A[1Gpulling manifest [K
pulling a99b7f834d75:  68% ▕████████████      ▏ 4.1 GB/6.0 GB  7.8 MB/s    4m0s[K[?25h[?2026l[?2026h[?25l[A[1Gpulling manifest [K
pulling a99b7f834d75:  68% ▕████████████      ▏ 4.1 GB/6.0 GB  7.8 MB/s    4m0s[K[?25h[?2026l[?2026h[?25l[A[1Gpulling manifest [K
pulling a99b7f834d75:  68% ▕████████████      ▏ 4.1 GB/6.0 GB  7.8 MB/s    4m0s[K[?25h[?2026l[?2026h[?25l[A[1Gpulling manifest [K
pulling a99b7f834d75:  68% ▕████████████      ▏ 4.1 GB/6.0 GB  7.8 MB/s    4m0s[K[?25h[?2026l[?2026h[?25l[A[1Gpulling manifest [K
pulling a99b7f834d75:  68% ▕████████████      ▏ 4.1 GB/6.0 GB  7.8 MB/s    4m0s[K[?25h[?2026l[?2026h[?25l[A[1Gpulling manifest [K
pulling a99b7f834d75:  68% ▕████████████      ▏ 4.1 GB/6.0 GB  6.7 MB/s   4m41s[K[?25h[?2026l[?2026h[?25l[A[1Gpulling manifest [K
pulling a99b7f834d75:  68% ▕████████████      ▏ 4.1 GB/6.0 GB  6.7 MB/s   4m41s[K[?25h[?2026l[?2026h[?25l[A[1Gpulling manifest [K
pulling a99b7f834d75:  68% ▕████████████      ▏ 4.1 GB/6.0 GB  6.7 MB/s   4m41s[K[?25h[?2026l[?2026h[?25l[A[1Gpulling manifest [K
pulling a99b7f834d75:  68% ▕████████████      ▏ 4.1 GB/6.0 GB  6.7 MB/s   4m41s[K[?25h[?2026l[?2026h[?25l[A[1Gpulling manifest [K
pulling a99b7f834d75:  68% ▕████████████      ▏ 4.1 GB/6.0 GB  6.7 MB/s   4m41s[K[?25h[?2026l[?2026h[?25l[A[1Gpulling manifest [K
pulling a99b7f834d75:  68% ▕████████████      ▏ 4.1 GB/6.0 GB  6.7 MB/s   4m41s[K[?25h[?2026l[?2026h[?25l[A[1Gpulling manifest [K
pulling a99b7f834d75:  68% ▕████████████      ▏ 4.1 GB/6.0 GB  6.7 MB/s   4m41s[K[?25h[?2026l[?2026h[?25l[A[1Gpulling manifest [K
pulling a99b7f834d75:  68% ▕████████████      ▏ 4.1 GB/6.0 GB  6.7 MB/s   4m41s[K[?25h[?2026l[?2026h[?25l[A[1Gpulling manifest [K
pulling a99b7f834d75:  68% ▕████████████      ▏ 4.1 GB/6.0 GB  6.7 MB/s   4m41s[K[?25h[?2026l[?2026h[?25l[A[1Gpulling manifest [K
pulling a99b7f834d75:  69% ▕████████████      ▏ 4.1 GB/6.0 GB  6.7 MB/s   4m41s[K[?25h[?2026l[?2026h[?25l[A[1Gpulling manifest [K
pulling a99b7f834d75:  69% ▕████████████      ▏ 4.1 GB/6.0 GB  7.1 MB/s   4m24s[K[?25h[?2026l[?2026h[?25l[A[1Gpulling manifest [K
pulling a99b7f834d75:  69% ▕████████████      ▏ 4.1 GB/6.0 GB  7.1 MB/s   4m23s[K[?25h[?2026l[?2026h[?25l[A[1Gpulling manifest [K
pulling a99b7f834d75:  69% ▕████████████      ▏ 4.1 GB/6.0 GB  7.1 MB/s   4m23s[K[?25h[?2026l[?2026h[?25l[A[1Gpulling manifest [K
pulling a99b7f834d75:  69% ▕████████████      ▏ 4.1 GB/6.0 GB  7.1 MB/s   4m23s[K[?25h[?2026l[?2026h[?25l[A[1Gpulling manifest [K
pulling a99b7f834d75:  69% ▕████████████      ▏ 4.1 GB/6.0 GB  7.1 MB/s   4m23s[K[?25h[?2026l[?2026h[?25l[A[1Gpulling manifest [K
pulling a99b7f834d75:  69% ▕████████████      ▏ 4.1 GB/6.0 GB  7.1 MB/s   4m23s[K[?25h[?2026l[?2026h[?25l[A[1Gpulling manifest [K
pulling a99b7f834d75:  69% ▕████████████      ▏ 4.1 GB/6.0 GB  7.1 MB/s   4m23s[K[?25h[?2026l[?2026h[?25l[A[1Gpulling manifest [K
pulling a99b7f834d75:  69% ▕████████████      ▏ 4.1 GB/6.0 GB  7.1 MB/s   4m23s[K[?25h[?2026l[?2026h[?25l[A[1Gpulling manifest [K
pulling a99b7f834d75:  69% ▕████████████      ▏ 4.1 GB/6.0 GB  7.1 MB/s   4m23s[K[?25h[?2026l[?2026h[?25l[A[1Gpulling manifest [K
pulling a99b7f834d75:  69% ▕████████████      ▏ 4.1 GB/6.0 GB  7.1 MB/s   4m22s[K[?25h[?2026l[?2026h[?25l[A[1Gpulling manifest [K
pulling a99b7f834d75:  69% ▕████████████      ▏ 4.1 GB/6.0 GB  8.1 MB/s   3m51s[K[?25h[?2026l[?2026h[?25l[A[1Gpulling manifest [K
pulling a99b7f834d75:  69% ▕████████████      ▏ 4.1 GB/6.0 GB  8.1 MB/s   3m51s[K[?25h[?2026l[?2026h[?25l[A[1Gpulling manifest [K
pulling a99b7f834d75:  69% ▕████████████      ▏ 4.1 GB/6.0 GB  8.1 MB/s   3m51s[K[?25h[?2026l[?2026h[?25l[A[1Gpulling manifest [K
pulling a99b7f834d75:  69% ▕████████████      ▏ 4.1 GB/6.0 GB  8.1 MB/s   3m51s[K[?25h[?2026l[?2026h[?25l[A[1Gpulling manifest [K
pulling a99b7f834d75:  69% ▕████████████      ▏ 4.1 GB/6.0 GB  8.1 MB/s   3m51s[K[?25h[?2026l[?2026h[?25l[A[1Gpulling manifest [K
pulling a99b7f834d75:  69% ▕████████████      ▏ 4.1 GB/6.0 GB  8.1 MB/s   3m51s[K[?25h[?2026l[?2026h[?25l[A[1Gpulling manifest [K
pulling a99b7f834d75:  69% ▕████████████      ▏ 4.1 GB/6.0 GB  8.1 MB/s   3m51s[K[?25h[?2026l[?2026h[?25l[A[1Gpulling manifest [K
pulling a99b7f834d75:  69% ▕████████████      ▏ 4.1 GB/6.0 GB  8.1 MB/s   3m50s[K[?25h[?2026l[?2026h[?25l[A[1Gpulling manifest [K
pulling a99b7f834d75:  69% ▕████████████      ▏ 4.1 GB/6.0 GB  8.1 MB/s   3m50s[K[?25h[?2026l[?2026h[?25l[A[1Gpulling manifest [K
pulling a99b7f834d75:  69% ▕████████████      ▏ 4.1 GB/6.0 GB  8.1 MB/s   3m50s[K[?25h[?2026l[?2026h[?25l[A[1Gpulling manifest [K
pulling a99b7f834d75:  69% ▕████████████      ▏ 4.1 GB/6.0 GB  8.1 MB/s   3m50s[K[?25h[?2026l[?2026h[?25l[A[1Gpulling manifest [K
pulling a99b7f834d75:  69% ▕████████████      ▏ 4.1 GB/6.0 GB  8.6 MB/s   3m37s[K[?25h[?2026l[?2026h[?25l[A[1Gpulling manifest [K
pulling a99b7f834d75:  69% ▕████████████      ▏ 4.1 GB/6.0 GB  8.6 MB/s   3m37s[K[?25h[?2026l[?2026h[?25l[A[1Gpulling manifest [K
pulling a99b7f834d75:  69% ▕████████████      ▏ 4.1 GB/6.0 GB  8.6 MB/s   3m37s[K[?25h[?2026l[?2026h[?25l[A[1Gpulling manifest [K
pulling a99b7f834d75:  69% ▕████████████      ▏ 4.1 GB/6.0 GB  8.6 MB/s   3m37s[K[?25h[?2026l[?2026h[?25l[A[1Gpulling manifest [K
pulling a99b7f834d75:  69% ▕████████████      ▏ 4.1 GB/6.0 GB  8.6 MB/s   3m37s[K[?25h[?2026l[?2026h[?25l[A[1Gpulling manifest [K
pulling a99b7f834d75:  69% ▕████████████      ▏ 4.1 GB/6.0 GB  8.6 MB/s   3m37s[K[?25h[?2026l[?2026h[?25l[A[1Gpulling manifest [K
pulling a99b7f834d75:  69% ▕████████████      ▏ 4.1 GB/6.0 GB  8.6 MB/s   3m37s[K[?25h[?2026l[?2026h[?25l[A[1Gpulling manifest [K
pulling a99b7f834d75:  69% ▕████████████      ▏ 4.1 GB/6.0 GB  8.6 MB/s   3m37s[K[?25h[?2026l[?2026h[?25l[A[1Gpulling manifest [K
pulling a99b7f834d75:  69% ▕████████████      ▏ 4.1 GB/6.0 GB  8.6 MB/s   3m36s[K[?25h[?2026l[?2026h[?25l[A[1Gpulling manifest [K
pulling a99b7f834d75:  69% ▕████████████      ▏ 4.1 GB/6.0 GB  8.6 MB/s   3m36s[K[?25h[?2026l[?2026h[?25l[A[1Gpulling manifest [K
pulling a99b7f834d75:  69% ▕████████████      ▏ 4.1 GB/6.0 GB  8.5 MB/s   3m37s[K[?25h[?2026l[?2026h[?25l[A[1Gpulling manifest [K
pulling a99b7f834d75:  69% ▕████████████      ▏ 4.1 GB/6.0 GB  8.5 MB/s   3m37s[K[?25h[?2026l[?2026h[?25l[A[1Gpulling manifest [K
pulling a99b7f834d75:  69% ▕████████████      ▏ 4.1 GB/6.0 GB  8.5 MB/s   3m37s[K[?25h[?2026l[?2026h[?25l[A[1Gpulling manifest [K
pulling a99b7f834d75:  69% ▕████████████      ▏ 4.1 GB/6.0 GB  8.5 MB/s   3m37s[K[?25h[?2026l[?2026h[?25l[A[1Gpulling manifest [K
pulling a99b7f834d75:  69% ▕████████████      ▏ 4.1 GB/6.0 GB  8.5 MB/s   3m37s[K[?25h[?2026l[?2026h[?25l[A[1Gpulling manifest [K
pulling a99b7f834d75:  69% ▕████████████      ▏ 4.1 GB/6.0 GB  8.5 MB/s   3m37s[K[?25h[?2026l[?2026h[?25l[A[1Gpulling manifest [K
pulling a99b7f834d75:  69% ▕████████████      ▏ 4.1 GB/6.0 GB  8.5 MB/s   3m37s[K[?25h[?2026l[?2026h[?25l[A[1Gpulling manifest [K
pulling a99b7f834d75:  69% ▕████████████      ▏ 4.1 GB/6.0 GB  8.5 MB/s   3m37s[K[?25h[?2026l[?2026h[?25l[A[1Gpulling manifest [K
pulling a99b7f834d75:  69% ▕████████████      ▏ 4.1 GB/6.0 GB  8.5 MB/s   3m36s[K[?25h[?2026l[?2026h[?25l[A[1Gpulling manifest [K
pulling a99b7f834d75:  69% ▕████████████      ▏ 4.1 GB/6.0 GB  8.5 MB/s   3m36s[K[?25h[?2026l[?2026h[?25l[A[1Gpulling manifest [K
pulling a99b7f834d75:  69% ▕████████████      ▏ 4.1 GB/6.0 GB  8.7 MB/s   3m31s[K[?25h[?2026l[?2026h[?25l[A[1Gpulling manifest [K
pulling a99b7f834d75:  69% ▕████████████      ▏ 4.1 GB/6.0 GB  8.7 MB/s   3m31s[K[?25h[?2026l[?2026h[?25l[A[1Gpulling manifest [K
pulling a99b7f834d75:  69% ▕████████████      ▏ 4.1 GB/6.0 GB  8.7 MB/s   3m31s[K[?25h[?2026l[?2026h[?25l[A[1Gpulling manifest [K
pulling a99b7f834d75:  69% ▕████████████      ▏ 4.1 GB/6.0 GB  8.7 MB/s   3m31s[K[?25h[?2026l[?2026h[?25l[A[1Gpulling manifest [K
pulling a99b7f834d75:  69% ▕████████████      ▏ 4.1 GB/6.0 GB  8.7 MB/s   3m31s[K[?25h[?2026l[?2026h[?25l[A[1Gpulling manifest [K
pulling a99b7f834d75:  69% ▕████████████      ▏ 4.1 GB/6.0 GB  8.7 MB/s   3m31s[K[?25h[?2026l[?2026h[?25l[A[1Gpulling manifest [K
pulling a99b7f834d75:  69% ▕████████████      ▏ 4.1 GB/6.0 GB  8.7 MB/s   3m31s[K[?25h[?2026l[?2026h[?25l[A[1Gpulling manifest [K
pulling a99b7f834d75:  69% ▕████████████      ▏ 4.1 GB/6.0 GB  8.7 MB/s   3m31s[K[?25h[?2026l[?2026h[?25l[A[1Gpulling manifest [K
pulling a99b7f834d75:  69% ▕████████████      ▏ 4.1 GB/6.0 GB  8.7 MB/s   3m31s[K[?25h[?2026l[?2026h[?25l[A[1Gpulling manifest [K
pulling a99b7f834d75:  69% ▕████████████      ▏ 4.1 GB/6.0 GB  8.7 MB/s   3m31s[K[?25h[?2026l[?2026h[?25l[A[1Gpulling manifest [K
pulling a99b7f834d75:  69% ▕████████████      ▏ 4.1 GB/6.0 GB  8.3 MB/s   3m40s[K[?25h[?2026l[?2026h[?25l[A[1Gpulling manifest [K
pulling a99b7f834d75:  69% ▕████████████      ▏ 4.1 GB/6.0 GB  8.3 MB/s   3m40s[K[?25h[?2026l[?2026h[?25l[A[1Gpulling manifest [K
pulling a99b7f834d75:  69% ▕████████████      ▏ 4.1 GB/6.0 GB  8.3 MB/s   3m40s[K[?25h[?2026l[?2026h[?25l[A[1Gpulling manifest [K
pulling a99b7f834d75:  69% ▕████████████      ▏ 4.1 GB/6.0 GB  8.3 MB/s   3m40s[K[?25h[?2026l[?2026h[?25l[A[1Gpulling manifest [K
pulling a99b7f834d75:  69% ▕████████████      ▏ 4.1 GB/6.0 GB  8.3 MB/s   3m39s[K[?25h[?2026l[?2026h[?25l[A[1Gpulling manifest [K
pulling a99b7f834d75:  69% ▕████████████      ▏ 4.1 GB/6.0 GB  8.3 MB/s   3m39s[K[?25h[?2026l[?2026h[?25l[A[1Gpulling manifest [K
pulling a99b7f834d75:  69% ▕████████████      ▏ 4.1 GB/6.0 GB  8.3 MB/s   3m39s[K[?25h[?2026l[?2026h[?25l[A[1Gpulling manifest [K
pulling a99b7f834d75:  69% ▕████████████      ▏ 4.1 GB/6.0 GB  8.3 MB/s   3m39s[K[?25h[?2026l[?2026h[?25l[A[1Gpulling manifest [K
pulling a99b7f834d75:  69% ▕████████████      ▏ 4.1 GB/6.0 GB  8.3 MB/s   3m39s[K[?25h[?2026l[?2026h[?25l[A[1Gpulling manifest [K
pulling a99b7f834d75:  69% ▕████████████      ▏ 4.1 GB/6.0 GB  8.3 MB/s   3m39s[K[?25h[?2026l[?2026h[?25l[A[1Gpulling manifest [K
pulling a99b7f834d75:  69% ▕████████████      ▏ 4.1 GB/6.0 GB  7.9 MB/s   3m51s[K[?25h[?2026l[?2026h[?25l[A[1Gpulling manifest [K
pulling a99b7f834d75:  69% ▕████████████      ▏ 4.1 GB/6.0 GB  7.9 MB/s   3m51s[K[?25h[?2026l[?2026h[?25l[A[1Gpulling manifest [K
pulling a99b7f834d75:  69% ▕████████████      ▏ 4.1 GB/6.0 GB  7.9 MB/s   3m51s[K[?25h[?2026l[?2026h[?25l[A[1Gpulling manifest [K
pulling a99b7f834d75:  69% ▕████████████      ▏ 4.1 GB/6.0 GB  7.9 MB/s   3m51s[K[?25h[?2026l[?2026h[?25l[A[1Gpulling manifest [K
pulling a99b7f834d75:  69% ▕████████████      ▏ 4.1 GB/6.0 GB  7.9 MB/s   3m51s[K[?25h[?2026l[?2026h[?25l[A[1Gpulling manifest [K
pulling a99b7f834d75:  69% ▕████████████      ▏ 4.1 GB/6.0 GB  7.9 MB/s   3m51s[K[?25h[?2026l[?2026h[?25l[A[1Gpulling manifest [K
pulling a99b7f834d75:  69% ▕████████████      ▏ 4.1 GB/6.0 GB  7.9 MB/s   3m51s[K[?25h[?2026l[?2026h[?25l[A[1Gpulling manifest [K
pulling a99b7f834d75:  69% ▕████████████      ▏ 4.1 GB/6.0 GB  7.9 MB/s   3m51s[K[?25h[?2026l[?2026h[?25l[A[1Gpulling manifest [K
pulling a99b7f834d75:  69% ▕████████████      ▏ 4.1 GB/6.0 GB  7.9 MB/s   3m50s[K[?25h[?2026l[?2026h[?25l[A[1Gpulling manifest [K
pulling a99b7f834d75:  69% ▕████████████      ▏ 4.1 GB/6.0 GB  7.9 MB/s   3m50s[K[?25h[?2026l[?2026h[?25l[A[1Gpulling manifest [K
pulling a99b7f834d75:  69% ▕████████████      ▏ 4.1 GB/6.0 GB  7.9 MB/s   3m50s[K[?25h[?2026l[?2026h[?25l[A[1Gpulling manifest [K
pulling a99b7f834d75:  70% ▕████████████      ▏ 4.1 GB/6.0 GB  7.8 MB/s   3m53s[K[?25h[?2026l[?2026h[?25l[A[1Gpulling manifest [K
pulling a99b7f834d75:  70% ▕████████████      ▏ 4.1 GB/6.0 GB  7.8 MB/s   3m53s[K[?25h[?2026l[?2026h[?25l[A[1Gpulling manifest [K
pulling a99b7f834d75:  70% ▕████████████      ▏ 4.2 GB/6.0 GB  7.8 MB/s   3m53s[K[?25h[?2026l[?2026h[?25l[A[1Gpulling manifest [K
pulling a99b7f834d75:  70% ▕████████████      ▏ 4.2 GB/6.0 GB  7.8 MB/s   3m53s[K[?25h[?2026l[?2026h[?25l[A[1Gpulling manifest [K
pulling a99b7f834d75:  70% ▕████████████      ▏ 4.2 GB/6.0 GB  7.8 MB/s   3m52s[K[?25h[?2026l[?2026h[?25l[A[1Gpulling manifest [K
pulling a99b7f834d75:  70% ▕████████████      ▏ 4.2 GB/6.0 GB  7.8 MB/s   3m52s[K[?25h[?2026l[?2026h[?25l[A[1Gpulling manifest [K
pulling a99b7f834d75:  70% ▕████████████      ▏ 4.2 GB/6.0 GB  7.8 MB/s   3m52s[K[?25h[?2026l[?2026h[?25l[A[1Gpulling manifest [K
pulling a99b7f834d75:  70% ▕████████████      ▏ 4.2 GB/6.0 GB  7.8 MB/s   3m52s[K[?25h[?2026l[?2026h[?25l[A[1Gpulling manifest [K
pulling a99b7f834d75:  70% ▕████████████      ▏ 4.2 GB/6.0 GB  7.8 MB/s   3m52s[K[?25h[?2026l[?2026h[?25l[A[1Gpulling manifest [K
pulling a99b7f834d75:  70% ▕████████████      ▏ 4.2 GB/6.0 GB  7.8 MB/s   3m52s[K[?25h[?2026l[?2026h[?25l[A[1Gpulling manifest [K
pulling a99b7f834d75:  70% ▕████████████      ▏ 4.2 GB/6.0 GB  8.1 MB/s   3m45s[K[?25h[?2026l[?2026h[?25l[A[1Gpulling manifest [K
pulling a99b7f834d75:  70% ▕████████████      ▏ 4.2 GB/6.0 GB  8.1 MB/s   3m44s[K[?25h[?2026l[?2026h[?25l[A[1Gpulling manifest [K
pulling a99b7f834d75:  70% ▕████████████      ▏ 4.2 GB/6.0 GB  8.1 MB/s   3m44s[K[?25h[?2026l[?2026h[?25l[A[1Gpulling manifest [K
pulling a99b7f834d75:  70% ▕████████████      ▏ 4.2 GB/6.0 GB  8.1 MB/s   3m44s[K[?25h[?2026l[?2026h[?25l[A[1Gpulling manifest [K
pulling a99b7f834d75:  70% ▕████████████      ▏ 4.2 GB/6.0 GB  8.1 MB/s   3m44s[K[?25h[?2026l[?2026h[?25l[A[1Gpulling manifest [K
pulling a99b7f834d75:  70% ▕████████████      ▏ 4.2 GB/6.0 GB  8.1 MB/s   3m44s[K[?25h[?2026l[?2026h[?25l[A[1Gpulling manifest [K
pulling a99b7f834d75:  70% ▕████████████      ▏ 4.2 GB/6.0 GB  8.1 MB/s   3m44s[K[?25h[?2026l[?2026h[?25l[A[1Gpulling manifest [K
pulling a99b7f834d75:  70% ▕████████████      ▏ 4.2 GB/6.0 GB  8.1 MB/s   3m44s[K[?25h[?2026l[?2026h[?25l[A[1Gpulling manifest [K
pulling a99b7f834d75:  70% ▕████████████      ▏ 4.2 GB/6.0 GB  8.1 MB/s   3m44s[K[?25h[?2026l[?2026h[?25l[A[1Gpulling manifest [K
pulling a99b7f834d75:  70% ▕████████████      ▏ 4.2 GB/6.0 GB  8.1 MB/s   3m44s[K[?25h[?2026l[?2026h[?25l[A[1Gpulling manifest [K
pulling a99b7f834d75:  70% ▕████████████      ▏ 4.2 GB/6.0 GB  8.1 MB/s   3m41s[K[?25h[?2026l[?2026h[?25l[A[1Gpulling manifest [K
pulling a99b7f834d75:  70% ▕████████████      ▏ 4.2 GB/6.0 GB  8.1 MB/s   3m41s[K[?25h[?2026l[?2026h[?25l[A[1Gpulling manifest [K
pulling a99b7f834d75:  70% ▕████████████      ▏ 4.2 GB/6.0 GB  8.1 MB/s   3m41s[K[?25h[?2026l[?2026h[?25l[A[1Gpulling manifest [K
pulling a99b7f834d75:  70% ▕████████████      ▏ 4.2 GB/6.0 GB  8.1 MB/s   3m41s[K[?25h[?2026l[?2026h[?25l[A[1Gpulling manifest [K
pulling a99b7f834d75:  70% ▕████████████      ▏ 4.2 GB/6.0 GB  8.1 MB/s   3m41s[K[?25h[?2026l[?2026h[?25l[A[1Gpulling manifest [K
pulling a99b7f834d75:  70% ▕████████████      ▏ 4.2 GB/6.0 GB  8.1 MB/s   3m41s[K[?25h[?2026l[?2026h[?25l[A[1Gpulling manifest [K
pulling a99b7f834d75:  70% ▕████████████      ▏ 4.2 GB/6.0 GB  8.1 MB/s   3m41s[K[?25h[?2026l[?2026h[?25l[A[1Gpulling manifest [K
pulling a99b7f834d75:  70% ▕████████████      ▏ 4.2 GB/6.0 GB  8.1 MB/s   3m41s[K[?25h[?2026l[?2026h[?25l[A[1Gpulling manifest [K
pulling a99b7f834d75:  70% ▕████████████      ▏ 4.2 GB/6.0 GB  8.1 MB/s   3m41s[K[?25h[?2026l[?2026h[?25l[A[1Gpulling manifest [K
pulling a99b7f834d75:  70% ▕████████████      ▏ 4.2 GB/6.0 GB  8.1 MB/s   3m40s[K[?25h[?2026l[?2026h[?25l[A[1Gpulling manifest [K
pulling a99b7f834d75:  70% ▕████████████      ▏ 4.2 GB/6.0 GB  8.1 MB/s   3m42s[K[?25h[?2026l[?2026h[?25l[A[1Gpulling manifest [K
pulling a99b7f834d75:  70% ▕████████████      ▏ 4.2 GB/6.0 GB  8.1 MB/s   3m42s[K[?25h[?2026l[?2026h[?25l[A[1Gpulling manifest [K
pulling a99b7f834d75:  70% ▕████████████      ▏ 4.2 GB/6.0 GB  8.1 MB/s   3m42s[K[?25h[?2026l[?2026h[?25l[A[1Gpulling manifest [K
pulling a99b7f834d75:  70% ▕████████████      ▏ 4.2 GB/6.0 GB  8.1 MB/s   3m42s[K[?25h[?2026l[?2026h[?25l[A[1Gpulling manifest [K
pulling a99b7f834d75:  70% ▕████████████      ▏ 4.2 GB/6.0 GB  8.1 MB/s   3m41s[K[?25h[?2026l[?2026h[?25l[A[1Gpulling manifest [K
pulling a99b7f834d75:  70% ▕████████████      ▏ 4.2 GB/6.0 GB  8.1 MB/s   3m41s[K[?25h[?2026l[?2026h[?25l[A[1Gpulling manifest [K
pulling a99b7f834d75:  70% ▕████████████      ▏ 4.2 GB/6.0 GB  8.1 MB/s   3m41s[K[?25h[?2026l[?2026h[?25l[A[1Gpulling manifest [K
pulling a99b7f834d75:  70% ▕████████████      ▏ 4.2 GB/6.0 GB  8.1 MB/s   3m41s[K[?25h[?2026l[?2026h[?25l[A[1Gpulling manifest [K
pulling a99b7f834d75:  70% ▕████████████      ▏ 4.2 GB/6.0 GB  8.1 MB/s   3m41s[K[?25h[?2026l[?2026h[?25l[A[1Gpulling manifest [K
pulling a99b7f834d75:  70% ▕████████████      ▏ 4.2 GB/6.0 GB  8.1 MB/s   3m41s[K[?25h[?2026l[?2026h[?25l[A[1Gpulling manifest [K
pulling a99b7f834d75:  70% ▕████████████      ▏ 4.2 GB/6.0 GB  8.2 MB/s   3m38s[K[?25h[?2026l[?2026h[?25l[A[1Gpulling manifest [K
pulling a99b7f834d75:  70% ▕████████████      ▏ 4.2 GB/6.0 GB  8.2 MB/s   3m38s[K[?25h[?2026l[?2026h[?25l[A[1Gpulling manifest [K
pulling a99b7f834d75:  70% ▕████████████      ▏ 4.2 GB/6.0 GB  8.2 MB/s   3m38s[K[?25h[?2026l[?2026h[?25l[A[1Gpulling manifest [K
pulling a99b7f834d75:  70% ▕████████████      ▏ 4.2 GB/6.0 GB  8.2 MB/s   3m37s[K[?25h[?2026l[?2026h[?25l[A[1Gpulling manifest [K
pulling a99b7f834d75:  70% ▕████████████      ▏ 4.2 GB/6.0 GB  8.2 MB/s   3m37s[K[?25h[?2026l[?2026h[?25l[A[1Gpulling manifest [K
pulling a99b7f834d75:  70% ▕████████████      ▏ 4.2 GB/6.0 GB  8.2 MB/s   3m37s[K[?25h[?2026l[?2026h[?25l[A[1Gpulling manifest [K
pulling a99b7f834d75:  70% ▕████████████      ▏ 4.2 GB/6.0 GB  8.2 MB/s   3m37s[K[?25h[?2026l[?2026h[?25l[A[1Gpulling manifest [K
pulling a99b7f834d75:  70% ▕████████████      ▏ 4.2 GB/6.0 GB  8.2 MB/s   3m37s[K[?25h[?2026l[?2026h[?25l[A[1Gpulling manifest [K
pulling a99b7f834d75:  70% ▕████████████      ▏ 4.2 GB/6.0 GB  8.2 MB/s   3m37s[K[?25h[?2026l[?2026h[?25l[A[1Gpulling manifest [K
pulling a99b7f834d75:  70% ▕████████████      ▏ 4.2 GB/6.0 GB  8.2 MB/s   3m37s[K[?25h[?2026l[?2026h[?25l[A[1Gpulling manifest [K
pulling a99b7f834d75:  70% ▕████████████      ▏ 4.2 GB/6.0 GB  8.2 MB/s   3m37s[K[?25h[?2026l[?2026h[?25l[A[1Gpulling manifest [K
pulling a99b7f834d75:  70% ▕████████████      ▏ 4.2 GB/6.0 GB  8.7 MB/s   3m24s[K[?25h[?2026l[?2026h[?25l[A[1Gpulling manifest [K
pulling a99b7f834d75:  70% ▕████████████      ▏ 4.2 GB/6.0 GB  8.7 MB/s   3m24s[K[?25h[?2026l[?2026h[?25l[A[1Gpulling manifest [K
pulling a99b7f834d75:  70% ▕████████████      ▏ 4.2 GB/6.0 GB  8.7 MB/s   3m24s[K[?25h[?2026l[?2026h[?25l[A[1Gpulling manifest [K
pulling a99b7f834d75:  70% ▕████████████      ▏ 4.2 GB/6.0 GB  8.7 MB/s   3m24s[K[?25h[?2026l[?2026h[?25l[A[1Gpulling manifest [K
pulling a99b7f834d75:  70% ▕████████████      ▏ 4.2 GB/6.0 GB  8.7 MB/s   3m24s[K[?25h[?2026l[?2026h[?25l[A[1Gpulling manifest [K
pulling a99b7f834d75:  70% ▕████████████      ▏ 4.2 GB/6.0 GB  8.7 MB/s   3m23s[K[?25h[?2026l[?2026h[?25l[A[1Gpulling manifest [K
pulling a99b7f834d75:  70% ▕████████████      ▏ 4.2 GB/6.0 GB  8.7 MB/s   3m23s[K[?25h[?2026l[?2026h[?25l[A[1Gpulling manifest [K
pulling a99b7f834d75:  70% ▕████████████      ▏ 4.2 GB/6.0 GB  8.7 MB/s   3m23s[K[?25h[?2026l[?2026h[?25l[A[1Gpulling manifest [K
pulling a99b7f834d75:  70% ▕████████████      ▏ 4.2 GB/6.0 GB  8.7 MB/s   3m23s[K[?25h[?2026l[?2026h[?25l[A[1Gpulling manifest [K
pulling a99b7f834d75:  70% ▕████████████      ▏ 4.2 GB/6.0 GB  8.7 MB/s   3m23s[K[?25h[?2026l[?2026h[?25l[A[1Gpulling manifest [K
pulling a99b7f834d75:  70% ▕████████████      ▏ 4.2 GB/6.0 GB  8.8 MB/s   3m20s[K[?25h[?2026l[?2026h[?25l[A[1Gpulling manifest [K
pulling a99b7f834d75:  70% ▕████████████      ▏ 4.2 GB/6.0 GB  8.8 MB/s   3m20s[K[?25h[?2026l[?2026h[?25l[A[1Gpulling manifest [K
pulling a99b7f834d75:  70% ▕████████████      ▏ 4.2 GB/6.0 GB  8.8 MB/s   3m20s[K[?25h[?2026l[?2026h[?25l[A[1Gpulling manifest [K
pulling a99b7f834d75:  71% ▕████████████      ▏ 4.2 GB/6.0 GB  8.8 MB/s   3m20s[K[?25h[?2026l[?2026h[?25l[A[1Gpulling manifest [K
pulling a99b7f834d75:  71% ▕████████████      ▏ 4.2 GB/6.0 GB  8.8 MB/s   3m19s[K[?25h[?2026l[?2026h[?25l[A[1Gpulling manifest [K
pulling a99b7f834d75:  71% ▕████████████      ▏ 4.2 GB/6.0 GB  8.8 MB/s   3m19s[K[?25h[?2026l[?2026h[?25l[A[1Gpulling manifest [K
pulling a99b7f834d75:  71% ▕████████████      ▏ 4.2 GB/6.0 GB  8.8 MB/s   3m19s[K[?25h[?2026l[?2026h[?25l[A[1Gpulling manifest [K
pulling a99b7f834d75:  71% ▕████████████      ▏ 4.2 GB/6.0 GB  8.8 MB/s   3m19s[K[?25h[?2026l[?2026h[?25l[A[1Gpulling manifest [K
pulling a99b7f834d75:  71% ▕████████████      ▏ 4.2 GB/6.0 GB  8.8 MB/s   3m19s[K[?25h[?2026l[?2026h[?25l[A[1Gpulling manifest [K
pulling a99b7f834d75:  71% ▕████████████      ▏ 4.2 GB/6.0 GB  8.8 MB/s   3m19s[K[?25h[?2026l[?2026h[?25l[A[1Gpulling manifest [K
pulling a99b7f834d75:  71% ▕████████████      ▏ 4.2 GB/6.0 GB  9.5 MB/s    3m3s[K[?25h[?2026l[?2026h[?25l[A[1Gpulling manifest [K
pulling a99b7f834d75:  71% ▕████████████      ▏ 4.2 GB/6.0 GB  9.5 MB/s    3m3s[K[?25h[?2026l[?2026h[?25l[A[1Gpulling manifest [K
pulling a99b7f834d75:  71% ▕████████████      ▏ 4.2 GB/6.0 GB  9.5 MB/s    3m3s[K[?25h[?2026l[?2026h[?25l[A[1Gpulling manifest [K
pulling a99b7f834d75:  71% ▕████████████      ▏ 4.2 GB/6.0 GB  9.5 MB/s    3m3s[K[?25h[?2026l[?2026h[?25l[A[1Gpulling manifest [K
pulling a99b7f834d75:  71% ▕████████████      ▏ 4.2 GB/6.0 GB  9.5 MB/s    3m3s[K[?25h[?2026l[?2026h[?25l[A[1Gpulling manifest [K
pulling a99b7f834d75:  71% ▕████████████      ▏ 4.2 GB/6.0 GB  9.5 MB/s    3m2s[K[?25h[?2026l[?2026h[?25l[A[1Gpulling manifest [K
pulling a99b7f834d75:  71% ▕████████████      ▏ 4.2 GB/6.0 GB  9.5 MB/s    3m2s[K[?25h[?2026l[?2026h[?25l[A[1Gpulling manifest [K
pulling a99b7f834d75:  71% ▕████████████      ▏ 4.2 GB/6.0 GB  9.5 MB/s    3m2s[K[?25h[?2026l[?2026h[?25l[A[1Gpulling manifest [K
pulling a99b7f834d75:  71% ▕████████████      ▏ 4.2 GB/6.0 GB  9.5 MB/s    3m2s[K[?25h[?2026l[?2026h[?25l[A[1Gpulling manifest [K
pulling a99b7f834d75:  71% ▕████████████      ▏ 4.2 GB/6.0 GB  9.5 MB/s    3m2s[K[?25h[?2026l[?2026h[?25l[A[1Gpulling manifest [K
pulling a99b7f834d75:  71% ▕████████████      ▏ 4.2 GB/6.0 GB   10 MB/s   2m43s[K[?25h[?2026l[?2026h[?25l[A[1Gpulling manifest [K
pulling a99b7f834d75:  71% ▕████████████      ▏ 4.2 GB/6.0 GB   10 MB/s   2m43s[K[?25h[?2026l[?2026h[?25l[A[1Gpulling manifest [K
pulling a99b7f834d75:  71% ▕████████████      ▏ 4.2 GB/6.0 GB   10 MB/s   2m43s[K[?25h[?2026l[?2026h[?25l[A[1Gpulling manifest [K
pulling a99b7f834d75:  71% ▕████████████      ▏ 4.2 GB/6.0 GB   10 MB/s   2m42s[K[?25h[?2026l[?2026h[?25l[A[1Gpulling manifest [K
pulling a99b7f834d75:  71% ▕████████████      ▏ 4.2 GB/6.0 GB   10 MB/s   2m42s[K[?25h[?2026l[?2026h[?25l[A[1Gpulling manifest [K
pulling a99b7f834d75:  71% ▕████████████      ▏ 4.2 GB/6.0 GB   10 MB/s   2m42s[K[?25h[?2026l[?2026h[?25l[A[1Gpulling manifest [K
pulling a99b7f834d75:  71% ▕████████████      ▏ 4.2 GB/6.0 GB   10 MB/s   2m42s[K[?25h[?2026l[?2026h[?25l[A[1Gpulling manifest [K
pulling a99b7f834d75:  71% ▕████████████      ▏ 4.3 GB/6.0 GB   10 MB/s   2m42s[K[?25h[?2026l[?2026h[?25l[A[1Gpulling manifest [K
pulling a99b7f834d75:  71% ▕████████████      ▏ 4.3 GB/6.0 GB   10 MB/s   2m41s[K[?25h[?2026l[?2026h[?25l[A[1Gpulling manifest [K
pulling a99b7f834d75:  71% ▕████████████      ▏ 4.3 GB/6.0 GB   10 MB/s   2m41s[K[?25h[?2026l[?2026h[?25l[A[1Gpulling manifest [K
pulling a99b7f834d75:  71% ▕████████████      ▏ 4.3 GB/6.0 GB   11 MB/s   2m23s[K[?25h[?2026l[?2026h[?25l[A[1Gpulling manifest [K
pulling a99b7f834d75:  71% ▕████████████      ▏ 4.3 GB/6.0 GB   11 MB/s   2m22s[K[?25h[?2026l[?2026h[?25l[A[1Gpulling manifest [K
pulling a99b7f834d75:  71% ▕████████████      ▏ 4.3 GB/6.0 GB   11 MB/s   2m22s[K[?25h[?2026l[?2026h[?25l[A[1Gpulling manifest [K
pulling a99b7f834d75:  71% ▕████████████      ▏ 4.3 GB/6.0 GB   11 MB/s   2m22s[K[?25h[?2026l[?2026h[?25l[A[1Gpulling manifest [K
pulling a99b7f834d75:  71% ▕████████████      ▏ 4.3 GB/6.0 GB   11 MB/s   2m22s[K[?25h[?2026l[?2026h[?25l[A[1Gpulling manifest [K
pulling a99b7f834d75:  71% ▕████████████      ▏ 4.3 GB/6.0 GB   11 MB/s   2m22s[K[?25h[?2026l[?2026h[?25l[A[1Gpulling manifest [K
pulling a99b7f834d75:  72% ▕████████████      ▏ 4.3 GB/6.0 GB   11 MB/s   2m21s[K[?25h[?2026l[?2026h[?25l[A[1Gpulling manifest [K
pulling a99b7f834d75:  72% ▕████████████      ▏ 4.3 GB/6.0 GB   11 MB/s   2m21s[K[?25h[?2026l[?2026h[?25l[A[1Gpulling manifest [K
pulling a99b7f834d75:  72% ▕████████████      ▏ 4.3 GB/6.0 GB   11 MB/s   2m21s[K[?25h[?2026l[?2026h[?25l[A[1Gpulling manifest [K
pulling a99b7f834d75:  72% ▕████████████      ▏ 4.3 GB/6.0 GB   11 MB/s   2m21s[K[?25h[?2026l[?2026h[?25l[A[1Gpulling manifest [K
pulling a99b7f834d75:  72% ▕████████████      ▏ 4.3 GB/6.0 GB   11 MB/s   2m21s[K[?25h[?2026l[?2026h[?25l[A[1Gpulling manifest [K
pulling a99b7f834d75:  72% ▕████████████      ▏ 4.3 GB/6.0 GB   13 MB/s    2m2s[K[?25h[?2026l[?2026h[?25l[A[1Gpulling manifest [K
pulling a99b7f834d75:  72% ▕████████████      ▏ 4.3 GB/6.0 GB   13 MB/s    2m2s[K[?25h[?2026l[?2026h[?25l[A[1Gpulling manifest [K
pulling a99b7f834d75:  72% ▕████████████      ▏ 4.3 GB/6.0 GB   13 MB/s    2m2s[K[?25h[?2026l[?2026h[?25l[A[1Gpulling manifest [K
pulling a99b7f834d75:  72% ▕████████████      ▏ 4.3 GB/6.0 GB   13 MB/s    2m2s[K[?25h[?2026l[?2026h[?25l[A[1Gpulling manifest [K
pulling a99b7f834d75:  72% ▕████████████      ▏ 4.3 GB/6.0 GB   13 MB/s    2m1s[K[?25h[?2026l[?2026h[?25l[A[1Gpulling manifest [K
pulling a99b7f834d75:  72% ▕████████████      ▏ 4.3 GB/6.0 GB   13 MB/s    2m1s[K[?25h[?2026l[?2026h[?25l[A[1Gpulling manifest [K
pulling a99b7f834d75:  72% ▕████████████      ▏ 4.3 GB/6.0 GB   13 MB/s    2m1s[K[?25h[?2026l[?2026h[?25l[A[1Gpulling manifest [K
pulling a99b7f834d75:  72% ▕████████████      ▏ 4.3 GB/6.0 GB   13 MB/s    2m1s[K[?25h[?2026l[?2026h[?25l[A[1Gpulling manifest [K
pulling a99b7f834d75:  72% ▕████████████      ▏ 4.3 GB/6.0 GB   13 MB/s    2m1s[K[?25h[?2026l[?2026h[?25l[A[1Gpulling manifest [K
pulling a99b7f834d75:  72% ▕████████████      ▏ 4.3 GB/6.0 GB   13 MB/s    2m1s[K[?25h[?2026l[?2026h[?25l[A[1Gpulling manifest [K
pulling a99b7f834d75:  72% ▕████████████      ▏ 4.3 GB/6.0 GB   15 MB/s   1m47s[K[?25h[?2026l[?2026h[?25l[A[1Gpulling manifest [K
pulling a99b7f834d75:  72% ▕████████████      ▏ 4.3 GB/6.0 GB   15 MB/s   1m47s[K[?25h[?2026l[?2026h[?25l[A[1Gpulling manifest [K
pulling a99b7f834d75:  72% ▕████████████      ▏ 4.3 GB/6.0 GB   15 MB/s   1m46s[K[?25h[?2026l[?2026h[?25l[A[1Gpulling manifest [K
pulling a99b7f834d75:  72% ▕█████████████     ▏ 4.3 GB/6.0 GB   15 MB/s   1m46s[K[?25h[?2026l[?2026h[?25l[A[1Gpulling manifest [K
pulling a99b7f834d75:  72% ▕█████████████     ▏ 4.3 GB/6.0 GB   15 MB/s   1m46s[K[?25h[?2026l[?2026h[?25l[A[1Gpulling manifest [K
pulling a99b7f834d75:  72% ▕█████████████     ▏ 4.3 GB/6.0 GB   15 MB/s   1m46s[K[?25h[?2026l[?2026h[?25l[A[1Gpulling manifest [K
pulling a99b7f834d75:  72% ▕█████████████     ▏ 4.3 GB/6.0 GB   15 MB/s   1m46s[K[?25h[?2026l[?2026h[?25l[A[1Gpulling manifest [K
pulling a99b7f834d75:  72% ▕█████████████     ▏ 4.3 GB/6.0 GB   15 MB/s   1m46s[K[?25h[?2026l[?2026h[?25l[A[1Gpulling manifest [K
pulling a99b7f834d75:  72% ▕█████████████     ▏ 4.3 GB/6.0 GB   15 MB/s   1m45s[K[?25h[?2026l[?2026h[?25l[A[1Gpulling manifest [K
pulling a99b7f834d75:  72% ▕█████████████     ▏ 4.3 GB/6.0 GB   15 MB/s   1m45s[K[?25h[?2026l[?2026h[?25l[A[1Gpulling manifest [K
pulling a99b7f834d75:  72% ▕█████████████     ▏ 4.3 GB/6.0 GB   17 MB/s   1m35s[K[?25h[?2026l[?2026h[?25l[A[1Gpulling manifest [K
pulling a99b7f834d75:  73% ▕█████████████     ▏ 4.3 GB/6.0 GB   17 MB/s   1m35s[K[?25h[?2026l[?2026h[?25l[A[1Gpulling manifest [K
pulling a99b7f834d75:  73% ▕█████████████     ▏ 4.3 GB/6.0 GB   17 MB/s   1m34s[K[?25h[?2026l[?2026h[?25l[A[1Gpulling manifest [K
pulling a99b7f834d75:  73% ▕█████████████     ▏ 4.3 GB/6.0 GB   17 MB/s   1m34s[K[?25h[?2026l[?2026h[?25l[A[1Gpulling manifest [K
pulling a99b7f834d75:  73% ▕█████████████     ▏ 4.3 GB/6.0 GB   17 MB/s   1m34s[K[?25h[?2026l[?2026h[?25l[A[1Gpulling manifest [K
pulling a99b7f834d75:  73% ▕█████████████     ▏ 4.3 GB/6.0 GB   17 MB/s   1m34s[K[?25h[?2026l[?2026h[?25l[A[1Gpulling manifest [K
pulling a99b7f834d75:  73% ▕█████████████     ▏ 4.3 GB/6.0 GB   17 MB/s   1m34s[K[?25h[?2026l[?2026h[?25l[A[1Gpulling manifest [K
pulling a99b7f834d75:  73% ▕█████████████     ▏ 4.3 GB/6.0 GB   17 MB/s   1m34s[K[?25h[?2026l[?2026h[?25l[A[1Gpulling manifest [K
pulling a99b7f834d75:  73% ▕█████████████     ▏ 4.3 GB/6.0 GB   17 MB/s   1m34s[K[?25h[?2026l[?2026h[?25l[A[1Gpulling manifest [K
pulling a99b7f834d75:  73% ▕█████████████     ▏ 4.3 GB/6.0 GB   17 MB/s   1m34s[K[?25h[?2026l[?2026h[?25l[A[1Gpulling manifest [K
pulling a99b7f834d75:  73% ▕█████████████     ▏ 4.4 GB/6.0 GB   18 MB/s   1m25s[K[?25h[?2026l[?2026h[?25l[A[1Gpulling manifest [K
pulling a99b7f834d75:  73% ▕█████████████     ▏ 4.4 GB/6.0 GB   18 MB/s   1m25s[K[?25h[?2026l[?2026h[?25l[A[1Gpulling manifest [K
pulling a99b7f834d75:  73% ▕█████████████     ▏ 4.4 GB/6.0 GB   18 MB/s   1m25s[K[?25h[?2026l[?2026h[?25l[A[1Gpulling manifest [K
pulling a99b7f834d75:  73% ▕█████████████     ▏ 4.4 GB/6.0 GB   18 MB/s   1m25s[K[?25h[?2026l[?2026h[?25l[A[1Gpulling manifest [K
pulling a99b7f834d75:  73% ▕█████████████     ▏ 4.4 GB/6.0 GB   18 MB/s   1m25s[K[?25h[?2026l[?2026h[?25l[A[1Gpulling manifest [K
pulling a99b7f834d75:  73% ▕█████████████     ▏ 4.4 GB/6.0 GB   18 MB/s   1m25s[K[?25h[?2026l[?2026h[?25l[A[1Gpulling manifest [K
pulling a99b7f834d75:  73% ▕█████████████     ▏ 4.4 GB/6.0 GB   18 MB/s   1m25s[K[?25h[?2026l[?2026h[?25l[A[1Gpulling manifest [K
pulling a99b7f834d75:  73% ▕█████████████     ▏ 4.4 GB/6.0 GB   18 MB/s   1m25s[K[?25h[?2026l[?2026h[?25l[A[1Gpulling manifest [K
pulling a99b7f834d75:  73% ▕█████████████     ▏ 4.4 GB/6.0 GB   18 MB/s   1m25s[K[?25h[?2026l[?2026h[?25l[A[1Gpulling manifest [K
pulling a99b7f834d75:  73% ▕█████████████     ▏ 4.4 GB/6.0 GB   18 MB/s   1m25s[K[?25h[?2026l[?2026h[?25l[A[1Gpulling manifest [K
pulling a99b7f834d75:  73% ▕█████████████     ▏ 4.4 GB/6.0 GB   19 MB/s   1m22s[K[?25h[?2026l[?2026h[?25l[A[1Gpulling manifest [K
pulling a99b7f834d75:  73% ▕█████████████     ▏ 4.4 GB/6.0 GB   19 MB/s   1m22s[K[?25h[?2026l[?2026h[?25l[A[1Gpulling manifest [K
pulling a99b7f834d75:  73% ▕█████████████     ▏ 4.4 GB/6.0 GB   19 MB/s   1m22s[K[?25h[?2026l[?2026h[?25l[A[1Gpulling manifest [K
pulling a99b7f834d75:  73% ▕█████████████     ▏ 4.4 GB/6.0 GB   19 MB/s   1m22s[K[?25h[?2026l[?2026h[?25l[A[1Gpulling manifest [K
pulling a99b7f834d75:  73% ▕█████████████     ▏ 4.4 GB/6.0 GB   19 MB/s   1m22s[K[?25h[?2026l[?2026h[?25l[A[1Gpulling manifest [K
pulling a99b7f834d75:  73% ▕█████████████     ▏ 4.4 GB/6.0 GB   19 MB/s   1m22s[K[?25h[?2026l[?2026h[?25l[A[1Gpulling manifest [K
pulling a99b7f834d75:  73% ▕█████████████     ▏ 4.4 GB/6.0 GB   19 MB/s   1m22s[K[?25h[?2026l[?2026h[?25l[A[1Gpulling manifest [K
pulling a99b7f834d75:  73% ▕█████████████     ▏ 4.4 GB/6.0 GB   19 MB/s   1m22s[K[?25h[?2026l[?2026h[?25l[A[1Gpulling manifest [K
pulling a99b7f834d75:  73% ▕█████████████     ▏ 4.4 GB/6.0 GB   19 MB/s   1m22s[K[?25h[?2026l[?2026h[?25l[A[1Gpulling manifest [K
pulling a99b7f834d75:  73% ▕█████████████     ▏ 4.4 GB/6.0 GB   19 MB/s   1m22s[K[?25h[?2026l[?2026h[?25l[A[1Gpulling manifest [K
pulling a99b7f834d75:  73% ▕█████████████     ▏ 4.4 GB/6.0 GB   19 MB/s   1m22s[K[?25h[?2026l[?2026h[?25l[A[1Gpulling manifest [K
pulling a99b7f834d75:  73% ▕█████████████     ▏ 4.4 GB/6.0 GB   19 MB/s   1m21s[K[?25h[?2026l[?2026h[?25l[A[1Gpulling manifest [K
pulling a99b7f834d75:  73% ▕█████████████     ▏ 4.4 GB/6.0 GB   19 MB/s   1m21s[K[?25h[?2026l[?2026h[?25l[A[1Gpulling manifest [K
pulling a99b7f834d75:  73% ▕█████████████     ▏ 4.4 GB/6.0 GB   19 MB/s   1m21s[K[?25h[?2026l[?2026h[?25l[A[1Gpulling manifest [K
pulling a99b7f834d75:  73% ▕█████████████     ▏ 4.4 GB/6.0 GB   19 MB/s   1m21s[K[?25h[?2026l[?2026h[?25l[A[1Gpulling manifest [K
pulling a99b7f834d75:  74% ▕█████████████     ▏ 4.4 GB/6.0 GB   19 MB/s   1m21s[K[?25h[?2026l[?2026h[?25l[A[1Gpulling manifest [K
pulling a99b7f834d75:  74% ▕█████████████     ▏ 4.4 GB/6.0 GB   19 MB/s   1m21s[K[?25h[?2026l[?2026h[?25l[A[1Gpulling manifest [K
pulling a99b7f834d75:  74% ▕█████████████     ▏ 4.4 GB/6.0 GB   19 MB/s   1m21s[K[?25h[?2026l[?2026h[?25l[A[1Gpulling manifest [K
pulling a99b7f834d75:  74% ▕█████████████     ▏ 4.4 GB/6.0 GB   19 MB/s   1m21s[K[?25h[?2026l[?2026h[?25l[A[1Gpulling manifest [K
pulling a99b7f834d75:  74% ▕█████████████     ▏ 4.4 GB/6.0 GB   19 MB/s   1m21s[K[?25h[?2026l[?2026h[?25l[A[1Gpulling manifest [K
pulling a99b7f834d75:  74% ▕█████████████     ▏ 4.4 GB/6.0 GB   19 MB/s   1m20s[K[?25h[?2026l[?2026h[?25l[A[1Gpulling manifest [K
pulling a99b7f834d75:  74% ▕█████████████     ▏ 4.4 GB/6.0 GB   19 MB/s   1m18s[K[?25h[?2026l[?2026h[?25l[A[1Gpulling manifest [K
pulling a99b7f834d75:  74% ▕█████████████     ▏ 4.4 GB/6.0 GB   19 MB/s   1m18s[K[?25h[?2026l[?2026h[?25l[A[1Gpulling manifest [K
pulling a99b7f834d75:  74% ▕█████████████     ▏ 4.4 GB/6.0 GB   19 MB/s   1m18s[K[?25h[?2026l[?2026h[?25l[A[1Gpulling manifest [K
pulling a99b7f834d75:  74% ▕█████████████     ▏ 4.4 GB/6.0 GB   19 MB/s   1m18s[K[?25h[?2026l[?2026h[?25l[A[1Gpulling manifest [K
pulling a99b7f834d75:  74% ▕█████████████     ▏ 4.4 GB/6.0 GB   19 MB/s   1m18s[K[?25h[?2026l[?2026h[?25l[A[1Gpulling manifest [K
pulling a99b7f834d75:  74% ▕█████████████     ▏ 4.4 GB/6.0 GB   19 MB/s   1m18s[K[?25h[?2026l[?2026h[?25l[A[1Gpulling manifest [K
pulling a99b7f834d75:  74% ▕█████████████     ▏ 4.4 GB/6.0 GB   19 MB/s   1m18s[K[?25h[?2026l[?2026h[?25l[A[1Gpulling manifest [K
pulling a99b7f834d75:  74% ▕█████████████     ▏ 4.4 GB/6.0 GB   19 MB/s   1m18s[K[?25h[?2026l[?2026h[?25l[A[1Gpulling manifest [K
pulling a99b7f834d75:  74% ▕█████████████     ▏ 4.4 GB/6.0 GB   19 MB/s   1m18s[K[?25h[?2026l[?2026h[?25l[A[1Gpulling manifest [K
pulling a99b7f834d75:  74% ▕█████████████     ▏ 4.4 GB/6.0 GB   19 MB/s   1m17s[K[?25h[?2026l[?2026h[?25l[A[1Gpulling manifest [K
pulling a99b7f834d75:  74% ▕█████████████     ▏ 4.4 GB/6.0 GB   19 MB/s   1m17s[K[?25h[?2026l[?2026h[?25l[A[1Gpulling manifest [K
pulling a99b7f834d75:  74% ▕█████████████     ▏ 4.4 GB/6.0 GB   19 MB/s   1m17s[K[?25h[?2026l[?2026h[?25l[A[1Gpulling manifest [K
pulling a99b7f834d75:  74% ▕█████████████     ▏ 4.4 GB/6.0 GB   19 MB/s   1m17s[K[?25h[?2026l[?2026h[?25l[A[1Gpulling manifest [K
pulling a99b7f834d75:  74% ▕█████████████     ▏ 4.4 GB/6.0 GB   19 MB/s   1m17s[K[?25h[?2026l[?2026h[?25l[A[1Gpulling manifest [K
pulling a99b7f834d75:  74% ▕█████████████     ▏ 4.4 GB/6.0 GB   19 MB/s   1m17s[K[?25h[?2026l[?2026h[?25l[A[1Gpulling manifest [K
pulling a99b7f834d75:  74% ▕█████████████     ▏ 4.4 GB/6.0 GB   19 MB/s   1m17s[K[?25h[?2026l[?2026h[?25l[A[1Gpulling manifest [K
pulling a99b7f834d75:  74% ▕█████████████     ▏ 4.4 GB/6.0 GB   19 MB/s   1m17s[K[?25h[?2026l[?2026h[?25l[A[1Gpulling manifest [K
pulling a99b7f834d75:  74% ▕█████████████     ▏ 4.4 GB/6.0 GB   19 MB/s   1m17s[K[?25h[?2026l[?2026h[?25l[A[1Gpulling manifest [K
pulling a99b7f834d75:  74% ▕█████████████     ▏ 4.4 GB/6.0 GB   19 MB/s   1m17s[K[?25h[?2026l[?2026h[?25l[A[1Gpulling manifest [K
pulling a99b7f834d75:  74% ▕█████████████     ▏ 4.4 GB/6.0 GB   19 MB/s   1m17s[K[?25h[?2026l[?2026h[?25l[A[1Gpulling manifest [K
pulling a99b7f834d75:  74% ▕█████████████     ▏ 4.4 GB/6.0 GB   19 MB/s   1m19s[K[?25h[?2026l[?2026h[?25l[A[1Gpulling manifest [K
pulling a99b7f834d75:  74% ▕█████████████     ▏ 4.4 GB/6.0 GB   19 MB/s   1m19s[K[?25h[?2026l[?2026h[?25l[A[1Gpulling manifest [K
pulling a99b7f834d75:  74% ▕█████████████     ▏ 4.4 GB/6.0 GB   19 MB/s   1m19s[K[?25h[?2026l[?2026h[?25l[A[1Gpulling manifest [K
pulling a99b7f834d75:  74% ▕█████████████     ▏ 4.4 GB/6.0 GB   19 MB/s   1m18s[K[?25h[?2026l[?2026h[?25l[A[1Gpulling manifest [K
pulling a99b7f834d75:  74% ▕█████████████     ▏ 4.4 GB/6.0 GB   19 MB/s   1m18s[K[?25h[?2026l[?2026h[?25l[A[1Gpulling manifest [K
pulling a99b7f834d75:  74% ▕█████████████     ▏ 4.4 GB/6.0 GB   19 MB/s   1m18s[K[?25h[?2026l[?2026h[?25l[A[1Gpulling manifest [K
pulling a99b7f834d75:  74% ▕█████████████     ▏ 4.4 GB/6.0 GB   19 MB/s   1m18s[K[?25h[?2026l[?2026h[?25l[A[1Gpulling manifest [K
pulling a99b7f834d75:  74% ▕█████████████     ▏ 4.4 GB/6.0 GB   19 MB/s   1m18s[K[?25h[?2026l[?2026h[?25l[A[1Gpulling manifest [K
pulling a99b7f834d75:  75% ▕█████████████     ▏ 4.4 GB/6.0 GB   19 MB/s   1m18s[K[?25h[?2026l[?2026h[?25l[A[1Gpulling manifest [K
pulling a99b7f834d75:  75% ▕█████████████     ▏ 4.4 GB/6.0 GB   19 MB/s   1m18s[K[?25h[?2026l[?2026h[?25l[A[1Gpulling manifest [K
pulling a99b7f834d75:  75% ▕█████████████     ▏ 4.5 GB/6.0 GB   19 MB/s   1m19s[K[?25h[?2026l[?2026h[?25l[A[1Gpulling manifest [K
pulling a99b7f834d75:  75% ▕█████████████     ▏ 4.5 GB/6.0 GB   19 MB/s   1m19s[K[?25h[?2026l[?2026h[?25l[A[1Gpulling manifest [K
pulling a99b7f834d75:  75% ▕█████████████     ▏ 4.5 GB/6.0 GB   19 MB/s   1m19s[K[?25h[?2026l[?2026h[?25l[A[1Gpulling manifest [K
pulling a99b7f834d75:  75% ▕█████████████     ▏ 4.5 GB/6.0 GB   19 MB/s   1m18s[K[?25h[?2026l[?2026h[?25l[A[1Gpulling manifest [K
pulling a99b7f834d75:  75% ▕█████████████     ▏ 4.5 GB/6.0 GB   19 MB/s   1m18s[K[?25h[?2026l[?2026h[?25l[A[1Gpulling manifest [K
pulling a99b7f834d75:  75% ▕█████████████     ▏ 4.5 GB/6.0 GB   19 MB/s   1m18s[K[?25h[?2026l[?2026h[?25l[A[1Gpulling manifest [K
pulling a99b7f834d75:  75% ▕█████████████     ▏ 4.5 GB/6.0 GB   19 MB/s   1m18s[K[?25h[?2026l[?2026h[?25l[A[1Gpulling manifest [K
pulling a99b7f834d75:  75% ▕█████████████     ▏ 4.5 GB/6.0 GB   19 MB/s   1m18s[K[?25h[?2026l[?2026h[?25l[A[1Gpulling manifest [K
pulling a99b7f834d75:  75% ▕█████████████     ▏ 4.5 GB/6.0 GB   19 MB/s   1m18s[K[?25h[?2026l[?2026h[?25l[A[1Gpulling manifest [K
pulling a99b7f834d75:  75% ▕█████████████     ▏ 4.5 GB/6.0 GB   19 MB/s   1m18s[K[?25h[?2026l[?2026h[?25l[A[1Gpulling manifest [K
pulling a99b7f834d75:  75% ▕█████████████     ▏ 4.5 GB/6.0 GB   19 MB/s   1m18s[K[?25h[?2026l[?2026h[?25l[A[1Gpulling manifest [K
pulling a99b7f834d75:  75% ▕█████████████     ▏ 4.5 GB/6.0 GB   18 MB/s   1m19s[K[?25h[?2026l[?2026h[?25l[A[1Gpulling manifest [K
pulling a99b7f834d75:  75% ▕█████████████     ▏ 4.5 GB/6.0 GB   18 MB/s   1m18s[K[?25h[?2026l[?2026h[?25l[A[1Gpulling manifest [K
pulling a99b7f834d75:  75% ▕█████████████     ▏ 4.5 GB/6.0 GB   18 MB/s   1m18s[K[?25h[?2026l[?2026h[?25l[A[1Gpulling manifest [K
pulling a99b7f834d75:  75% ▕█████████████     ▏ 4.5 GB/6.0 GB   18 MB/s   1m18s[K[?25h[?2026l[?2026h[?25l[A[1Gpulling manifest [K
pulling a99b7f834d75:  75% ▕█████████████     ▏ 4.5 GB/6.0 GB   18 MB/s   1m18s[K[?25h[?2026l[?2026h[?25l[A[1Gpulling manifest [K
pulling a99b7f834d75:  75% ▕█████████████     ▏ 4.5 GB/6.0 GB   18 MB/s   1m18s[K[?25h[?2026l[?2026h[?25l[A[1Gpulling manifest [K
pulling a99b7f834d75:  75% ▕█████████████     ▏ 4.5 GB/6.0 GB   18 MB/s   1m18s[K[?25h[?2026l[?2026h[?25l[A[1Gpulling manifest [K
pulling a99b7f834d75:  75% ▕█████████████     ▏ 4.5 GB/6.0 GB   18 MB/s   1m18s[K[?25h[?2026l[?2026h[?25l[A[1Gpulling manifest [K
pulling a99b7f834d75:  75% ▕█████████████     ▏ 4.5 GB/6.0 GB   18 MB/s   1m18s[K[?25h[?2026l[?2026h[?25l[A[1Gpulling manifest [K
pulling a99b7f834d75:  75% ▕█████████████     ▏ 4.5 GB/6.0 GB   18 MB/s   1m18s[K[?25h[?2026l[?2026h[?25l[A[1Gpulling manifest [K
pulling a99b7f834d75:  75% ▕█████████████     ▏ 4.5 GB/6.0 GB   18 MB/s   1m20s[K[?25h[?2026l[?2026h[?25l[A[1Gpulling manifest [K
pulling a99b7f834d75:  75% ▕█████████████     ▏ 4.5 GB/6.0 GB   18 MB/s   1m20s[K[?25h[?2026l[?2026h[?25l[A[1Gpulling manifest [K
pulling a99b7f834d75:  75% ▕█████████████     ▏ 4.5 GB/6.0 GB   18 MB/s   1m20s[K[?25h[?2026l[?2026h[?25l[A[1Gpulling manifest [K
pulling a99b7f834d75:  75% ▕█████████████     ▏ 4.5 GB/6.0 GB   18 MB/s   1m20s[K[?25h[?2026l[?2026h[?25l[A[1Gpulling manifest [K
pulling a99b7f834d75:  75% ▕█████████████     ▏ 4.5 GB/6.0 GB   18 MB/s   1m20s[K[?25h[?2026l[?2026h[?25l[A[1Gpulling manifest [K
pulling a99b7f834d75:  75% ▕█████████████     ▏ 4.5 GB/6.0 GB   18 MB/s   1m20s[K[?25h[?2026l[?2026h[?25l[A[1Gpulling manifest [K
pulling a99b7f834d75:  75% ▕█████████████     ▏ 4.5 GB/6.0 GB   18 MB/s   1m20s[K[?25h[?2026l[?2026h[?25l[A[1Gpulling manifest [K
pulling a99b7f834d75:  75% ▕█████████████     ▏ 4.5 GB/6.0 GB   18 MB/s   1m20s[K[?25h[?2026l[?2026h[?25l[A[1Gpulling manifest [K
pulling a99b7f834d75:  76% ▕█████████████     ▏ 4.5 GB/6.0 GB   18 MB/s   1m19s[K[?25h[?2026l[?2026h[?25l[A[1Gpulling manifest [K
pulling a99b7f834d75:  76% ▕█████████████     ▏ 4.5 GB/6.0 GB   18 MB/s   1m19s[K[?25h[?2026l[?2026h[?25l[A[1Gpulling manifest [K
pulling a99b7f834d75:  76% ▕█████████████     ▏ 4.5 GB/6.0 GB   17 MB/s   1m22s[K[?25h[?2026l[?2026h[?25l[A[1Gpulling manifest [K
pulling a99b7f834d75:  76% ▕█████████████     ▏ 4.5 GB/6.0 GB   17 MB/s   1m22s[K[?25h[?2026l[?2026h[?25l[A[1Gpulling manifest [K
pulling a99b7f834d75:  76% ▕█████████████     ▏ 4.5 GB/6.0 GB   17 MB/s   1m22s[K[?25h[?2026l[?2026h[?25l[A[1Gpulling manifest [K
pulling a99b7f834d75:  76% ▕█████████████     ▏ 4.5 GB/6.0 GB   17 MB/s   1m22s[K[?25h[?2026l[?2026h[?25l[A[1Gpulling manifest [K
pulling a99b7f834d75:  76% ▕█████████████     ▏ 4.5 GB/6.0 GB   17 MB/s   1m22s[K[?25h[?2026l[?2026h[?25l[A[1Gpulling manifest [K
pulling a99b7f834d75:  76% ▕█████████████     ▏ 4.5 GB/6.0 GB   17 MB/s   1m22s[K[?25h[?2026l[?2026h[?25l[A[1Gpulling manifest [K
pulling a99b7f834d75:  76% ▕█████████████     ▏ 4.5 GB/6.0 GB   17 MB/s   1m21s[K[?25h[?2026l[?2026h[?25l[A[1Gpulling manifest [K
pulling a99b7f834d75:  76% ▕█████████████     ▏ 4.5 GB/6.0 GB   17 MB/s   1m21s[K[?25h[?2026l[?2026h[?25l[A[1Gpulling manifest [K
pulling a99b7f834d75:  76% ▕█████████████     ▏ 4.5 GB/6.0 GB   17 MB/s   1m21s[K[?25h[?2026l[?2026h[?25l[A[1Gpulling manifest [K
pulling a99b7f834d75:  76% ▕█████████████     ▏ 4.5 GB/6.0 GB   17 MB/s   1m21s[K[?25h[?2026l[?2026h[?25l[A[1Gpulling manifest [K
pulling a99b7f834d75:  76% ▕█████████████     ▏ 4.5 GB/6.0 GB   18 MB/s   1m19s[K[?25h[?2026l[?2026h[?25l[A[1Gpulling manifest [K
pulling a99b7f834d75:  76% ▕█████████████     ▏ 4.5 GB/6.0 GB   18 MB/s   1m18s[K[?25h[?2026l[?2026h[?25l[A[1Gpulling manifest [K
pulling a99b7f834d75:  76% ▕█████████████     ▏ 4.5 GB/6.0 GB   18 MB/s   1m18s[K[?25h[?2026l[?2026h[?25l[A[1Gpulling manifest [K
pulling a99b7f834d75:  76% ▕█████████████     ▏ 4.5 GB/6.0 GB   18 MB/s   1m18s[K[?25h[?2026l[?2026h[?25l[A[1Gpulling manifest [K
pulling a99b7f834d75:  76% ▕█████████████     ▏ 4.5 GB/6.0 GB   18 MB/s   1m18s[K[?25h[?2026l[?2026h[?25l[A[1Gpulling manifest [K
pulling a99b7f834d75:  76% ▕█████████████     ▏ 4.5 GB/6.0 GB   18 MB/s   1m18s[K[?25h[?2026l[?2026h[?25l[A[1Gpulling manifest [K
pulling a99b7f834d75:  76% ▕█████████████     ▏ 4.5 GB/6.0 GB   18 MB/s   1m18s[K[?25h[?2026l[?2026h[?25l[A[1Gpulling manifest [K
pulling a99b7f834d75:  76% ▕█████████████     ▏ 4.5 GB/6.0 GB   18 MB/s   1m18s[K[?25h[?2026l[?2026h[?25l[A[1Gpulling manifest [K
pulling a99b7f834d75:  76% ▕█████████████     ▏ 4.5 GB/6.0 GB   18 MB/s   1m18s[K[?25h[?2026l[?2026h[?25l[A[1Gpulling manifest [K
pulling a99b7f834d75:  76% ▕█████████████     ▏ 4.5 GB/6.0 GB   18 MB/s   1m18s[K[?25h[?2026l[?2026h[?25l[A[1Gpulling manifest [K
pulling a99b7f834d75:  76% ▕█████████████     ▏ 4.6 GB/6.0 GB   19 MB/s   1m13s[K[?25h[?2026l[?2026h[?25l[A[1Gpulling manifest [K
pulling a99b7f834d75:  76% ▕█████████████     ▏ 4.6 GB/6.0 GB   19 MB/s   1m13s[K[?25h[?2026l[?2026h[?25l[A[1Gpulling manifest [K
pulling a99b7f834d75:  76% ▕█████████████     ▏ 4.6 GB/6.0 GB   19 MB/s   1m13s[K[?25h[?2026l[?2026h[?25l[A[1Gpulling manifest [K
pulling a99b7f834d75:  76% ▕█████████████     ▏ 4.6 GB/6.0 GB   19 MB/s   1m13s[K[?25h[?2026l[?2026h[?25l[A[1Gpulling manifest [K
pulling a99b7f834d75:  76% ▕█████████████     ▏ 4.6 GB/6.0 GB   19 MB/s   1m13s[K[?25h[?2026l[?2026h[?25l[A[1Gpulling manifest [K
pulling a99b7f834d75:  76% ▕█████████████     ▏ 4.6 GB/6.0 GB   19 MB/s   1m13s[K[?25h[?2026l[?2026h[?25l[A[1Gpulling manifest [K
pulling a99b7f834d75:  76% ▕█████████████     ▏ 4.6 GB/6.0 GB   19 MB/s   1m13s[K[?25h[?2026l[?2026h[?25l[A[1Gpulling manifest [K
pulling a99b7f834d75:  76% ▕█████████████     ▏ 4.6 GB/6.0 GB   19 MB/s   1m13s[K[?25h[?2026l[?2026h[?25l[A[1Gpulling manifest [K
pulling a99b7f834d75:  77% ▕█████████████     ▏ 4.6 GB/6.0 GB   19 MB/s   1m13s[K[?25h[?2026l[?2026h[?25l[A[1Gpulling manifest [K
pulling a99b7f834d75:  77% ▕█████████████     ▏ 4.6 GB/6.0 GB   19 MB/s   1m13s[K[?25h[?2026l[?2026h[?25l[A[1Gpulling manifest [K
pulling a99b7f834d75:  77% ▕█████████████     ▏ 4.6 GB/6.0 GB   19 MB/s   1m12s[K[?25h[?2026l[?2026h[?25l[A[1Gpulling manifest [K
pulling a99b7f834d75:  77% ▕█████████████     ▏ 4.6 GB/6.0 GB   19 MB/s   1m12s[K[?25h[?2026l[?2026h[?25l[A[1Gpulling manifest [K
pulling a99b7f834d75:  77% ▕█████████████     ▏ 4.6 GB/6.0 GB   19 MB/s   1m12s[K[?25h[?2026l[?2026h[?25l[A[1Gpulling manifest [K
pulling a99b7f834d75:  77% ▕█████████████     ▏ 4.6 GB/6.0 GB   19 MB/s   1m12s[K[?25h[?2026l[?2026h[?25l[A[1Gpulling manifest [K
pulling a99b7f834d75:  77% ▕█████████████     ▏ 4.6 GB/6.0 GB   19 MB/s   1m11s[K[?25h[?2026l[?2026h[?25l[A[1Gpulling manifest [K
pulling a99b7f834d75:  77% ▕█████████████     ▏ 4.6 GB/6.0 GB   19 MB/s   1m11s[K[?25h[?2026l[?2026h[?25l[A[1Gpulling manifest [K
pulling a99b7f834d75:  77% ▕█████████████     ▏ 4.6 GB/6.0 GB   19 MB/s   1m11s[K[?25h[?2026l[?2026h[?25l[A[1Gpulling manifest [K
pulling a99b7f834d75:  77% ▕█████████████     ▏ 4.6 GB/6.0 GB   19 MB/s   1m11s[K[?25h[?2026l[?2026h[?25l[A[1Gpulling manifest [K
pulling a99b7f834d75:  77% ▕█████████████     ▏ 4.6 GB/6.0 GB   19 MB/s   1m11s[K[?25h[?2026l[?2026h[?25l[A[1Gpulling manifest [K
pulling a99b7f834d75:  77% ▕█████████████     ▏ 4.6 GB/6.0 GB   19 MB/s   1m11s[K[?25h[?2026l[?2026h[?25l[A[1Gpulling manifest [K
pulling a99b7f834d75:  77% ▕█████████████     ▏ 4.6 GB/6.0 GB   19 MB/s   1m11s[K[?25h[?2026l[?2026h[?25l[A[1Gpulling manifest [K
pulling a99b7f834d75:  77% ▕█████████████     ▏ 4.6 GB/6.0 GB   19 MB/s    1m9s[K[?25h[?2026l[?2026h[?25l[A[1Gpulling manifest [K
pulling a99b7f834d75:  77% ▕█████████████     ▏ 4.6 GB/6.0 GB   19 MB/s    1m9s[K[?25h[?2026l[?2026h[?25l[A[1Gpulling manifest [K
pulling a99b7f834d75:  77% ▕█████████████     ▏ 4.6 GB/6.0 GB   19 MB/s    1m9s[K[?25h[?2026l[?2026h[?25l[A[1Gpulling manifest [K
pulling a99b7f834d75:  77% ▕█████████████     ▏ 4.6 GB/6.0 GB   19 MB/s    1m9s[K[?25h[?2026l[?2026h[?25l[A[1Gpulling manifest [K
pulling a99b7f834d75:  77% ▕█████████████     ▏ 4.6 GB/6.0 GB   19 MB/s    1m9s[K[?25h[?2026l[?2026h[?25l[A[1Gpulling manifest [K
pulling a99b7f834d75:  77% ▕█████████████     ▏ 4.6 GB/6.0 GB   19 MB/s    1m9s[K[?25h[?2026l[?2026h[?25l[A[1Gpulling manifest [K
pulling a99b7f834d75:  77% ▕█████████████     ▏ 4.6 GB/6.0 GB   19 MB/s    1m9s[K[?25h[?2026l[?2026h[?25l[A[1Gpulling manifest [K
pulling a99b7f834d75:  77% ▕█████████████     ▏ 4.6 GB/6.0 GB   19 MB/s    1m9s[K[?25h[?2026l[?2026h[?25l[A[1Gpulling manifest [K
pulling a99b7f834d75:  77% ▕█████████████     ▏ 4.6 GB/6.0 GB   19 MB/s    1m8s[K[?25h[?2026l[?2026h[?25l[A[1Gpulling manifest [K
pulling a99b7f834d75:  77% ▕█████████████     ▏ 4.6 GB/6.0 GB   19 MB/s    1m8s[K[?25h[?2026l[?2026h[?25l[A[1Gpulling manifest [K
pulling a99b7f834d75:  77% ▕█████████████     ▏ 4.6 GB/6.0 GB   20 MB/s    1m6s[K[?25h[?2026l[?2026h[?25l[A[1Gpulling manifest [K
pulling a99b7f834d75:  77% ▕█████████████     ▏ 4.6 GB/6.0 GB   20 MB/s    1m6s[K[?25h[?2026l[?2026h[?25l[A[1Gpulling manifest [K
pulling a99b7f834d75:  77% ▕█████████████     ▏ 4.6 GB/6.0 GB   20 MB/s    1m6s[K[?25h[?2026l[?2026h[?25l[A[1Gpulling manifest [K
pulling a99b7f834d75:  77% ▕█████████████     ▏ 4.6 GB/6.0 GB   20 MB/s    1m6s[K[?25h[?2026l[?2026h[?25l[A[1Gpulling manifest [K
pulling a99b7f834d75:  77% ▕█████████████     ▏ 4.6 GB/6.0 GB   20 MB/s    1m6s[K[?25h[?2026l[?2026h[?25l[A[1Gpulling manifest [K
pulling a99b7f834d75:  77% ▕█████████████     ▏ 4.6 GB/6.0 GB   20 MB/s    1m6s[K[?25h[?2026l[?2026h[?25l[A[1Gpulling manifest [K
pulling a99b7f834d75:  77% ▕█████████████     ▏ 4.6 GB/6.0 GB   20 MB/s    1m6s[K[?25h[?2026l[?2026h[?25l[A[1Gpulling manifest [K
pulling a99b7f834d75:  77% ▕█████████████     ▏ 4.6 GB/6.0 GB   20 MB/s    1m6s[K[?25h[?2026l[?2026h[?25l[A[1Gpulling manifest [K
pulling a99b7f834d75:  77% ▕█████████████     ▏ 4.6 GB/6.0 GB   20 MB/s    1m6s[K[?25h[?2026l[?2026h[?25l[A[1Gpulling manifest [K
pulling a99b7f834d75:  77% ▕█████████████     ▏ 4.6 GB/6.0 GB   20 MB/s    1m6s[K[?25h[?2026l[?2026h[?25l[A[1Gpulling manifest [K
pulling a99b7f834d75:  78% ▕█████████████     ▏ 4.6 GB/6.0 GB   19 MB/s    1m8s[K[?25h[?2026l[?2026h[?25l[A[1Gpulling manifest [K
pulling a99b7f834d75:  78% ▕█████████████     ▏ 4.6 GB/6.0 GB   19 MB/s    1m8s[K[?25h[?2026l[?2026h[?25l[A[1Gpulling manifest [K
pulling a99b7f834d75:  78% ▕█████████████     ▏ 4.6 GB/6.0 GB   19 MB/s    1m8s[K[?25h[?2026l[?2026h[?25l[A[1Gpulling manifest [K
pulling a99b7f834d75:  78% ▕█████████████     ▏ 4.6 GB/6.0 GB   19 MB/s    1m8s[K[?25h[?2026l[?2026h[?25l[A[1Gpulling manifest [K
pulling a99b7f834d75:  78% ▕█████████████     ▏ 4.6 GB/6.0 GB   19 MB/s    1m8s[K[?25h[?2026l[?2026h[?25l[A[1Gpulling manifest [K
pulling a99b7f834d75:  78% ▕█████████████     ▏ 4.6 GB/6.0 GB   19 MB/s    1m8s[K[?25h[?2026l[?2026h[?25l[A[1Gpulling manifest [K
pulling a99b7f834d75:  78% ▕█████████████     ▏ 4.6 GB/6.0 GB   19 MB/s    1m8s[K[?25h[?2026l[?2026h[?25l[A[1Gpulling manifest [K
pulling a99b7f834d75:  78% ▕█████████████     ▏ 4.6 GB/6.0 GB   19 MB/s    1m7s[K[?25h[?2026l[?2026h[?25l[A[1Gpulling manifest [K
pulling a99b7f834d75:  78% ▕█████████████     ▏ 4.6 GB/6.0 GB   19 MB/s    1m7s[K[?25h[?2026l[?2026h[?25l[A[1Gpulling manifest [K
pulling a99b7f834d75:  78% ▕██████████████    ▏ 4.6 GB/6.0 GB   19 MB/s    1m7s[K[?25h[?2026l[?2026h[?25l[A[1Gpulling manifest [K
pulling a99b7f834d75:  78% ▕██████████████    ▏ 4.6 GB/6.0 GB   19 MB/s    1m9s[K[?25h[?2026l[?2026h[?25l[A[1Gpulling manifest [K
pulling a99b7f834d75:  78% ▕██████████████    ▏ 4.6 GB/6.0 GB   19 MB/s    1m8s[K[?25h[?2026l[?2026h[?25l[A[1Gpulling manifest [K
pulling a99b7f834d75:  78% ▕██████████████    ▏ 4.6 GB/6.0 GB   19 MB/s    1m8s[K[?25h[?2026l[?2026h[?25l[A[1Gpulling manifest [K
pulling a99b7f834d75:  78% ▕██████████████    ▏ 4.7 GB/6.0 GB   19 MB/s    1m8s[K[?25h[?2026l[?2026h[?25l[A[1Gpulling manifest [K
pulling a99b7f834d75:  78% ▕██████████████    ▏ 4.7 GB/6.0 GB   19 MB/s    1m8s[K[?25h[?2026l[?2026h[?25l[A[1Gpulling manifest [K
pulling a99b7f834d75:  78% ▕██████████████    ▏ 4.7 GB/6.0 GB   19 MB/s    1m8s[K[?25h[?2026l[?2026h[?25l[A[1Gpulling manifest [K
pulling a99b7f834d75:  78% ▕██████████████    ▏ 4.7 GB/6.0 GB   19 MB/s    1m8s[K[?25h[?2026l[?2026h[?25l[A[1Gpulling manifest [K
pulling a99b7f834d75:  78% ▕██████████████    ▏ 4.7 GB/6.0 GB   19 MB/s    1m8s[K[?25h[?2026l[?2026h[?25l[A[1Gpulling manifest [K
pulling a99b7f834d75:  78% ▕██████████████    ▏ 4.7 GB/6.0 GB   19 MB/s    1m8s[K[?25h[?2026l[?2026h[?25l[A[1Gpulling manifest [K
pulling a99b7f834d75:  78% ▕██████████████    ▏ 4.7 GB/6.0 GB   19 MB/s    1m8s[K[?25h[?2026l[?2026h[?25l[A[1Gpulling manifest [K
pulling a99b7f834d75:  78% ▕██████████████    ▏ 4.7 GB/6.0 GB   19 MB/s    1m8s[K[?25h[?2026l[?2026h[?25l[A[1Gpulling manifest [K
pulling a99b7f834d75:  78% ▕██████████████    ▏ 4.7 GB/6.0 GB   19 MB/s    1m7s[K[?25h[?2026l[?2026h[?25l[A[1Gpulling manifest [K
pulling a99b7f834d75:  78% ▕██████████████    ▏ 4.7 GB/6.0 GB   19 MB/s    1m7s[K[?25h[?2026l[?2026h[?25l[A[1Gpulling manifest [K
pulling a99b7f834d75:  78% ▕██████████████    ▏ 4.7 GB/6.0 GB   19 MB/s    1m7s[K[?25h[?2026l[?2026h[?25l[A[1Gpulling manifest [K
pulling a99b7f834d75:  78% ▕██████████████    ▏ 4.7 GB/6.0 GB   19 MB/s    1m6s[K[?25h[?2026l[?2026h[?25l[A[1Gpulling manifest [K
pulling a99b7f834d75:  78% ▕██████████████    ▏ 4.7 GB/6.0 GB   19 MB/s    1m6s[K[?25h[?2026l[?2026h[?25l[A[1Gpulling manifest [K
pulling a99b7f834d75:  78% ▕██████████████    ▏ 4.7 GB/6.0 GB   19 MB/s    1m6s[K[?25h[?2026l[?2026h[?25l[A[1Gpulling manifest [K
pulling a99b7f834d75:  78% ▕██████████████    ▏ 4.7 GB/6.0 GB   19 MB/s    1m6s[K[?25h[?2026l[?2026h[?25l[A[1Gpulling manifest [K
pulling a99b7f834d75:  78% ▕██████████████    ▏ 4.7 GB/6.0 GB   19 MB/s    1m6s[K[?25h[?2026l[?2026h[?25l[A[1Gpulling manifest [K
pulling a99b7f834d75:  78% ▕██████████████    ▏ 4.7 GB/6.0 GB   19 MB/s    1m6s[K[?25h[?2026l[?2026h[?25l[A[1Gpulling manifest [K
pulling a99b7f834d75:  78% ▕██████████████    ▏ 4.7 GB/6.0 GB   19 MB/s    1m6s[K[?25h[?2026l[?2026h[?25l[A[1Gpulling manifest [K
pulling a99b7f834d75:  78% ▕██████████████    ▏ 4.7 GB/6.0 GB   19 MB/s    1m6s[K[?25h[?2026l[?2026h[?25l[A[1Gpulling manifest [K
pulling a99b7f834d75:  78% ▕██████████████    ▏ 4.7 GB/6.0 GB   19 MB/s    1m6s[K[?25h[?2026l[?2026h[?25l[A[1Gpulling manifest [K
pulling a99b7f834d75:  79% ▕██████████████    ▏ 4.7 GB/6.0 GB   19 MB/s    1m6s[K[?25h[?2026l[?2026h[?25l[A[1Gpulling manifest [K
pulling a99b7f834d75:  79% ▕██████████████    ▏ 4.7 GB/6.0 GB   19 MB/s    1m6s[K[?25h[?2026l[?2026h[?25l[A[1Gpulling manifest [K
pulling a99b7f834d75:  79% ▕██████████████    ▏ 4.7 GB/6.0 GB   19 MB/s    1m6s[K[?25h[?2026l[?2026h[?25l[A[1Gpulling manifest [K
pulling a99b7f834d75:  79% ▕██████████████    ▏ 4.7 GB/6.0 GB   19 MB/s    1m6s[K[?25h[?2026l[?2026h[?25l[A[1Gpulling manifest [K
pulling a99b7f834d75:  79% ▕██████████████    ▏ 4.7 GB/6.0 GB   19 MB/s    1m6s[K[?25h[?2026l[?2026h[?25l[A[1Gpulling manifest [K
pulling a99b7f834d75:  79% ▕██████████████    ▏ 4.7 GB/6.0 GB   19 MB/s    1m6s[K[?25h[?2026l[?2026h[?25l[A[1Gpulling manifest [K
pulling a99b7f834d75:  79% ▕██████████████    ▏ 4.7 GB/6.0 GB   19 MB/s    1m5s[K[?25h[?2026l[?2026h[?25l[A[1Gpulling manifest [K
pulling a99b7f834d75:  79% ▕██████████████    ▏ 4.7 GB/6.0 GB   19 MB/s    1m5s[K[?25h[?2026l[?2026h[?25l[A[1Gpulling manifest [K
pulling a99b7f834d75:  79% ▕██████████████    ▏ 4.7 GB/6.0 GB   19 MB/s    1m5s[K[?25h[?2026l[?2026h[?25l[A[1Gpulling manifest [K
pulling a99b7f834d75:  79% ▕██████████████    ▏ 4.7 GB/6.0 GB   19 MB/s    1m5s[K[?25h[?2026l[?2026h[?25l[A[1Gpulling manifest [K
pulling a99b7f834d75:  79% ▕██████████████    ▏ 4.7 GB/6.0 GB   19 MB/s    1m5s[K[?25h[?2026l[?2026h[?25l[A[1Gpulling manifest [K
pulling a99b7f834d75:  79% ▕██████████████    ▏ 4.7 GB/6.0 GB   19 MB/s    1m5s[K[?25h[?2026l[?2026h[?25l[A[1Gpulling manifest [K
pulling a99b7f834d75:  79% ▕██████████████    ▏ 4.7 GB/6.0 GB   19 MB/s    1m5s[K[?25h[?2026l[?2026h[?25l[A[1Gpulling manifest [K
pulling a99b7f834d75:  79% ▕██████████████    ▏ 4.7 GB/6.0 GB   19 MB/s    1m5s[K[?25h[?2026l[?2026h[?25l[A[1Gpulling manifest [K
pulling a99b7f834d75:  79% ▕██████████████    ▏ 4.7 GB/6.0 GB   19 MB/s    1m5s[K[?25h[?2026l[?2026h[?25l[A[1Gpulling manifest [K
pulling a99b7f834d75:  79% ▕██████████████    ▏ 4.7 GB/6.0 GB   19 MB/s    1m4s[K[?25h[?2026l[?2026h[?25l[A[1Gpulling manifest [K
pulling a99b7f834d75:  79% ▕██████████████    ▏ 4.7 GB/6.0 GB   19 MB/s    1m4s[K[?25h[?2026l[?2026h[?25l[A[1Gpulling manifest [K
pulling a99b7f834d75:  79% ▕██████████████    ▏ 4.7 GB/6.0 GB   19 MB/s    1m4s[K[?25h[?2026l[?2026h[?25l[A[1Gpulling manifest [K
pulling a99b7f834d75:  79% ▕██████████████    ▏ 4.7 GB/6.0 GB   19 MB/s    1m4s[K[?25h[?2026l[?2026h[?25l[A[1Gpulling manifest [K
pulling a99b7f834d75:  79% ▕██████████████    ▏ 4.7 GB/6.0 GB   19 MB/s    1m4s[K[?25h[?2026l[?2026h[?25l[A[1Gpulling manifest [K
pulling a99b7f834d75:  79% ▕██████████████    ▏ 4.7 GB/6.0 GB   19 MB/s    1m4s[K[?25h[?2026l[?2026h[?25l[A[1Gpulling manifest [K
pulling a99b7f834d75:  79% ▕██████████████    ▏ 4.7 GB/6.0 GB   19 MB/s    1m4s[K[?25h[?2026l[?2026h[?25l[A[1Gpulling manifest [K
pulling a99b7f834d75:  79% ▕██████████████    ▏ 4.7 GB/6.0 GB   19 MB/s    1m3s[K[?25h[?2026l[?2026h[?25l[A[1Gpulling manifest [K
pulling a99b7f834d75:  79% ▕██████████████    ▏ 4.7 GB/6.0 GB   19 MB/s    1m3s[K[?25h[?2026l[?2026h[?25l[A[1Gpulling manifest [K
pulling a99b7f834d75:  79% ▕██████████████    ▏ 4.7 GB/6.0 GB   19 MB/s    1m3s[K[?25h[?2026l[?2026h[?25l[A[1Gpulling manifest [K
pulling a99b7f834d75:  79% ▕██████████████    ▏ 4.7 GB/6.0 GB   19 MB/s    1m3s[K[?25h[?2026l[?2026h[?25l[A[1Gpulling manifest [K
pulling a99b7f834d75:  79% ▕██████████████    ▏ 4.7 GB/6.0 GB   19 MB/s    1m3s[K[?25h[?2026l[?2026h[?25l[A[1Gpulling manifest [K
pulling a99b7f834d75:  79% ▕██████████████    ▏ 4.7 GB/6.0 GB   19 MB/s    1m3s[K[?25h[?2026l[?2026h[?25l[A[1Gpulling manifest [K
pulling a99b7f834d75:  80% ▕██████████████    ▏ 4.7 GB/6.0 GB   19 MB/s    1m3s[K[?25h[?2026l[?2026h[?25l[A[1Gpulling manifest [K
pulling a99b7f834d75:  80% ▕██████████████    ▏ 4.7 GB/6.0 GB   19 MB/s    1m2s[K[?25h[?2026l[?2026h[?25l[A[1Gpulling manifest [K
pulling a99b7f834d75:  80% ▕██████████████    ▏ 4.8 GB/6.0 GB   19 MB/s    1m2s[K[?25h[?2026l[?2026h[?25l[A[1Gpulling manifest [K
pulling a99b7f834d75:  80% ▕██████████████    ▏ 4.8 GB/6.0 GB   19 MB/s    1m2s[K[?25h[?2026l[?2026h[?25l[A[1Gpulling manifest [K
pulling a99b7f834d75:  80% ▕██████████████    ▏ 4.8 GB/6.0 GB   19 MB/s    1m2s[K[?25h[?2026l[?2026h[?25l[A[1Gpulling manifest [K
pulling a99b7f834d75:  80% ▕██████████████    ▏ 4.8 GB/6.0 GB   19 MB/s    1m2s[K[?25h[?2026l[?2026h[?25l[A[1Gpulling manifest [K
pulling a99b7f834d75:  80% ▕██████████████    ▏ 4.8 GB/6.0 GB   19 MB/s    1m2s[K[?25h[?2026l[?2026h[?25l[A[1Gpulling manifest [K
pulling a99b7f834d75:  80% ▕██████████████    ▏ 4.8 GB/6.0 GB   19 MB/s    1m2s[K[?25h[?2026l[?2026h[?25l[A[1Gpulling manifest [K
pulling a99b7f834d75:  80% ▕██████████████    ▏ 4.8 GB/6.0 GB   19 MB/s    1m2s[K[?25h[?2026l[?2026h[?25l[A[1Gpulling manifest [K
pulling a99b7f834d75:  80% ▕██████████████    ▏ 4.8 GB/6.0 GB   19 MB/s    1m2s[K[?25h[?2026l[?2026h[?25l[A[1Gpulling manifest [K
pulling a99b7f834d75:  80% ▕██████████████    ▏ 4.8 GB/6.0 GB   19 MB/s    1m2s[K[?25h[?2026l[?2026h[?25l[A[1Gpulling manifest [K
pulling a99b7f834d75:  80% ▕██████████████    ▏ 4.8 GB/6.0 GB   19 MB/s    1m2s[K[?25h[?2026l[?2026h[?25l[A[1Gpulling manifest [K
pulling a99b7f834d75:  80% ▕██████████████    ▏ 4.8 GB/6.0 GB   19 MB/s    1m2s[K[?25h[?2026l[?2026h[?25l[A[1Gpulling manifest [K
pulling a99b7f834d75:  80% ▕██████████████    ▏ 4.8 GB/6.0 GB   19 MB/s    1m2s[K[?25h[?2026l[?2026h[?25l[A[1Gpulling manifest [K
pulling a99b7f834d75:  80% ▕██████████████    ▏ 4.8 GB/6.0 GB   19 MB/s    1m1s[K[?25h[?2026l[?2026h[?25l[A[1Gpulling manifest [K
pulling a99b7f834d75:  80% ▕██████████████    ▏ 4.8 GB/6.0 GB   19 MB/s    1m1s[K[?25h[?2026l[?2026h[?25l[A[1Gpulling manifest [K
pulling a99b7f834d75:  80% ▕██████████████    ▏ 4.8 GB/6.0 GB   19 MB/s    1m1s[K[?25h[?2026l[?2026h[?25l[A[1Gpulling manifest [K
pulling a99b7f834d75:  80% ▕██████████████    ▏ 4.8 GB/6.0 GB   19 MB/s    1m1s[K[?25h[?2026l[?2026h[?25l[A[1Gpulling manifest [K
pulling a99b7f834d75:  80% ▕██████████████    ▏ 4.8 GB/6.0 GB   19 MB/s    1m1s[K[?25h[?2026l[?2026h[?25l[A[1Gpulling manifest [K
pulling a99b7f834d75:  80% ▕██████████████    ▏ 4.8 GB/6.0 GB   19 MB/s    1m1s[K[?25h[?2026l[?2026h[?25l[A[1Gpulling manifest [K
pulling a99b7f834d75:  80% ▕██████████████    ▏ 4.8 GB/6.0 GB   19 MB/s    1m1s[K[?25h[?2026l[?2026h[?25l[A[1Gpulling manifest [K
pulling a99b7f834d75:  80% ▕██████████████    ▏ 4.8 GB/6.0 GB   19 MB/s    1m0s[K[?25h[?2026l[?2026h[?25l[A[1Gpulling manifest [K
pulling a99b7f834d75:  80% ▕██████████████    ▏ 4.8 GB/6.0 GB   19 MB/s    1m0s[K[?25h[?2026l[?2026h[?25l[A[1Gpulling manifest [K
pulling a99b7f834d75:  80% ▕██████████████    ▏ 4.8 GB/6.0 GB   19 MB/s    1m0s[K[?25h[?2026l[?2026h[?25l[A[1Gpulling manifest [K
pulling a99b7f834d75:  80% ▕██████████████    ▏ 4.8 GB/6.0 GB   19 MB/s    1m0s[K[?25h[?2026l[?2026h[?25l[A[1Gpulling manifest [K
pulling a99b7f834d75:  80% ▕██████████████    ▏ 4.8 GB/6.0 GB   19 MB/s    1m0s[K[?25h[?2026l[?2026h[?25l[A[1Gpulling manifest [K
pulling a99b7f834d75:  80% ▕██████████████    ▏ 4.8 GB/6.0 GB   19 MB/s    1m0s[K[?25h[?2026l[?2026h[?25l[A[1Gpulling manifest [K
pulling a99b7f834d75:  80% ▕██████████████    ▏ 4.8 GB/6.0 GB   19 MB/s    1m0s[K[?25h[?2026l[?2026h[?25l[A[1Gpulling manifest [K
pulling a99b7f834d75:  80% ▕██████████████    ▏ 4.8 GB/6.0 GB   19 MB/s    1m0s[K[?25h[?2026l[?2026h[?25l[A[1Gpulling manifest [K
pulling a99b7f834d75:  81% ▕██████████████    ▏ 4.8 GB/6.0 GB   19 MB/s     59s[K[?25h[?2026l[?2026h[?25l[A[1Gpulling manifest [K
pulling a99b7f834d75:  81% ▕██████████████    ▏ 4.8 GB/6.0 GB   19 MB/s     59s[K[?25h[?2026l[?2026h[?25l[A[1Gpulling manifest [K
pulling a99b7f834d75:  81% ▕██████████████    ▏ 4.8 GB/6.0 GB   20 MB/s     57s[K[?25h[?2026l[?2026h[?25l[A[1Gpulling manifest [K
pulling a99b7f834d75:  81% ▕██████████████    ▏ 4.8 GB/6.0 GB   20 MB/s     57s[K[?25h[?2026l[?2026h[?25l[A[1Gpulling manifest [K
pulling a99b7f834d75:  81% ▕██████████████    ▏ 4.8 GB/6.0 GB   20 MB/s     57s[K[?25h[?2026l[?2026h[?25l[A[1Gpulling manifest [K
pulling a99b7f834d75:  81% ▕██████████████    ▏ 4.8 GB/6.0 GB   20 MB/s     57s[K[?25h[?2026l[?2026h[?25l[A[1Gpulling manifest [K
pulling a99b7f834d75:  81% ▕██████████████    ▏ 4.8 GB/6.0 GB   20 MB/s     57s[K[?25h[?2026l[?2026h[?25l[A[1Gpulling manifest [K
pulling a99b7f834d75:  81% ▕██████████████    ▏ 4.8 GB/6.0 GB   20 MB/s     57s[K[?25h[?2026l[?2026h[?25l[A[1Gpulling manifest [K
pulling a99b7f834d75:  81% ▕██████████████    ▏ 4.8 GB/6.0 GB   20 MB/s     56s[K[?25h[?2026l[?2026h[?25l[A[1Gpulling manifest [K
pulling a99b7f834d75:  81% ▕██████████████    ▏ 4.8 GB/6.0 GB   20 MB/s     56s[K[?25h[?2026l[?2026h[?25l[A[1Gpulling manifest [K
pulling a99b7f834d75:  81% ▕██████████████    ▏ 4.8 GB/6.0 GB   20 MB/s     56s[K[?25h[?2026l[?2026h[?25l[A[1Gpulling manifest [K
pulling a99b7f834d75:  81% ▕██████████████    ▏ 4.8 GB/6.0 GB   20 MB/s     56s[K[?25h[?2026l[?2026h[?25l[A[1Gpulling manifest [K
pulling a99b7f834d75:  81% ▕██████████████    ▏ 4.8 GB/6.0 GB   19 MB/s     58s[K[?25h[?2026l[?2026h[?25l[A[1Gpulling manifest [K
pulling a99b7f834d75:  81% ▕██████████████    ▏ 4.8 GB/6.0 GB   19 MB/s     58s[K[?25h[?2026l[?2026h[?25l[A[1Gpulling manifest [K
pulling a99b7f834d75:  81% ▕██████████████    ▏ 4.8 GB/6.0 GB   19 MB/s     58s[K[?25h[?2026l[?2026h[?25l[A[1Gpulling manifest [K
pulling a99b7f834d75:  81% ▕██████████████    ▏ 4.8 GB/6.0 GB   19 MB/s     58s[K[?25h[?2026l[?2026h[?25l[A[1Gpulling manifest [K
pulling a99b7f834d75:  81% ▕██████████████    ▏ 4.8 GB/6.0 GB   19 MB/s     58s[K[?25h[?2026l[?2026h[?25l[A[1Gpulling manifest [K
pulling a99b7f834d75:  81% ▕██████████████    ▏ 4.8 GB/6.0 GB   19 MB/s     57s[K[?25h[?2026l[?2026h[?25l[A[1Gpulling manifest [K
pulling a99b7f834d75:  81% ▕██████████████    ▏ 4.8 GB/6.0 GB   19 MB/s     57s[K[?25h[?2026l[?2026h[?25l[A[1Gpulling manifest [K
pulling a99b7f834d75:  81% ▕██████████████    ▏ 4.8 GB/6.0 GB   19 MB/s     57s[K[?25h[?2026l[?2026h[?25l[A[1Gpulling manifest [K
pulling a99b7f834d75:  81% ▕██████████████    ▏ 4.8 GB/6.0 GB   19 MB/s     57s[K[?25h[?2026l[?2026h[?25l[A[1Gpulling manifest [K
pulling a99b7f834d75:  81% ▕██████████████    ▏ 4.8 GB/6.0 GB   19 MB/s     57s[K[?25h[?2026l[?2026h[?25l[A[1Gpulling manifest [K
pulling a99b7f834d75:  81% ▕██████████████    ▏ 4.8 GB/6.0 GB   19 MB/s     56s[K[?25h[?2026l[?2026h[?25l[A[1Gpulling manifest [K
pulling a99b7f834d75:  81% ▕██████████████    ▏ 4.8 GB/6.0 GB   19 MB/s     56s[K[?25h[?2026l[?2026h[?25l[A[1Gpulling manifest [K
pulling a99b7f834d75:  81% ▕██████████████    ▏ 4.8 GB/6.0 GB   19 MB/s     56s[K[?25h[?2026l[?2026h[?25l[A[1Gpulling manifest [K
pulling a99b7f834d75:  81% ▕██████████████    ▏ 4.8 GB/6.0 GB   19 MB/s     56s[K[?25h[?2026l[?2026h[?25l[A[1Gpulling manifest [K
pulling a99b7f834d75:  81% ▕██████████████    ▏ 4.9 GB/6.0 GB   19 MB/s     56s[K[?25h[?2026l[?2026h[?25l[A[1Gpulling manifest [K
pulling a99b7f834d75:  81% ▕██████████████    ▏ 4.9 GB/6.0 GB   19 MB/s     56s[K[?25h[?2026l[?2026h[?25l[A[1Gpulling manifest [K
pulling a99b7f834d75:  81% ▕██████████████    ▏ 4.9 GB/6.0 GB   19 MB/s     56s[K[?25h[?2026l[?2026h[?25l[A[1Gpulling manifest [K
pulling a99b7f834d75:  81% ▕██████████████    ▏ 4.9 GB/6.0 GB   19 MB/s     56s[K[?25h[?2026l[?2026h[?25l[A[1Gpulling manifest [K
pulling a99b7f834d75:  81% ▕██████████████    ▏ 4.9 GB/6.0 GB   19 MB/s     55s[K[?25h[?2026l[?2026h[?25l[A[1Gpulling manifest [K
pulling a99b7f834d75:  81% ▕██████████████    ▏ 4.9 GB/6.0 GB   19 MB/s     55s[K[?25h[?2026l[?2026h[?25l[A[1Gpulling manifest [K
pulling a99b7f834d75:  81% ▕██████████████    ▏ 4.9 GB/6.0 GB   19 MB/s     55s[K[?25h[?2026l[?2026h[?25l[A[1Gpulling manifest [K
pulling a99b7f834d75:  81% ▕██████████████    ▏ 4.9 GB/6.0 GB   19 MB/s     55s[K[?25h[?2026l[?2026h[?25l[A[1Gpulling manifest [K
pulling a99b7f834d75:  82% ▕██████████████    ▏ 4.9 GB/6.0 GB   19 MB/s     55s[K[?25h[?2026l[?2026h[?25l[A[1Gpulling manifest [K
pulling a99b7f834d75:  82% ▕██████████████    ▏ 4.9 GB/6.0 GB   19 MB/s     55s[K[?25h[?2026l[?2026h[?25l[A[1Gpulling manifest [K
pulling a99b7f834d75:  82% ▕██████████████    ▏ 4.9 GB/6.0 GB   19 MB/s     54s[K[?25h[?2026l[?2026h[?25l[A[1Gpulling manifest [K
pulling a99b7f834d75:  82% ▕██████████████    ▏ 4.9 GB/6.0 GB   19 MB/s     54s[K[?25h[?2026l[?2026h[?25l[A[1Gpulling manifest [K
pulling a99b7f834d75:  82% ▕██████████████    ▏ 4.9 GB/6.0 GB   19 MB/s     54s[K[?25h[?2026l[?2026h[?25l[A[1Gpulling manifest [K
pulling a99b7f834d75:  82% ▕██████████████    ▏ 4.9 GB/6.0 GB   19 MB/s     54s[K[?25h[?2026l[?2026h[?25l[A[1Gpulling manifest [K
pulling a99b7f834d75:  82% ▕██████████████    ▏ 4.9 GB/6.0 GB   19 MB/s     54s[K[?25h[?2026l[?2026h[?25l[A[1Gpulling manifest [K
pulling a99b7f834d75:  82% ▕██████████████    ▏ 4.9 GB/6.0 GB   19 MB/s     54s[K[?25h[?2026l[?2026h[?25l[A[1Gpulling manifest [K
pulling a99b7f834d75:  82% ▕██████████████    ▏ 4.9 GB/6.0 GB   19 MB/s     54s[K[?25h[?2026l[?2026h[?25l[A[1Gpulling manifest [K
pulling a99b7f834d75:  82% ▕██████████████    ▏ 4.9 GB/6.0 GB   20 MB/s     53s[K[?25h[?2026l[?2026h[?25l[A[1Gpulling manifest [K
pulling a99b7f834d75:  82% ▕██████████████    ▏ 4.9 GB/6.0 GB   20 MB/s     53s[K[?25h[?2026l[?2026h[?25l[A[1Gpulling manifest [K
pulling a99b7f834d75:  82% ▕██████████████    ▏ 4.9 GB/6.0 GB   20 MB/s     53s[K[?25h[?2026l[?2026h[?25l[A[1Gpulling manifest [K
pulling a99b7f834d75:  82% ▕██████████████    ▏ 4.9 GB/6.0 GB   20 MB/s     53s[K[?25h[?2026l[?2026h[?25l[A[1Gpulling manifest [K
pulling a99b7f834d75:  82% ▕██████████████    ▏ 4.9 GB/6.0 GB   20 MB/s     53s[K[?25h[?2026l[?2026h[?25l[A[1Gpulling manifest [K
pulling a99b7f834d75:  82% ▕██████████████    ▏ 4.9 GB/6.0 GB   20 MB/s     53s[K[?25h[?2026l[?2026h[?25l[A[1Gpulling manifest [K
pulling a99b7f834d75:  82% ▕██████████████    ▏ 4.9 GB/6.0 GB   20 MB/s     53s[K[?25h[?2026l[?2026h[?25l[A[1Gpulling manifest [K
pulling a99b7f834d75:  82% ▕██████████████    ▏ 4.9 GB/6.0 GB   20 MB/s     52s[K[?25h[?2026l[?2026h[?25l[A[1Gpulling manifest [K
pulling a99b7f834d75:  82% ▕██████████████    ▏ 4.9 GB/6.0 GB   20 MB/s     52s[K[?25h[?2026l[?2026h[?25l[A[1Gpulling manifest [K
pulling a99b7f834d75:  82% ▕██████████████    ▏ 4.9 GB/6.0 GB   20 MB/s     52s[K[?25h[?2026l[?2026h[?25l[A[1Gpulling manifest [K
pulling a99b7f834d75:  82% ▕██████████████    ▏ 4.9 GB/6.0 GB   20 MB/s     52s[K[?25h[?2026l[?2026h[?25l[A[1Gpulling manifest [K
pulling a99b7f834d75:  82% ▕██████████████    ▏ 4.9 GB/6.0 GB   20 MB/s     52s[K[?25h[?2026l[?2026h[?25l[A[1Gpulling manifest [K
pulling a99b7f834d75:  82% ▕██████████████    ▏ 4.9 GB/6.0 GB   20 MB/s     52s[K[?25h[?2026l[?2026h[?25l[A[1Gpulling manifest [K
pulling a99b7f834d75:  82% ▕██████████████    ▏ 4.9 GB/6.0 GB   20 MB/s     52s[K[?25h[?2026l[?2026h[?25l[A[1Gpulling manifest [K
pulling a99b7f834d75:  82% ▕██████████████    ▏ 4.9 GB/6.0 GB   20 MB/s     52s[K[?25h[?2026l[?2026h[?25l[A[1Gpulling manifest [K
pulling a99b7f834d75:  82% ▕██████████████    ▏ 4.9 GB/6.0 GB   20 MB/s     52s[K[?25h[?2026l[?2026h[?25l[A[1Gpulling manifest [K
pulling a99b7f834d75:  82% ▕██████████████    ▏ 4.9 GB/6.0 GB   20 MB/s     52s[K[?25h[?2026l[?2026h[?25l[A[1Gpulling manifest [K
pulling a99b7f834d75:  82% ▕██████████████    ▏ 4.9 GB/6.0 GB   20 MB/s     51s[K[?25h[?2026l[?2026h[?25l[A[1Gpulling manifest [K
pulling a99b7f834d75:  83% ▕██████████████    ▏ 4.9 GB/6.0 GB   20 MB/s     51s[K[?25h[?2026l[?2026h[?25l[A[1Gpulling manifest [K
pulling a99b7f834d75:  83% ▕██████████████    ▏ 4.9 GB/6.0 GB   20 MB/s     51s[K[?25h[?2026l[?2026h[?25l[A[1Gpulling manifest [K
pulling a99b7f834d75:  83% ▕██████████████    ▏ 4.9 GB/6.0 GB   20 MB/s     50s[K[?25h[?2026l[?2026h[?25l[A[1Gpulling manifest [K
pulling a99b7f834d75:  83% ▕██████████████    ▏ 4.9 GB/6.0 GB   20 MB/s     50s[K[?25h[?2026l[?2026h[?25l[A[1Gpulling manifest [K
pulling a99b7f834d75:  83% ▕██████████████    ▏ 4.9 GB/6.0 GB   20 MB/s     50s[K[?25h[?2026l[?2026h[?25l[A[1Gpulling manifest [K
pulling a99b7f834d75:  83% ▕██████████████    ▏ 4.9 GB/6.0 GB   20 MB/s     50s[K[?25h[?2026l[?2026h[?25l[A[1Gpulling manifest [K
pulling a99b7f834d75:  83% ▕██████████████    ▏ 4.9 GB/6.0 GB   20 MB/s     50s[K[?25h[?2026l[?2026h[?25l[A[1Gpulling manifest [K
pulling a99b7f834d75:  83% ▕██████████████    ▏ 4.9 GB/6.0 GB   20 MB/s     50s[K[?25h[?2026l[?2026h[?25l[A[1Gpulling manifest [K
pulling a99b7f834d75:  83% ▕██████████████    ▏ 4.9 GB/6.0 GB   20 MB/s     50s[K[?25h[?2026l[?2026h[?25l[A[1Gpulling manifest [K
pulling a99b7f834d75:  83% ▕██████████████    ▏ 4.9 GB/6.0 GB   20 MB/s     50s[K[?25h[?2026l[?2026h[?25l[A[1Gpulling manifest [K
pulling a99b7f834d75:  83% ▕██████████████    ▏ 4.9 GB/6.0 GB   20 MB/s     50s[K[?25h[?2026l[?2026h[?25l[A[1Gpulling manifest [K
pulling a99b7f834d75:  83% ▕██████████████    ▏ 5.0 GB/6.0 GB   20 MB/s     49s[K[?25h[?2026l[?2026h[?25l[A[1Gpulling manifest [K
pulling a99b7f834d75:  83% ▕██████████████    ▏ 5.0 GB/6.0 GB   20 MB/s     48s[K[?25h[?2026l[?2026h[?25l[A[1Gpulling manifest [K
pulling a99b7f834d75:  83% ▕██████████████    ▏ 5.0 GB/6.0 GB   20 MB/s     48s[K[?25h[?2026l[?2026h[?25l[A[1Gpulling manifest [K
pulling a99b7f834d75:  83% ▕██████████████    ▏ 5.0 GB/6.0 GB   20 MB/s     48s[K[?25h[?2026l[?2026h[?25l[A[1Gpulling manifest [K
pulling a99b7f834d75:  83% ▕██████████████    ▏ 5.0 GB/6.0 GB   20 MB/s     48s[K[?25h[?2026l[?2026h[?25l[A[1Gpulling manifest [K
pulling a99b7f834d75:  83% ▕██████████████    ▏ 5.0 GB/6.0 GB   20 MB/s     48s[K[?25h[?2026l[?2026h[?25l[A[1Gpulling manifest [K
pulling a99b7f834d75:  83% ▕██████████████    ▏ 5.0 GB/6.0 GB   20 MB/s     48s[K[?25h[?2026l[?2026h[?25l[A[1Gpulling manifest [K
pulling a99b7f834d75:  83% ▕██████████████    ▏ 5.0 GB/6.0 GB   20 MB/s     48s[K[?25h[?2026l[?2026h[?25l[A[1Gpulling manifest [K
pulling a99b7f834d75:  83% ▕██████████████    ▏ 5.0 GB/6.0 GB   20 MB/s     48s[K[?25h[?2026l[?2026h[?25l[A[1Gpulling manifest [K
pulling a99b7f834d75:  83% ▕██████████████    ▏ 5.0 GB/6.0 GB   20 MB/s     48s[K[?25h[?2026l[?2026h[?25l[A[1Gpulling manifest [K
pulling a99b7f834d75:  83% ▕██████████████    ▏ 5.0 GB/6.0 GB   20 MB/s     47s[K[?25h[?2026l[?2026h[?25l[A[1Gpulling manifest [K
pulling a99b7f834d75:  83% ▕███████████████   ▏ 5.0 GB/6.0 GB   20 MB/s     47s[K[?25h[?2026l[?2026h[?25l[A[1Gpulling manifest [K
pulling a99b7f834d75:  83% ▕███████████████   ▏ 5.0 GB/6.0 GB   20 MB/s     47s[K[?25h[?2026l[?2026h[?25l[A[1Gpulling manifest [K
pulling a99b7f834d75:  83% ▕███████████████   ▏ 5.0 GB/6.0 GB   20 MB/s     47s[K[?25h[?2026l[?2026h[?25l[A[1Gpulling manifest [K
pulling a99b7f834d75:  83% ▕███████████████   ▏ 5.0 GB/6.0 GB   20 MB/s     46s[K[?25h[?2026l[?2026h[?25l[A[1Gpulling manifest [K
pulling a99b7f834d75:  84% ▕███████████████   ▏ 5.0 GB/6.0 GB   20 MB/s     46s[K[?25h[?2026l[?2026h[?25l[A[1Gpulling manifest [K
pulling a99b7f834d75:  84% ▕███████████████   ▏ 5.0 GB/6.0 GB   20 MB/s     46s[K[?25h[?2026l[?2026h[?25l[A[1Gpulling manifest [K
pulling a99b7f834d75:  84% ▕███████████████   ▏ 5.0 GB/6.0 GB   20 MB/s     46s[K[?25h[?2026l[?2026h[?25l[A[1Gpulling manifest [K
pulling a99b7f834d75:  84% ▕███████████████   ▏ 5.0 GB/6.0 GB   20 MB/s     46s[K[?25h[?2026l[?2026h[?25l[A[1Gpulling manifest [K
pulling a99b7f834d75:  84% ▕███████████████   ▏ 5.0 GB/6.0 GB   20 MB/s     46s[K[?25h[?2026l[?2026h[?25l[A[1Gpulling manifest [K
pulling a99b7f834d75:  84% ▕███████████████   ▏ 5.0 GB/6.0 GB   20 MB/s     46s[K[?25h[?2026l[?2026h[?25l[A[1Gpulling manifest [K
pulling a99b7f834d75:  84% ▕███████████████   ▏ 5.0 GB/6.0 GB   20 MB/s     46s[K[?25h[?2026l[?2026h[?25l[A[1Gpulling manifest [K
pulling a99b7f834d75:  84% ▕███████████████   ▏ 5.0 GB/6.0 GB   21 MB/s     45s[K[?25h[?2026l[?2026h[?25l[A[1Gpulling manifest [K
pulling a99b7f834d75:  84% ▕███████████████   ▏ 5.0 GB/6.0 GB   21 MB/s     45s[K[?25h[?2026l[?2026h[?25l[A[1Gpulling manifest [K
pulling a99b7f834d75:  84% ▕███████████████   ▏ 5.0 GB/6.0 GB   21 MB/s     45s[K[?25h[?2026l[?2026h[?25l[A[1Gpulling manifest [K
pulling a99b7f834d75:  84% ▕███████████████   ▏ 5.0 GB/6.0 GB   21 MB/s     45s[K[?25h[?2026l[?2026h[?25l[A[1Gpulling manifest [K
pulling a99b7f834d75:  84% ▕███████████████   ▏ 5.0 GB/6.0 GB   21 MB/s     45s[K[?25h[?2026l[?2026h[?25l[A[1Gpulling manifest [K
pulling a99b7f834d75:  84% ▕███████████████   ▏ 5.0 GB/6.0 GB   21 MB/s     45s[K[?25h[?2026l[?2026h[?25l[A[1Gpulling manifest [K
pulling a99b7f834d75:  84% ▕███████████████   ▏ 5.0 GB/6.0 GB   21 MB/s     45s[K[?25h[?2026l[?2026h[?25l[A[1Gpulling manifest [K
pulling a99b7f834d75:  84% ▕███████████████   ▏ 5.0 GB/6.0 GB   21 MB/s     45s[K[?25h[?2026l[?2026h[?25l[A[1Gpulling manifest [K
pulling a99b7f834d75:  84% ▕███████████████   ▏ 5.0 GB/6.0 GB   21 MB/s     44s[K[?25h[?2026l[?2026h[?25l[A[1Gpulling manifest [K
pulling a99b7f834d75:  84% ▕███████████████   ▏ 5.0 GB/6.0 GB   21 MB/s     44s[K[?25h[?2026l[?2026h[?25l[A[1Gpulling manifest [K
pulling a99b7f834d75:  84% ▕███████████████   ▏ 5.0 GB/6.0 GB   22 MB/s     42s[K[?25h[?2026l[?2026h[?25l[A[1Gpulling manifest [K
pulling a99b7f834d75:  84% ▕███████████████   ▏ 5.0 GB/6.0 GB   22 MB/s     42s[K[?25h[?2026l[?2026h[?25l[A[1Gpulling manifest [K
pulling a99b7f834d75:  84% ▕███████████████   ▏ 5.0 GB/6.0 GB   22 MB/s     42s[K[?25h[?2026l[?2026h[?25l[A[1Gpulling manifest [K
pulling a99b7f834d75:  84% ▕███████████████   ▏ 5.0 GB/6.0 GB   22 MB/s     42s[K[?25h[?2026l[?2026h[?25l[A[1Gpulling manifest [K
pulling a99b7f834d75:  84% ▕███████████████   ▏ 5.0 GB/6.0 GB   22 MB/s     41s[K[?25h[?2026l[?2026h[?25l[A[1Gpulling manifest [K
pulling a99b7f834d75:  84% ▕███████████████   ▏ 5.0 GB/6.0 GB   22 MB/s     41s[K[?25h[?2026l[?2026h[?25l[A[1Gpulling manifest [K
pulling a99b7f834d75:  84% ▕███████████████   ▏ 5.0 GB/6.0 GB   22 MB/s     41s[K[?25h[?2026l[?2026h[?25l[A[1Gpulling manifest [K
pulling a99b7f834d75:  84% ▕███████████████   ▏ 5.0 GB/6.0 GB   22 MB/s     41s[K[?25h[?2026l[?2026h[?25l[A[1Gpulling manifest [K
pulling a99b7f834d75:  84% ▕███████████████   ▏ 5.0 GB/6.0 GB   22 MB/s     41s[K[?25h[?2026l[?2026h[?25l[A[1Gpulling manifest [K
pulling a99b7f834d75:  84% ▕███████████████   ▏ 5.0 GB/6.0 GB   22 MB/s     41s[K[?25h[?2026l[?2026h[?25l[A[1Gpulling manifest [K
pulling a99b7f834d75:  84% ▕███████████████   ▏ 5.0 GB/6.0 GB   21 MB/s     42s[K[?25h[?2026l[?2026h[?25l[A[1Gpulling manifest [K
pulling a99b7f834d75:  85% ▕███████████████   ▏ 5.0 GB/6.0 GB   21 MB/s     42s[K[?25h[?2026l[?2026h[?25l[A[1Gpulling manifest [K
pulling a99b7f834d75:  85% ▕███████████████   ▏ 5.0 GB/6.0 GB   21 MB/s     42s[K[?25h[?2026l[?2026h[?25l[A[1Gpulling manifest [K
pulling a99b7f834d75:  85% ▕███████████████   ▏ 5.0 GB/6.0 GB   21 MB/s     42s[K[?25h[?2026l[?2026h[?25l[A[1Gpulling manifest [K
pulling a99b7f834d75:  85% ▕███████████████   ▏ 5.1 GB/6.0 GB   21 MB/s     42s[K[?25h[?2026l[?2026h[?25l[A[1Gpulling manifest [K
pulling a99b7f834d75:  85% ▕███████████████   ▏ 5.1 GB/6.0 GB   21 MB/s     41s[K[?25h[?2026l[?2026h[?25l[A[1Gpulling manifest [K
pulling a99b7f834d75:  85% ▕███████████████   ▏ 5.1 GB/6.0 GB   21 MB/s     41s[K[?25h[?2026l[?2026h[?25l[A[1Gpulling manifest [K
pulling a99b7f834d75:  85% ▕███████████████   ▏ 5.1 GB/6.0 GB   21 MB/s     41s[K[?25h[?2026l[?2026h[?25l[A[1Gpulling manifest [K
pulling a99b7f834d75:  85% ▕███████████████   ▏ 5.1 GB/6.0 GB   21 MB/s     41s[K[?25h[?2026l[?2026h[?25l[A[1Gpulling manifest [K
pulling a99b7f834d75:  85% ▕███████████████   ▏ 5.1 GB/6.0 GB   21 MB/s     41s[K[?25h[?2026l[?2026h[?25l[A[1Gpulling manifest [K
pulling a99b7f834d75:  85% ▕███████████████   ▏ 5.1 GB/6.0 GB   21 MB/s     41s[K[?25h[?2026l[?2026h[?25l[A[1Gpulling manifest [K
pulling a99b7f834d75:  85% ▕███████████████   ▏ 5.1 GB/6.0 GB   21 MB/s     41s[K[?25h[?2026l[?2026h[?25l[A[1Gpulling manifest [K
pulling a99b7f834d75:  85% ▕███████████████   ▏ 5.1 GB/6.0 GB   21 MB/s     41s[K[?25h[?2026l[?2026h[?25l[A[1Gpulling manifest [K
pulling a99b7f834d75:  85% ▕███████████████   ▏ 5.1 GB/6.0 GB   21 MB/s     41s[K[?25h[?2026l[?2026h[?25l[A[1Gpulling manifest [K
pulling a99b7f834d75:  85% ▕███████████████   ▏ 5.1 GB/6.0 GB   21 MB/s     41s[K[?25h[?2026l[?2026h[?25l[A[1Gpulling manifest [K
pulling a99b7f834d75:  85% ▕███████████████   ▏ 5.1 GB/6.0 GB   21 MB/s     41s[K[?25h[?2026l[?2026h[?25l[A[1Gpulling manifest [K
pulling a99b7f834d75:  85% ▕███████████████   ▏ 5.1 GB/6.0 GB   21 MB/s     41s[K[?25h[?2026l[?2026h[?25l[A[1Gpulling manifest [K
pulling a99b7f834d75:  85% ▕███████████████   ▏ 5.1 GB/6.0 GB   21 MB/s     41s[K[?25h[?2026l[?2026h[?25l[A[1Gpulling manifest [K
pulling a99b7f834d75:  85% ▕███████████████   ▏ 5.1 GB/6.0 GB   21 MB/s     41s[K[?25h[?2026l[?2026h[?25l[A[1Gpulling manifest [K
pulling a99b7f834d75:  85% ▕███████████████   ▏ 5.1 GB/6.0 GB   21 MB/s     41s[K[?25h[?2026l[?2026h[?25l[A[1Gpulling manifest [K
pulling a99b7f834d75:  85% ▕███████████████   ▏ 5.1 GB/6.0 GB   21 MB/s     41s[K[?25h[?2026l[?2026h[?25l[A[1Gpulling manifest [K
pulling a99b7f834d75:  85% ▕███████████████   ▏ 5.1 GB/6.0 GB   21 MB/s     40s[K[?25h[?2026l[?2026h[?25l[A[1Gpulling manifest [K
pulling a99b7f834d75:  85% ▕███████████████   ▏ 5.1 GB/6.0 GB   21 MB/s     40s[K[?25h[?2026l[?2026h[?25l[A[1Gpulling manifest [K
pulling a99b7f834d75:  85% ▕███████████████   ▏ 5.1 GB/6.0 GB   21 MB/s     40s[K[?25h[?2026l[?2026h[?25l[A[1Gpulling manifest [K
pulling a99b7f834d75:  85% ▕███████████████   ▏ 5.1 GB/6.0 GB   21 MB/s     40s[K[?25h[?2026l[?2026h[?25l[A[1Gpulling manifest [K
pulling a99b7f834d75:  85% ▕███████████████   ▏ 5.1 GB/6.0 GB   21 MB/s     40s[K[?25h[?2026l[?2026h[?25l[A[1Gpulling manifest [K
pulling a99b7f834d75:  85% ▕███████████████   ▏ 5.1 GB/6.0 GB   21 MB/s     40s[K[?25h[?2026l[?2026h[?25l[A[1Gpulling manifest [K
pulling a99b7f834d75:  85% ▕███████████████   ▏ 5.1 GB/6.0 GB   21 MB/s     40s[K[?25h[?2026l[?2026h[?25l[A[1Gpulling manifest [K
pulling a99b7f834d75:  85% ▕███████████████   ▏ 5.1 GB/6.0 GB   21 MB/s     40s[K[?25h[?2026l[?2026h[?25l[A[1Gpulling manifest [K
pulling a99b7f834d75:  85% ▕███████████████   ▏ 5.1 GB/6.0 GB   21 MB/s     40s[K[?25h[?2026l[?2026h[?25l[A[1Gpulling manifest [K
pulling a99b7f834d75:  85% ▕███████████████   ▏ 5.1 GB/6.0 GB   21 MB/s     40s[K[?25h[?2026l[?2026h[?25l[A[1Gpulling manifest [K
pulling a99b7f834d75:  85% ▕███████████████   ▏ 5.1 GB/6.0 GB   21 MB/s     40s[K[?25h[?2026l[?2026h[?25l[A[1Gpulling manifest [K
pulling a99b7f834d75:  85% ▕███████████████   ▏ 5.1 GB/6.0 GB   21 MB/s     40s[K[?25h[?2026l[?2026h[?25l[A[1Gpulling manifest [K
pulling a99b7f834d75:  85% ▕███████████████   ▏ 5.1 GB/6.0 GB   21 MB/s     40s[K[?25h[?2026l[?2026h[?25l[A[1Gpulling manifest [K
pulling a99b7f834d75:  85% ▕███████████████   ▏ 5.1 GB/6.0 GB   21 MB/s     40s[K[?25h[?2026l[?2026h[?25l[A[1Gpulling manifest [K
pulling a99b7f834d75:  85% ▕███████████████   ▏ 5.1 GB/6.0 GB   21 MB/s     40s[K[?25h[?2026l[?2026h[?25l[A[1Gpulling manifest [K
pulling a99b7f834d75:  86% ▕███████████████   ▏ 5.1 GB/6.0 GB   21 MB/s     40s[K[?25h[?2026l[?2026h[?25l[A[1Gpulling manifest [K
pulling a99b7f834d75:  86% ▕███████████████   ▏ 5.1 GB/6.0 GB   21 MB/s     40s[K[?25h[?2026l[?2026h[?25l[A[1Gpulling manifest [K
pulling a99b7f834d75:  86% ▕███████████████   ▏ 5.1 GB/6.0 GB   21 MB/s     40s[K[?25h[?2026l[?2026h[?25l[A[1Gpulling manifest [K
pulling a99b7f834d75:  86% ▕███████████████   ▏ 5.1 GB/6.0 GB   21 MB/s     40s[K[?25h[?2026l[?2026h[?25l[A[1Gpulling manifest [K
pulling a99b7f834d75:  86% ▕███████████████   ▏ 5.1 GB/6.0 GB   21 MB/s     39s[K[?25h[?2026l[?2026h[?25l[A[1Gpulling manifest [K
pulling a99b7f834d75:  86% ▕███████████████   ▏ 5.1 GB/6.0 GB   20 MB/s     41s[K[?25h[?2026l[?2026h[?25l[A[1Gpulling manifest [K
pulling a99b7f834d75:  86% ▕███████████████   ▏ 5.1 GB/6.0 GB   20 MB/s     41s[K[?25h[?2026l[?2026h[?25l[A[1Gpulling manifest [K
pulling a99b7f834d75:  86% ▕███████████████   ▏ 5.1 GB/6.0 GB   20 MB/s     41s[K[?25h[?2026l[?2026h[?25l[A[1Gpulling manifest [K
pulling a99b7f834d75:  86% ▕███████████████   ▏ 5.1 GB/6.0 GB   20 MB/s     41s[K[?25h[?2026l[?2026h[?25l[A[1Gpulling manifest [K
pulling a99b7f834d75:  86% ▕███████████████   ▏ 5.1 GB/6.0 GB   20 MB/s     41s[K[?25h[?2026l[?2026h[?25l[A[1Gpulling manifest [K
pulling a99b7f834d75:  86% ▕███████████████   ▏ 5.1 GB/6.0 GB   20 MB/s     41s[K[?25h[?2026l[?2026h[?25l[A[1Gpulling manifest [K
pulling a99b7f834d75:  86% ▕███████████████   ▏ 5.1 GB/6.0 GB   20 MB/s     41s[K[?25h[?2026l[?2026h[?25l[A[1Gpulling manifest [K
pulling a99b7f834d75:  86% ▕███████████████   ▏ 5.1 GB/6.0 GB   20 MB/s     41s[K[?25h[?2026l[?2026h[?25l[A[1Gpulling manifest [K
pulling a99b7f834d75:  86% ▕███████████████   ▏ 5.1 GB/6.0 GB   20 MB/s     41s[K[?25h[?2026l[?2026h[?25l[A[1Gpulling manifest [K
pulling a99b7f834d75:  86% ▕███████████████   ▏ 5.1 GB/6.0 GB   20 MB/s     40s[K[?25h[?2026l[?2026h[?25l[A[1Gpulling manifest [K
pulling a99b7f834d75:  86% ▕███████████████   ▏ 5.1 GB/6.0 GB   20 MB/s     40s[K[?25h[?2026l[?2026h[?25l[A[1Gpulling manifest [K
pulling a99b7f834d75:  86% ▕███████████████   ▏ 5.1 GB/6.0 GB   20 MB/s     40s[K[?25h[?2026l[?2026h[?25l[A[1Gpulling manifest [K
pulling a99b7f834d75:  86% ▕███████████████   ▏ 5.1 GB/6.0 GB   20 MB/s     40s[K[?25h[?2026l[?2026h[?25l[A[1Gpulling manifest [K
pulling a99b7f834d75:  86% ▕███████████████   ▏ 5.1 GB/6.0 GB   20 MB/s     40s[K[?25h[?2026l[?2026h[?25l[A[1Gpulling manifest [K
pulling a99b7f834d75:  86% ▕███████████████   ▏ 5.1 GB/6.0 GB   20 MB/s     40s[K[?25h[?2026l[?2026h[?25l[A[1Gpulling manifest [K
pulling a99b7f834d75:  86% ▕███████████████   ▏ 5.1 GB/6.0 GB   20 MB/s     40s[K[?25h[?2026l[?2026h[?25l[A[1Gpulling manifest [K
pulling a99b7f834d75:  86% ▕███████████████   ▏ 5.2 GB/6.0 GB   20 MB/s     39s[K[?25h[?2026l[?2026h[?25l[A[1Gpulling manifest [K
pulling a99b7f834d75:  86% ▕███████████████   ▏ 5.2 GB/6.0 GB   20 MB/s     39s[K[?25h[?2026l[?2026h[?25l[A[1Gpulling manifest [K
pulling a99b7f834d75:  86% ▕███████████████   ▏ 5.2 GB/6.0 GB   20 MB/s     39s[K[?25h[?2026l[?2026h[?25l[A[1Gpulling manifest [K
pulling a99b7f834d75:  86% ▕███████████████   ▏ 5.2 GB/6.0 GB   20 MB/s     39s[K[?25h[?2026l[?2026h[?25l[A[1Gpulling manifest [K
pulling a99b7f834d75:  86% ▕███████████████   ▏ 5.2 GB/6.0 GB   20 MB/s     40s[K[?25h[?2026l[?2026h[?25l[A[1Gpulling manifest [K
pulling a99b7f834d75:  86% ▕███████████████   ▏ 5.2 GB/6.0 GB   20 MB/s     40s[K[?25h[?2026l[?2026h[?25l[A[1Gpulling manifest [K
pulling a99b7f834d75:  86% ▕███████████████   ▏ 5.2 GB/6.0 GB   20 MB/s     39s[K[?25h[?2026l[?2026h[?25l[A[1Gpulling manifest [K
pulling a99b7f834d75:  87% ▕███████████████   ▏ 5.2 GB/6.0 GB   20 MB/s     39s[K[?25h[?2026l[?2026h[?25l[A[1Gpulling manifest [K
pulling a99b7f834d75:  87% ▕███████████████   ▏ 5.2 GB/6.0 GB   20 MB/s     39s[K[?25h[?2026l[?2026h[?25l[A[1Gpulling manifest [K
pulling a99b7f834d75:  87% ▕███████████████   ▏ 5.2 GB/6.0 GB   20 MB/s     39s[K[?25h[?2026l[?2026h[?25l[A[1Gpulling manifest [K
pulling a99b7f834d75:  87% ▕███████████████   ▏ 5.2 GB/6.0 GB   20 MB/s     39s[K[?25h[?2026l[?2026h[?25l[A[1Gpulling manifest [K
pulling a99b7f834d75:  87% ▕███████████████   ▏ 5.2 GB/6.0 GB   20 MB/s     39s[K[?25h[?2026l[?2026h[?25l[A[1Gpulling manifest [K
pulling a99b7f834d75:  87% ▕███████████████   ▏ 5.2 GB/6.0 GB   20 MB/s     39s[K[?25h[?2026l[?2026h[?25l[A[1Gpulling manifest [K
pulling a99b7f834d75:  87% ▕███████████████   ▏ 5.2 GB/6.0 GB   20 MB/s     39s[K[?25h[?2026l[?2026h[?25l[A[1Gpulling manifest [K
pulling a99b7f834d75:  87% ▕███████████████   ▏ 5.2 GB/6.0 GB   20 MB/s     39s[K[?25h[?2026l[?2026h[?25l[A[1Gpulling manifest [K
pulling a99b7f834d75:  87% ▕███████████████   ▏ 5.2 GB/6.0 GB   20 MB/s     38s[K[?25h[?2026l[?2026h[?25l[A[1Gpulling manifest [K
pulling a99b7f834d75:  87% ▕███████████████   ▏ 5.2 GB/6.0 GB   20 MB/s     38s[K[?25h[?2026l[?2026h[?25l[A[1Gpulling manifest [K
pulling a99b7f834d75:  87% ▕███████████████   ▏ 5.2 GB/6.0 GB   20 MB/s     38s[K[?25h[?2026l[?2026h[?25l[A[1Gpulling manifest [K
pulling a99b7f834d75:  87% ▕███████████████   ▏ 5.2 GB/6.0 GB   20 MB/s     38s[K[?25h[?2026l[?2026h[?25l[A[1Gpulling manifest [K
pulling a99b7f834d75:  87% ▕███████████████   ▏ 5.2 GB/6.0 GB   20 MB/s     38s[K[?25h[?2026l[?2026h[?25l[A[1Gpulling manifest [K
pulling a99b7f834d75:  87% ▕███████████████   ▏ 5.2 GB/6.0 GB   20 MB/s     38s[K[?25h[?2026l[?2026h[?25l[A[1Gpulling manifest [K
pulling a99b7f834d75:  87% ▕███████████████   ▏ 5.2 GB/6.0 GB   20 MB/s     38s[K[?25h[?2026l[?2026h[?25l[A[1Gpulling manifest [K
pulling a99b7f834d75:  87% ▕███████████████   ▏ 5.2 GB/6.0 GB   20 MB/s     38s[K[?25h[?2026l[?2026h[?25l[A[1Gpulling manifest [K
pulling a99b7f834d75:  87% ▕███████████████   ▏ 5.2 GB/6.0 GB   20 MB/s     37s[K[?25h[?2026l[?2026h[?25l[A[1Gpulling manifest [K
pulling a99b7f834d75:  87% ▕███████████████   ▏ 5.2 GB/6.0 GB   20 MB/s     37s[K[?25h[?2026l[?2026h[?25l[A[1Gpulling manifest [K
pulling a99b7f834d75:  87% ▕███████████████   ▏ 5.2 GB/6.0 GB   20 MB/s     37s[K[?25h[?2026l[?2026h[?25l[A[1Gpulling manifest [K
pulling a99b7f834d75:  87% ▕███████████████   ▏ 5.2 GB/6.0 GB   20 MB/s     37s[K[?25h[?2026l[?2026h[?25l[A[1Gpulling manifest [K
pulling a99b7f834d75:  87% ▕███████████████   ▏ 5.2 GB/6.0 GB   20 MB/s     37s[K[?25h[?2026l[?2026h[?25l[A[1Gpulling manifest [K
pulling a99b7f834d75:  87% ▕███████████████   ▏ 5.2 GB/6.0 GB   20 MB/s     37s[K[?25h[?2026l[?2026h[?25l[A[1Gpulling manifest [K
pulling a99b7f834d75:  87% ▕███████████████   ▏ 5.2 GB/6.0 GB   20 MB/s     37s[K[?25h[?2026l[?2026h[?25l[A[1Gpulling manifest [K
pulling a99b7f834d75:  87% ▕███████████████   ▏ 5.2 GB/6.0 GB   20 MB/s     36s[K[?25h[?2026l[?2026h[?25l[A[1Gpulling manifest [K
pulling a99b7f834d75:  87% ▕███████████████   ▏ 5.2 GB/6.0 GB   20 MB/s     36s[K[?25h[?2026l[?2026h[?25l[A[1Gpulling manifest [K
pulling a99b7f834d75:  87% ▕███████████████   ▏ 5.2 GB/6.0 GB   20 MB/s     36s[K[?25h[?2026l[?2026h[?25l[A[1Gpulling manifest [K
pulling a99b7f834d75:  88% ▕███████████████   ▏ 5.2 GB/6.0 GB   20 MB/s     36s[K[?25h[?2026l[?2026h[?25l[A[1Gpulling manifest [K
pulling a99b7f834d75:  88% ▕███████████████   ▏ 5.2 GB/6.0 GB   20 MB/s     36s[K[?25h[?2026l[?2026h[?25l[A[1Gpulling manifest [K
pulling a99b7f834d75:  88% ▕███████████████   ▏ 5.2 GB/6.0 GB   20 MB/s     35s[K[?25h[?2026l[?2026h[?25l[A[1Gpulling manifest [K
pulling a99b7f834d75:  88% ▕███████████████   ▏ 5.2 GB/6.0 GB   20 MB/s     35s[K[?25h[?2026l[?2026h[?25l[A[1Gpulling manifest [K
pulling a99b7f834d75:  88% ▕███████████████   ▏ 5.2 GB/6.0 GB   20 MB/s     35s[K[?25h[?2026l[?2026h[?25l[A[1Gpulling manifest [K
pulling a99b7f834d75:  88% ▕███████████████   ▏ 5.2 GB/6.0 GB   20 MB/s     35s[K[?25h[?2026l[?2026h[?25l[A[1Gpulling manifest [K
pulling a99b7f834d75:  88% ▕███████████████   ▏ 5.2 GB/6.0 GB   20 MB/s     34s[K[?25h[?2026l[?2026h[?25l[A[1Gpulling manifest [K
pulling a99b7f834d75:  88% ▕███████████████   ▏ 5.2 GB/6.0 GB   20 MB/s     34s[K[?25h[?2026l[?2026h[?25l[A[1Gpulling manifest [K
pulling a99b7f834d75:  88% ▕███████████████   ▏ 5.2 GB/6.0 GB   20 MB/s     34s[K[?25h[?2026l[?2026h[?25l[A[1Gpulling manifest [K
pulling a99b7f834d75:  88% ▕███████████████   ▏ 5.2 GB/6.0 GB   20 MB/s     34s[K[?25h[?2026l[?2026h[?25l[A[1Gpulling manifest [K
pulling a99b7f834d75:  88% ▕███████████████   ▏ 5.2 GB/6.0 GB   20 MB/s     34s[K[?25h[?2026l[?2026h[?25l[A[1Gpulling manifest [K
pulling a99b7f834d75:  88% ▕███████████████   ▏ 5.2 GB/6.0 GB   20 MB/s     34s[K[?25h[?2026l[?2026h[?25l[A[1Gpulling manifest [K
pulling a99b7f834d75:  88% ▕███████████████   ▏ 5.3 GB/6.0 GB   21 MB/s     33s[K[?25h[?2026l[?2026h[?25l[A[1Gpulling manifest [K
pulling a99b7f834d75:  88% ▕███████████████   ▏ 5.3 GB/6.0 GB   21 MB/s     33s[K[?25h[?2026l[?2026h[?25l[A[1Gpulling manifest [K
pulling a99b7f834d75:  88% ▕███████████████   ▏ 5.3 GB/6.0 GB   21 MB/s     33s[K[?25h[?2026l[?2026h[?25l[A[1Gpulling manifest [K
pulling a99b7f834d75:  88% ▕███████████████   ▏ 5.3 GB/6.0 GB   21 MB/s     33s[K[?25h[?2026l[?2026h[?25l[A[1Gpulling manifest [K
pulling a99b7f834d75:  88% ▕███████████████   ▏ 5.3 GB/6.0 GB   21 MB/s     33s[K[?25h[?2026l[?2026h[?25l[A[1Gpulling manifest [K
pulling a99b7f834d75:  88% ▕███████████████   ▏ 5.3 GB/6.0 GB   21 MB/s     33s[K[?25h[?2026l[?2026h[?25l[A[1Gpulling manifest [K
pulling a99b7f834d75:  88% ▕███████████████   ▏ 5.3 GB/6.0 GB   21 MB/s     33s[K[?25h[?2026l[?2026h[?25l[A[1Gpulling manifest [K
pulling a99b7f834d75:  88% ▕███████████████   ▏ 5.3 GB/6.0 GB   21 MB/s     33s[K[?25h[?2026l[?2026h[?25l[A[1Gpulling manifest [K
pulling a99b7f834d75:  88% ▕███████████████   ▏ 5.3 GB/6.0 GB   21 MB/s     33s[K[?25h[?2026l[?2026h[?25l[A[1Gpulling manifest [K
pulling a99b7f834d75:  88% ▕███████████████   ▏ 5.3 GB/6.0 GB   21 MB/s     33s[K[?25h[?2026l[?2026h[?25l[A[1Gpulling manifest [K
pulling a99b7f834d75:  88% ▕███████████████   ▏ 5.3 GB/6.0 GB   20 MB/s     34s[K[?25h[?2026l[?2026h[?25l[A[1Gpulling manifest [K
pulling a99b7f834d75:  88% ▕███████████████   ▏ 5.3 GB/6.0 GB   20 MB/s     34s[K[?25h[?2026l[?2026h[?25l[A[1Gpulling manifest [K
pulling a99b7f834d75:  88% ▕███████████████   ▏ 5.3 GB/6.0 GB   20 MB/s     34s[K[?25h[?2026l[?2026h[?25l[A[1Gpulling manifest [K
pulling a99b7f834d75:  88% ▕███████████████   ▏ 5.3 GB/6.0 GB   20 MB/s     34s[K[?25h[?2026l[?2026h[?25l[A[1Gpulling manifest [K
pulling a99b7f834d75:  88% ▕███████████████   ▏ 5.3 GB/6.0 GB   20 MB/s     34s[K[?25h[?2026l[?2026h[?25l[A[1Gpulling manifest [K
pulling a99b7f834d75:  88% ▕███████████████   ▏ 5.3 GB/6.0 GB   20 MB/s     34s[K[?25h[?2026l[?2026h[?25l[A[1Gpulling manifest [K
pulling a99b7f834d75:  88% ▕███████████████   ▏ 5.3 GB/6.0 GB   20 MB/s     33s[K[?25h[?2026l[?2026h[?25l[A[1Gpulling manifest [K
pulling a99b7f834d75:  88% ▕███████████████   ▏ 5.3 GB/6.0 GB   20 MB/s     33s[K[?25h[?2026l[?2026h[?25l[A[1Gpulling manifest [K
pulling a99b7f834d75:  88% ▕███████████████   ▏ 5.3 GB/6.0 GB   20 MB/s     33s[K[?25h[?2026l[?2026h[?25l[A[1Gpulling manifest [K
pulling a99b7f834d75:  89% ▕███████████████   ▏ 5.3 GB/6.0 GB   20 MB/s     33s[K[?25h[?2026l[?2026h[?25l[A[1Gpulling manifest [K
pulling a99b7f834d75:  89% ▕███████████████   ▏ 5.3 GB/6.0 GB   20 MB/s     33s[K[?25h[?2026l[?2026h[?25l[A[1Gpulling manifest [K
pulling a99b7f834d75:  89% ▕███████████████   ▏ 5.3 GB/6.0 GB   20 MB/s     32s[K[?25h[?2026l[?2026h[?25l[A[1Gpulling manifest [K
pulling a99b7f834d75:  89% ▕███████████████   ▏ 5.3 GB/6.0 GB   20 MB/s     32s[K[?25h[?2026l[?2026h[?25l[A[1Gpulling manifest [K
pulling a99b7f834d75:  89% ▕███████████████   ▏ 5.3 GB/6.0 GB   20 MB/s     32s[K[?25h[?2026l[?2026h[?25l[A[1Gpulling manifest [K
pulling a99b7f834d75:  89% ▕███████████████   ▏ 5.3 GB/6.0 GB   20 MB/s     32s[K[?25h[?2026l[?2026h[?25l[A[1Gpulling manifest [K
pulling a99b7f834d75:  89% ▕███████████████   ▏ 5.3 GB/6.0 GB   20 MB/s     32s[K[?25h[?2026l[?2026h[?25l[A[1Gpulling manifest [K
pulling a99b7f834d75:  89% ▕███████████████   ▏ 5.3 GB/6.0 GB   20 MB/s     32s[K[?25h[?2026l[?2026h[?25l[A[1Gpulling manifest [K
pulling a99b7f834d75:  89% ▕███████████████   ▏ 5.3 GB/6.0 GB   20 MB/s     32s[K[?25h[?2026l[?2026h[?25l[A[1Gpulling manifest [K
pulling a99b7f834d75:  89% ▕███████████████   ▏ 5.3 GB/6.0 GB   20 MB/s     31s[K[?25h[?2026l[?2026h[?25l[A[1Gpulling manifest [K
pulling a99b7f834d75:  89% ▕███████████████   ▏ 5.3 GB/6.0 GB   20 MB/s     31s[K[?25h[?2026l[?2026h[?25l[A[1Gpulling manifest [K
pulling a99b7f834d75:  89% ▕███████████████   ▏ 5.3 GB/6.0 GB   20 MB/s     31s[K[?25h[?2026l[?2026h[?25l[A[1Gpulling manifest [K
pulling a99b7f834d75:  89% ▕████████████████  ▏ 5.3 GB/6.0 GB   21 MB/s     31s[K[?25h[?2026l[?2026h[?25l[A[1Gpulling manifest [K
pulling a99b7f834d75:  89% ▕████████████████  ▏ 5.3 GB/6.0 GB   21 MB/s     31s[K[?25h[?2026l[?2026h[?25l[A[1Gpulling manifest [K
pulling a99b7f834d75:  89% ▕████████████████  ▏ 5.3 GB/6.0 GB   21 MB/s     31s[K[?25h[?2026l[?2026h[?25l[A[1Gpulling manifest [K
pulling a99b7f834d75:  89% ▕████████████████  ▏ 5.3 GB/6.0 GB   21 MB/s     31s[K[?25h[?2026l[?2026h[?25l[A[1Gpulling manifest [K
pulling a99b7f834d75:  89% ▕████████████████  ▏ 5.3 GB/6.0 GB   21 MB/s     30s[K[?25h[?2026l[?2026h[?25l[A[1Gpulling manifest [K
pulling a99b7f834d75:  89% ▕████████████████  ▏ 5.3 GB/6.0 GB   21 MB/s     30s[K[?25h[?2026l[?2026h[?25l[A[1Gpulling manifest [K
pulling a99b7f834d75:  89% ▕████████████████  ▏ 5.3 GB/6.0 GB   21 MB/s     30s[K[?25h[?2026l[?2026h[?25l[A[1Gpulling manifest [K
pulling a99b7f834d75:  89% ▕████████████████  ▏ 5.3 GB/6.0 GB   21 MB/s     30s[K[?25h[?2026l[?2026h[?25l[A[1Gpulling manifest [K
pulling a99b7f834d75:  89% ▕████████████████  ▏ 5.3 GB/6.0 GB   21 MB/s     30s[K[?25h[?2026l[?2026h[?25l[A[1Gpulling manifest [K
pulling a99b7f834d75:  89% ▕████████████████  ▏ 5.3 GB/6.0 GB   21 MB/s     30s[K[?25h[?2026l[?2026h[?25l[A[1Gpulling manifest [K
pulling a99b7f834d75:  89% ▕████████████████  ▏ 5.3 GB/6.0 GB   20 MB/s     31s[K[?25h[?2026l[?2026h[?25l[A[1Gpulling manifest [K
pulling a99b7f834d75:  89% ▕████████████████  ▏ 5.3 GB/6.0 GB   20 MB/s     31s[K[?25h[?2026l[?2026h[?25l[A[1Gpulling manifest [K
pulling a99b7f834d75:  89% ▕████████████████  ▏ 5.3 GB/6.0 GB   20 MB/s     31s[K[?25h[?2026l[?2026h[?25l[A[1Gpulling manifest [K
pulling a99b7f834d75:  89% ▕████████████████  ▏ 5.3 GB/6.0 GB   20 MB/s     31s[K[?25h[?2026l[?2026h[?25l[A[1Gpulling manifest [K
pulling a99b7f834d75:  89% ▕████████████████  ▏ 5.3 GB/6.0 GB   20 MB/s     31s[K[?25h[?2026l[?2026h[?25l[A[1Gpulling manifest [K
pulling a99b7f834d75:  89% ▕████████████████  ▏ 5.3 GB/6.0 GB   20 MB/s     31s[K[?25h[?2026l[?2026h[?25l[A[1Gpulling manifest [K
pulling a99b7f834d75:  89% ▕████████████████  ▏ 5.3 GB/6.0 GB   20 MB/s     31s[K[?25h[?2026l[?2026h[?25l[A[1Gpulling manifest [K
pulling a99b7f834d75:  89% ▕████████████████  ▏ 5.3 GB/6.0 GB   20 MB/s     30s[K[?25h[?2026l[?2026h[?25l[A[1Gpulling manifest [K
pulling a99b7f834d75:  89% ▕████████████████  ▏ 5.3 GB/6.0 GB   20 MB/s     30s[K[?25h[?2026l[?2026h[?25l[A[1Gpulling manifest [K
pulling a99b7f834d75:  89% ▕████████████████  ▏ 5.3 GB/6.0 GB   20 MB/s     30s[K[?25h[?2026l[?2026h[?25l[A[1Gpulling manifest [K
pulling a99b7f834d75:  89% ▕████████████████  ▏ 5.3 GB/6.0 GB   20 MB/s     30s[K[?25h[?2026l[?2026h[?25l[A[1Gpulling manifest [K
pulling a99b7f834d75:  90% ▕████████████████  ▏ 5.3 GB/6.0 GB   20 MB/s     30s[K[?25h[?2026l[?2026h[?25l[A[1Gpulling manifest [K
pulling a99b7f834d75:  90% ▕████████████████  ▏ 5.3 GB/6.0 GB   20 MB/s     30s[K[?25h[?2026l[?2026h[?25l[A[1Gpulling manifest [K
pulling a99b7f834d75:  90% ▕████████████████  ▏ 5.3 GB/6.0 GB   20 MB/s     30s[K[?25h[?2026l[?2026h[?25l[A[1Gpulling manifest [K
pulling a99b7f834d75:  90% ▕████████████████  ▏ 5.3 GB/6.0 GB   20 MB/s     30s[K[?25h[?2026l[?2026h[?25l[A[1Gpulling manifest [K
pulling a99b7f834d75:  90% ▕████████████████  ▏ 5.4 GB/6.0 GB   20 MB/s     30s[K[?25h[?2026l[?2026h[?25l[A[1Gpulling manifest [K
pulling a99b7f834d75:  90% ▕████████████████  ▏ 5.4 GB/6.0 GB   20 MB/s     30s[K[?25h[?2026l[?2026h[?25l[A[1Gpulling manifest [K
pulling a99b7f834d75:  90% ▕████████████████  ▏ 5.4 GB/6.0 GB   20 MB/s     30s[K[?25h[?2026l[?2026h[?25l[A[1Gpulling manifest [K
pulling a99b7f834d75:  90% ▕████████████████  ▏ 5.4 GB/6.0 GB   20 MB/s     30s[K[?25h[?2026l[?2026h[?25l[A[1Gpulling manifest [K
pulling a99b7f834d75:  90% ▕████████████████  ▏ 5.4 GB/6.0 GB   20 MB/s     29s[K[?25h[?2026l[?2026h[?25l[A[1Gpulling manifest [K
pulling a99b7f834d75:  90% ▕████████████████  ▏ 5.4 GB/6.0 GB   19 MB/s     30s[K[?25h[?2026l[?2026h[?25l[A[1Gpulling manifest [K
pulling a99b7f834d75:  90% ▕████████████████  ▏ 5.4 GB/6.0 GB   19 MB/s     30s[K[?25h[?2026l[?2026h[?25l[A[1Gpulling manifest [K
pulling a99b7f834d75:  90% ▕████████████████  ▏ 5.4 GB/6.0 GB   19 MB/s     30s[K[?25h[?2026l[?2026h[?25l[A[1Gpulling manifest [K
pulling a99b7f834d75:  90% ▕████████████████  ▏ 5.4 GB/6.0 GB   19 MB/s     30s[K[?25h[?2026l[?2026h[?25l[A[1Gpulling manifest [K
pulling a99b7f834d75:  90% ▕████████████████  ▏ 5.4 GB/6.0 GB   19 MB/s     30s[K[?25h[?2026l[?2026h[?25l[A[1Gpulling manifest [K
pulling a99b7f834d75:  90% ▕████████████████  ▏ 5.4 GB/6.0 GB   19 MB/s     30s[K[?25h[?2026l[?2026h[?25l[A[1Gpulling manifest [K
pulling a99b7f834d75:  90% ▕████████████████  ▏ 5.4 GB/6.0 GB   19 MB/s     30s[K[?25h[?2026l[?2026h[?25l[A[1Gpulling manifest [K
pulling a99b7f834d75:  90% ▕████████████████  ▏ 5.4 GB/6.0 GB   19 MB/s     30s[K[?25h[?2026l[?2026h[?25l[A[1Gpulling manifest [K
pulling a99b7f834d75:  90% ▕████████████████  ▏ 5.4 GB/6.0 GB   19 MB/s     30s[K[?25h[?2026l[?2026h[?25l[A[1Gpulling manifest [K
pulling a99b7f834d75:  90% ▕████████████████  ▏ 5.4 GB/6.0 GB   19 MB/s     29s[K[?25h[?2026l[?2026h[?25l[A[1Gpulling manifest [K
pulling a99b7f834d75:  90% ▕████████████████  ▏ 5.4 GB/6.0 GB   19 MB/s     29s[K[?25h[?2026l[?2026h[?25l[A[1Gpulling manifest [K
pulling a99b7f834d75:  90% ▕████████████████  ▏ 5.4 GB/6.0 GB   19 MB/s     30s[K[?25h[?2026l[?2026h[?25l[A[1Gpulling manifest [K
pulling a99b7f834d75:  90% ▕████████████████  ▏ 5.4 GB/6.0 GB   19 MB/s     30s[K[?25h[?2026l[?2026h[?25l[A[1Gpulling manifest [K
pulling a99b7f834d75:  90% ▕████████████████  ▏ 5.4 GB/6.0 GB   19 MB/s     30s[K[?25h[?2026l[?2026h[?25l[A[1Gpulling manifest [K
pulling a99b7f834d75:  90% ▕████████████████  ▏ 5.4 GB/6.0 GB   19 MB/s     30s[K[?25h[?2026l[?2026h[?25l[A[1Gpulling manifest [K
pulling a99b7f834d75:  90% ▕████████████████  ▏ 5.4 GB/6.0 GB   19 MB/s     29s[K[?25h[?2026l[?2026h[?25l[A[1Gpulling manifest [K
pulling a99b7f834d75:  90% ▕████████████████  ▏ 5.4 GB/6.0 GB   19 MB/s     29s[K[?25h[?2026l[?2026h[?25l[A[1Gpulling manifest [K
pulling a99b7f834d75:  90% ▕████████████████  ▏ 5.4 GB/6.0 GB   19 MB/s     29s[K[?25h[?2026l[?2026h[?25l[A[1Gpulling manifest [K
pulling a99b7f834d75:  90% ▕████████████████  ▏ 5.4 GB/6.0 GB   19 MB/s     29s[K[?25h[?2026l[?2026h[?25l[A[1Gpulling manifest [K
pulling a99b7f834d75:  90% ▕████████████████  ▏ 5.4 GB/6.0 GB   19 MB/s     29s[K[?25h[?2026l[?2026h[?25l[A[1Gpulling manifest [K
pulling a99b7f834d75:  90% ▕████████████████  ▏ 5.4 GB/6.0 GB   19 MB/s     29s[K[?25h[?2026l[?2026h[?25l[A[1Gpulling manifest [K
pulling a99b7f834d75:  91% ▕████████████████  ▏ 5.4 GB/6.0 GB   19 MB/s     29s[K[?25h[?2026l[?2026h[?25l[A[1Gpulling manifest [K
pulling a99b7f834d75:  91% ▕████████████████  ▏ 5.4 GB/6.0 GB   19 MB/s     29s[K[?25h[?2026l[?2026h[?25l[A[1Gpulling manifest [K
pulling a99b7f834d75:  91% ▕████████████████  ▏ 5.4 GB/6.0 GB   19 MB/s     29s[K[?25h[?2026l[?2026h[?25l[A[1Gpulling manifest [K
pulling a99b7f834d75:  91% ▕████████████████  ▏ 5.4 GB/6.0 GB   19 MB/s     29s[K[?25h[?2026l[?2026h[?25l[A[1Gpulling manifest [K
pulling a99b7f834d75:  91% ▕████████████████  ▏ 5.4 GB/6.0 GB   19 MB/s     29s[K[?25h[?2026l[?2026h[?25l[A[1Gpulling manifest [K
pulling a99b7f834d75:  91% ▕████████████████  ▏ 5.4 GB/6.0 GB   19 MB/s     29s[K[?25h[?2026l[?2026h[?25l[A[1Gpulling manifest [K
pulling a99b7f834d75:  91% ▕████████████████  ▏ 5.4 GB/6.0 GB   19 MB/s     28s[K[?25h[?2026l[?2026h[?25l[A[1Gpulling manifest [K
pulling a99b7f834d75:  91% ▕████████████████  ▏ 5.4 GB/6.0 GB   19 MB/s     28s[K[?25h[?2026l[?2026h[?25l[A[1Gpulling manifest [K
pulling a99b7f834d75:  91% ▕████████████████  ▏ 5.4 GB/6.0 GB   19 MB/s     28s[K[?25h[?2026l[?2026h[?25l[A[1Gpulling manifest [K
pulling a99b7f834d75:  91% ▕████████████████  ▏ 5.4 GB/6.0 GB   19 MB/s     28s[K[?25h[?2026l[?2026h[?25l[A[1Gpulling manifest [K
pulling a99b7f834d75:  91% ▕████████████████  ▏ 5.4 GB/6.0 GB   19 MB/s     28s[K[?25h[?2026l[?2026h[?25l[A[1Gpulling manifest [K
pulling a99b7f834d75:  91% ▕████████████████  ▏ 5.4 GB/6.0 GB   19 MB/s     28s[K[?25h[?2026l[?2026h[?25l[A[1Gpulling manifest [K
pulling a99b7f834d75:  91% ▕████████████████  ▏ 5.4 GB/6.0 GB   19 MB/s     28s[K[?25h[?2026l[?2026h[?25l[A[1Gpulling manifest [K
pulling a99b7f834d75:  91% ▕████████████████  ▏ 5.4 GB/6.0 GB   19 MB/s     28s[K[?25h[?2026l[?2026h[?25l[A[1Gpulling manifest [K
pulling a99b7f834d75:  91% ▕████████████████  ▏ 5.4 GB/6.0 GB   19 MB/s     28s[K[?25h[?2026l[?2026h[?25l[A[1Gpulling manifest [K
pulling a99b7f834d75:  91% ▕████████████████  ▏ 5.4 GB/6.0 GB   19 MB/s     27s[K[?25h[?2026l[?2026h[?25l[A[1Gpulling manifest [K
pulling a99b7f834d75:  91% ▕████████████████  ▏ 5.4 GB/6.0 GB   19 MB/s     27s[K[?25h[?2026l[?2026h[?25l[A[1Gpulling manifest [K
pulling a99b7f834d75:  91% ▕████████████████  ▏ 5.4 GB/6.0 GB   19 MB/s     27s[K[?25h[?2026l[?2026h[?25l[A[1Gpulling manifest [K
pulling a99b7f834d75:  91% ▕████████████████  ▏ 5.4 GB/6.0 GB   19 MB/s     27s[K[?25h[?2026l[?2026h[?25l[A[1Gpulling manifest [K
pulling a99b7f834d75:  91% ▕████████████████  ▏ 5.4 GB/6.0 GB   19 MB/s     27s[K[?25h[?2026l[?2026h[?25l[A[1Gpulling manifest [K
pulling a99b7f834d75:  91% ▕████████████████  ▏ 5.4 GB/6.0 GB   19 MB/s     27s[K[?25h[?2026l[?2026h[?25l[A[1Gpulling manifest [K
pulling a99b7f834d75:  91% ▕████████████████  ▏ 5.4 GB/6.0 GB   19 MB/s     27s[K[?25h[?2026l[?2026h[?25l[A[1Gpulling manifest [K
pulling a99b7f834d75:  91% ▕████████████████  ▏ 5.4 GB/6.0 GB   19 MB/s     27s[K[?25h[?2026l[?2026h[?25l[A[1Gpulling manifest [K
pulling a99b7f834d75:  91% ▕████████████████  ▏ 5.4 GB/6.0 GB   19 MB/s     27s[K[?25h[?2026l[?2026h[?25l[A[1Gpulling manifest [K
pulling a99b7f834d75:  91% ▕████████████████  ▏ 5.4 GB/6.0 GB   19 MB/s     27s[K[?25h[?2026l[?2026h[?25l[A[1Gpulling manifest [K
pulling a99b7f834d75:  91% ▕████████████████  ▏ 5.4 GB/6.0 GB   19 MB/s     26s[K[?25h[?2026l[?2026h[?25l[A[1Gpulling manifest [K
pulling a99b7f834d75:  91% ▕████████████████  ▏ 5.4 GB/6.0 GB   19 MB/s     26s[K[?25h[?2026l[?2026h[?25l[A[1Gpulling manifest [K
pulling a99b7f834d75:  91% ▕████████████████  ▏ 5.5 GB/6.0 GB   19 MB/s     26s[K[?25h[?2026l[?2026h[?25l[A[1Gpulling manifest [K
pulling a99b7f834d75:  91% ▕████████████████  ▏ 5.5 GB/6.0 GB   19 MB/s     26s[K[?25h[?2026l[?2026h[?25l[A[1Gpulling manifest [K
pulling a99b7f834d75:  91% ▕████████████████  ▏ 5.5 GB/6.0 GB   19 MB/s     26s[K[?25h[?2026l[?2026h[?25l[A[1Gpulling manifest [K
pulling a99b7f834d75:  91% ▕████████████████  ▏ 5.5 GB/6.0 GB   18 MB/s     27s[K[?25h[?2026l[?2026h[?25l[A[1Gpulling manifest [K
pulling a99b7f834d75:  91% ▕████████████████  ▏ 5.5 GB/6.0 GB   18 MB/s     27s[K[?25h[?2026l[?2026h[?25l[A[1Gpulling manifest [K
pulling a99b7f834d75:  91% ▕████████████████  ▏ 5.5 GB/6.0 GB   18 MB/s     27s[K[?25h[?2026l[?2026h[?25l[A[1Gpulling manifest [K
pulling a99b7f834d75:  91% ▕████████████████  ▏ 5.5 GB/6.0 GB   18 MB/s     27s[K[?25h[?2026l[?2026h[?25l[A[1Gpulling manifest [K
pulling a99b7f834d75:  91% ▕████████████████  ▏ 5.5 GB/6.0 GB   18 MB/s     27s[K[?25h[?2026l[?2026h[?25l[A[1Gpulling manifest [K
pulling a99b7f834d75:  92% ▕████████████████  ▏ 5.5 GB/6.0 GB   18 MB/s     27s[K[?25h[?2026l[?2026h[?25l[A[1Gpulling manifest [K
pulling a99b7f834d75:  92% ▕████████████████  ▏ 5.5 GB/6.0 GB   18 MB/s     26s[K[?25h[?2026l[?2026h[?25l[A[1Gpulling manifest [K
pulling a99b7f834d75:  92% ▕████████████████  ▏ 5.5 GB/6.0 GB   18 MB/s     26s[K[?25h[?2026l[?2026h[?25l[A[1Gpulling manifest [K
pulling a99b7f834d75:  92% ▕████████████████  ▏ 5.5 GB/6.0 GB   18 MB/s     26s[K[?25h[?2026l[?2026h[?25l[A[1Gpulling manifest [K
pulling a99b7f834d75:  92% ▕████████████████  ▏ 5.5 GB/6.0 GB   18 MB/s     26s[K[?25h[?2026l[?2026h[?25l[A[1Gpulling manifest [K
pulling a99b7f834d75:  92% ▕████████████████  ▏ 5.5 GB/6.0 GB   18 MB/s     26s[K[?25h[?2026l[?2026h[?25l[A[1Gpulling manifest [K
pulling a99b7f834d75:  92% ▕████████████████  ▏ 5.5 GB/6.0 GB   18 MB/s     26s[K[?25h[?2026l[?2026h[?25l[A[1Gpulling manifest [K
pulling a99b7f834d75:  92% ▕████████████████  ▏ 5.5 GB/6.0 GB   18 MB/s     26s[K[?25h[?2026l[?2026h[?25l[A[1Gpulling manifest [K
pulling a99b7f834d75:  92% ▕████████████████  ▏ 5.5 GB/6.0 GB   18 MB/s     26s[K[?25h[?2026l[?2026h[?25l[A[1Gpulling manifest [K
pulling a99b7f834d75:  92% ▕████████████████  ▏ 5.5 GB/6.0 GB   18 MB/s     26s[K[?25h[?2026l[?2026h[?25l[A[1Gpulling manifest [K
pulling a99b7f834d75:  92% ▕████████████████  ▏ 5.5 GB/6.0 GB   18 MB/s     26s[K[?25h[?2026l[?2026h[?25l[A[1Gpulling manifest [K
pulling a99b7f834d75:  92% ▕████████████████  ▏ 5.5 GB/6.0 GB   18 MB/s     26s[K[?25h[?2026l[?2026h[?25l[A[1Gpulling manifest [K
pulling a99b7f834d75:  92% ▕████████████████  ▏ 5.5 GB/6.0 GB   18 MB/s     25s[K[?25h[?2026l[?2026h[?25l[A[1Gpulling manifest [K
pulling a99b7f834d75:  92% ▕████████████████  ▏ 5.5 GB/6.0 GB   18 MB/s     25s[K[?25h[?2026l[?2026h[?25l[A[1Gpulling manifest [K
pulling a99b7f834d75:  92% ▕████████████████  ▏ 5.5 GB/6.0 GB   18 MB/s     25s[K[?25h[?2026l[?2026h[?25l[A[1Gpulling manifest [K
pulling a99b7f834d75:  92% ▕████████████████  ▏ 5.5 GB/6.0 GB   18 MB/s     25s[K[?25h[?2026l[?2026h[?25l[A[1Gpulling manifest [K
pulling a99b7f834d75:  92% ▕████████████████  ▏ 5.5 GB/6.0 GB   19 MB/s     24s[K[?25h[?2026l[?2026h[?25l[A[1Gpulling manifest [K
pulling a99b7f834d75:  92% ▕████████████████  ▏ 5.5 GB/6.0 GB   19 MB/s     24s[K[?25h[?2026l[?2026h[?25l[A[1Gpulling manifest [K
pulling a99b7f834d75:  92% ▕████████████████  ▏ 5.5 GB/6.0 GB   19 MB/s     24s[K[?25h[?2026l[?2026h[?25l[A[1Gpulling manifest [K
pulling a99b7f834d75:  92% ▕████████████████  ▏ 5.5 GB/6.0 GB   19 MB/s     24s[K[?25h[?2026l[?2026h[?25l[A[1Gpulling manifest [K
pulling a99b7f834d75:  92% ▕████████████████  ▏ 5.5 GB/6.0 GB   19 MB/s     24s[K[?25h[?2026l[?2026h[?25l[A[1Gpulling manifest [K
pulling a99b7f834d75:  92% ▕████████████████  ▏ 5.5 GB/6.0 GB   19 MB/s     24s[K[?25h[?2026l[?2026h[?25l[A[1Gpulling manifest [K
pulling a99b7f834d75:  92% ▕████████████████  ▏ 5.5 GB/6.0 GB   19 MB/s     23s[K[?25h[?2026l[?2026h[?25l[A[1Gpulling manifest [K
pulling a99b7f834d75:  92% ▕████████████████  ▏ 5.5 GB/6.0 GB   19 MB/s     23s[K[?25h[?2026l[?2026h[?25l[A[1Gpulling manifest [K
pulling a99b7f834d75:  92% ▕████████████████  ▏ 5.5 GB/6.0 GB   19 MB/s     23s[K[?25h[?2026l[?2026h[?25l[A[1Gpulling manifest [K
pulling a99b7f834d75:  92% ▕████████████████  ▏ 5.5 GB/6.0 GB   19 MB/s     23s[K[?25h[?2026l[?2026h[?25l[A[1Gpulling manifest [K
pulling a99b7f834d75:  92% ▕████████████████  ▏ 5.5 GB/6.0 GB   19 MB/s     23s[K[?25h[?2026l[?2026h[?25l[A[1Gpulling manifest [K
pulling a99b7f834d75:  92% ▕████████████████  ▏ 5.5 GB/6.0 GB   19 MB/s     23s[K[?25h[?2026l[?2026h[?25l[A[1Gpulling manifest [K
pulling a99b7f834d75:  93% ▕████████████████  ▏ 5.5 GB/6.0 GB   19 MB/s     22s[K[?25h[?2026l[?2026h[?25l[A[1Gpulling manifest [K
pulling a99b7f834d75:  93% ▕████████████████  ▏ 5.5 GB/6.0 GB   19 MB/s     22s[K[?25h[?2026l[?2026h[?25l[A[1Gpulling manifest [K
pulling a99b7f834d75:  93% ▕████████████████  ▏ 5.5 GB/6.0 GB   19 MB/s     22s[K[?25h[?2026l[?2026h[?25l[A[1Gpulling manifest [K
pulling a99b7f834d75:  93% ▕████████████████  ▏ 5.5 GB/6.0 GB   19 MB/s     22s[K[?25h[?2026l[?2026h[?25l[A[1Gpulling manifest [K
pulling a99b7f834d75:  93% ▕████████████████  ▏ 5.5 GB/6.0 GB   19 MB/s     22s[K[?25h[?2026l[?2026h[?25l[A[1Gpulling manifest [K
pulling a99b7f834d75:  93% ▕████████████████  ▏ 5.5 GB/6.0 GB   19 MB/s     22s[K[?25h[?2026l[?2026h[?25l[A[1Gpulling manifest [K
pulling a99b7f834d75:  93% ▕████████████████  ▏ 5.5 GB/6.0 GB   19 MB/s     22s[K[?25h[?2026l[?2026h[?25l[A[1Gpulling manifest [K
pulling a99b7f834d75:  93% ▕████████████████  ▏ 5.5 GB/6.0 GB   19 MB/s     22s[K[?25h[?2026l[?2026h[?25l[A[1Gpulling manifest [K
pulling a99b7f834d75:  93% ▕████████████████  ▏ 5.5 GB/6.0 GB   19 MB/s     22s[K[?25h[?2026l[?2026h[?25l[A[1Gpulling manifest [K
pulling a99b7f834d75:  93% ▕████████████████  ▏ 5.5 GB/6.0 GB   19 MB/s     22s[K[?25h[?2026l[?2026h[?25l[A[1Gpulling manifest [K
pulling a99b7f834d75:  93% ▕████████████████  ▏ 5.5 GB/6.0 GB   19 MB/s     22s[K[?25h[?2026l[?2026h[?25l[A[1Gpulling manifest [K
pulling a99b7f834d75:  93% ▕████████████████  ▏ 5.5 GB/6.0 GB   19 MB/s     22s[K[?25h[?2026l[?2026h[?25l[A[1Gpulling manifest [K
pulling a99b7f834d75:  93% ▕████████████████  ▏ 5.5 GB/6.0 GB   19 MB/s     22s[K[?25h[?2026l[?2026h[?25l[A[1Gpulling manifest [K
pulling a99b7f834d75:  93% ▕████████████████  ▏ 5.5 GB/6.0 GB   19 MB/s     22s[K[?25h[?2026l[?2026h[?25l[A[1Gpulling manifest [K
pulling a99b7f834d75:  93% ▕████████████████  ▏ 5.5 GB/6.0 GB   19 MB/s     22s[K[?25h[?2026l[?2026h[?25l[A[1Gpulling manifest [K
pulling a99b7f834d75:  93% ▕████████████████  ▏ 5.5 GB/6.0 GB   19 MB/s     22s[K[?25h[?2026l[?2026h[?25l[A[1Gpulling manifest [K
pulling a99b7f834d75:  93% ▕████████████████  ▏ 5.5 GB/6.0 GB   19 MB/s     22s[K[?25h[?2026l[?2026h[?25l[A[1Gpulling manifest [K
pulling a99b7f834d75:  93% ▕████████████████  ▏ 5.6 GB/6.0 GB   19 MB/s     21s[K[?25h[?2026l[?2026h[?25l[A[1Gpulling manifest [K
pulling a99b7f834d75:  93% ▕████████████████  ▏ 5.6 GB/6.0 GB   19 MB/s     21s[K[?25h[?2026l[?2026h[?25l[A[1Gpulling manifest [K
pulling a99b7f834d75:  93% ▕████████████████  ▏ 5.6 GB/6.0 GB   19 MB/s     21s[K[?25h[?2026l[?2026h[?25l[A[1Gpulling manifest [K
pulling a99b7f834d75:  93% ▕████████████████  ▏ 5.6 GB/6.0 GB   19 MB/s     21s[K[?25h[?2026l[?2026h[?25l[A[1Gpulling manifest [K
pulling a99b7f834d75:  93% ▕████████████████  ▏ 5.6 GB/6.0 GB   19 MB/s     21s[K[?25h[?2026l[?2026h[?25l[A[1Gpulling manifest [K
pulling a99b7f834d75:  93% ▕████████████████  ▏ 5.6 GB/6.0 GB   19 MB/s     21s[K[?25h[?2026l[?2026h[?25l[A[1Gpulling manifest [K
pulling a99b7f834d75:  93% ▕████████████████  ▏ 5.6 GB/6.0 GB   19 MB/s     20s[K[?25h[?2026l[?2026h[?25l[A[1Gpulling manifest [K
pulling a99b7f834d75:  93% ▕████████████████  ▏ 5.6 GB/6.0 GB   19 MB/s     20s[K[?25h[?2026l[?2026h[?25l[A[1Gpulling manifest [K
pulling a99b7f834d75:  93% ▕████████████████  ▏ 5.6 GB/6.0 GB   19 MB/s     20s[K[?25h[?2026l[?2026h[?25l[A[1Gpulling manifest [K
pulling a99b7f834d75:  93% ▕████████████████  ▏ 5.6 GB/6.0 GB   19 MB/s     20s[K[?25h[?2026l[?2026h[?25l[A[1Gpulling manifest [K
pulling a99b7f834d75:  93% ▕████████████████  ▏ 5.6 GB/6.0 GB   19 MB/s     20s[K[?25h[?2026l[?2026h[?25l[A[1Gpulling manifest [K
pulling a99b7f834d75:  93% ▕████████████████  ▏ 5.6 GB/6.0 GB   19 MB/s     20s[K[?25h[?2026l[?2026h[?25l[A[1Gpulling manifest [K
pulling a99b7f834d75:  93% ▕████████████████  ▏ 5.6 GB/6.0 GB   19 MB/s     19s[K[?25h[?2026l[?2026h[?25l[A[1Gpulling manifest [K
pulling a99b7f834d75:  94% ▕████████████████  ▏ 5.6 GB/6.0 GB   19 MB/s     19s[K[?25h[?2026l[?2026h[?25l[A[1Gpulling manifest [K
pulling a99b7f834d75:  94% ▕████████████████  ▏ 5.6 GB/6.0 GB   19 MB/s     19s[K[?25h[?2026l[?2026h[?25l[A[1Gpulling manifest [K
pulling a99b7f834d75:  94% ▕████████████████  ▏ 5.6 GB/6.0 GB   19 MB/s     19s[K[?25h[?2026l[?2026h[?25l[A[1Gpulling manifest [K
pulling a99b7f834d75:  94% ▕████████████████  ▏ 5.6 GB/6.0 GB   19 MB/s     19s[K[?25h[?2026l[?2026h[?25l[A[1Gpulling manifest [K
pulling a99b7f834d75:  94% ▕████████████████  ▏ 5.6 GB/6.0 GB   19 MB/s     19s[K[?25h[?2026l[?2026h[?25l[A[1Gpulling manifest [K
pulling a99b7f834d75:  94% ▕████████████████  ▏ 5.6 GB/6.0 GB   19 MB/s     19s[K[?25h[?2026l[?2026h[?25l[A[1Gpulling manifest [K
pulling a99b7f834d75:  94% ▕████████████████  ▏ 5.6 GB/6.0 GB   19 MB/s     19s[K[?25h[?2026l[?2026h[?25l[A[1Gpulling manifest [K
pulling a99b7f834d75:  94% ▕████████████████  ▏ 5.6 GB/6.0 GB   19 MB/s     18s[K[?25h[?2026l[?2026h[?25l[A[1Gpulling manifest [K
pulling a99b7f834d75:  94% ▕████████████████  ▏ 5.6 GB/6.0 GB   19 MB/s     18s[K[?25h[?2026l[?2026h[?25l[A[1Gpulling manifest [K
pulling a99b7f834d75:  94% ▕████████████████  ▏ 5.6 GB/6.0 GB   19 MB/s     18s[K[?25h[?2026l[?2026h[?25l[A[1Gpulling manifest [K
pulling a99b7f834d75:  94% ▕████████████████  ▏ 5.6 GB/6.0 GB   19 MB/s     18s[K[?25h[?2026l[?2026h[?25l[A[1Gpulling manifest [K
pulling a99b7f834d75:  94% ▕████████████████  ▏ 5.6 GB/6.0 GB   19 MB/s     18s[K[?25h[?2026l[?2026h[?25l[A[1Gpulling manifest [K
pulling a99b7f834d75:  94% ▕████████████████  ▏ 5.6 GB/6.0 GB   19 MB/s     17s[K[?25h[?2026l[?2026h[?25l[A[1Gpulling manifest [K
pulling a99b7f834d75:  94% ▕████████████████  ▏ 5.6 GB/6.0 GB   19 MB/s     17s[K[?25h[?2026l[?2026h[?25l[A[1Gpulling manifest [K
pulling a99b7f834d75:  94% ▕████████████████  ▏ 5.6 GB/6.0 GB   19 MB/s     17s[K[?25h[?2026l[?2026h[?25l[A[1Gpulling manifest [K
pulling a99b7f834d75:  94% ▕████████████████  ▏ 5.6 GB/6.0 GB   19 MB/s     17s[K[?25h[?2026l[?2026h[?25l[A[1Gpulling manifest [K
pulling a99b7f834d75:  94% ▕████████████████  ▏ 5.6 GB/6.0 GB   19 MB/s     17s[K[?25h[?2026l[?2026h[?25l[A[1Gpulling manifest [K
pulling a99b7f834d75:  94% ▕████████████████  ▏ 5.6 GB/6.0 GB   19 MB/s     17s[K[?25h[?2026l[?2026h[?25l[A[1Gpulling manifest [K
pulling a99b7f834d75:  94% ▕████████████████  ▏ 5.6 GB/6.0 GB   19 MB/s     17s[K[?25h[?2026l[?2026h[?25l[A[1Gpulling manifest [K
pulling a99b7f834d75:  94% ▕████████████████  ▏ 5.6 GB/6.0 GB   20 MB/s     16s[K[?25h[?2026l[?2026h[?25l[A[1Gpulling manifest [K
pulling a99b7f834d75:  94% ▕████████████████  ▏ 5.6 GB/6.0 GB   20 MB/s     16s[K[?25h[?2026l[?2026h[?25l[A[1Gpulling manifest [K
pulling a99b7f834d75:  94% ▕████████████████  ▏ 5.6 GB/6.0 GB   20 MB/s     16s[K[?25h[?2026l[?2026h[?25l[A[1Gpulling manifest [K
pulling a99b7f834d75:  94% ▕████████████████  ▏ 5.6 GB/6.0 GB   20 MB/s     15s[K[?25h[?2026l[?2026h[?25l[A[1Gpulling manifest [K
pulling a99b7f834d75:  94% ▕████████████████  ▏ 5.6 GB/6.0 GB   20 MB/s     15s[K[?25h[?2026l[?2026h[?25l[A[1Gpulling manifest [K
pulling a99b7f834d75:  94% ▕████████████████  ▏ 5.6 GB/6.0 GB   20 MB/s     15s[K[?25h[?2026l[?2026h[?25l[A[1Gpulling manifest [K
pulling a99b7f834d75:  94% ▕█████████████████ ▏ 5.6 GB/6.0 GB   20 MB/s     15s[K[?25h[?2026l[?2026h[?25l[A[1Gpulling manifest [K
pulling a99b7f834d75:  94% ▕█████████████████ ▏ 5.6 GB/6.0 GB   20 MB/s     15s[K[?25h[?2026l[?2026h[?25l[A[1Gpulling manifest [K
pulling a99b7f834d75:  94% ▕█████████████████ ▏ 5.6 GB/6.0 GB   20 MB/s     15s[K[?25h[?2026l[?2026h[?25l[A[1Gpulling manifest [K
pulling a99b7f834d75:  94% ▕█████████████████ ▏ 5.6 GB/6.0 GB   20 MB/s     15s[K[?25h[?2026l[?2026h[?25l[A[1Gpulling manifest [K
pulling a99b7f834d75:  95% ▕█████████████████ ▏ 5.6 GB/6.0 GB   20 MB/s     15s[K[?25h[?2026l[?2026h[?25l[A[1Gpulling manifest [K
pulling a99b7f834d75:  95% ▕█████████████████ ▏ 5.6 GB/6.0 GB   20 MB/s     15s[K[?25h[?2026l[?2026h[?25l[A[1Gpulling manifest [K
pulling a99b7f834d75:  95% ▕█████████████████ ▏ 5.6 GB/6.0 GB   20 MB/s     15s[K[?25h[?2026l[?2026h[?25l[A[1Gpulling manifest [K
pulling a99b7f834d75:  95% ▕█████████████████ ▏ 5.6 GB/6.0 GB   20 MB/s     15s[K[?25h[?2026l[?2026h[?25l[A[1Gpulling manifest [K
pulling a99b7f834d75:  95% ▕█████████████████ ▏ 5.7 GB/6.0 GB   20 MB/s     15s[K[?25h[?2026l[?2026h[?25l[A[1Gpulling manifest [K
pulling a99b7f834d75:  95% ▕█████████████████ ▏ 5.7 GB/6.0 GB   20 MB/s     15s[K[?25h[?2026l[?2026h[?25l[A[1Gpulling manifest [K
pulling a99b7f834d75:  95% ▕█████████████████ ▏ 5.7 GB/6.0 GB   20 MB/s     15s[K[?25h[?2026l[?2026h[?25l[A[1Gpulling manifest [K
pulling a99b7f834d75:  95% ▕█████████████████ ▏ 5.7 GB/6.0 GB   20 MB/s     15s[K[?25h[?2026l[?2026h[?25l[A[1Gpulling manifest [K
pulling a99b7f834d75:  95% ▕█████████████████ ▏ 5.7 GB/6.0 GB   20 MB/s     15s[K[?25h[?2026l[?2026h[?25l[A[1Gpulling manifest [K
pulling a99b7f834d75:  95% ▕█████████████████ ▏ 5.7 GB/6.0 GB   20 MB/s     14s[K[?25h[?2026l[?2026h[?25l[A[1Gpulling manifest [K
pulling a99b7f834d75:  95% ▕█████████████████ ▏ 5.7 GB/6.0 GB   20 MB/s     14s[K[?25h[?2026l[?2026h[?25l[A[1Gpulling manifest [K
pulling a99b7f834d75:  95% ▕█████████████████ ▏ 5.7 GB/6.0 GB   20 MB/s     14s[K[?25h[?2026l[?2026h[?25l[A[1Gpulling manifest [K
pulling a99b7f834d75:  95% ▕█████████████████ ▏ 5.7 GB/6.0 GB   20 MB/s     14s[K[?25h[?2026l[?2026h[?25l[A[1Gpulling manifest [K
pulling a99b7f834d75:  95% ▕█████████████████ ▏ 5.7 GB/6.0 GB   20 MB/s     14s[K[?25h[?2026l[?2026h[?25l[A[1Gpulling manifest [K
pulling a99b7f834d75:  95% ▕█████████████████ ▏ 5.7 GB/6.0 GB   20 MB/s     14s[K[?25h[?2026l[?2026h[?25l[A[1Gpulling manifest [K
pulling a99b7f834d75:  95% ▕█████████████████ ▏ 5.7 GB/6.0 GB   20 MB/s     14s[K[?25h[?2026l[?2026h[?25l[A[1Gpulling manifest [K
pulling a99b7f834d75:  95% ▕█████████████████ ▏ 5.7 GB/6.0 GB   20 MB/s     14s[K[?25h[?2026l[?2026h[?25l[A[1Gpulling manifest [K
pulling a99b7f834d75:  95% ▕█████████████████ ▏ 5.7 GB/6.0 GB   20 MB/s     14s[K[?25h[?2026l[?2026h[?25l[A[1Gpulling manifest [K
pulling a99b7f834d75:  95% ▕█████████████████ ▏ 5.7 GB/6.0 GB   20 MB/s     14s[K[?25h[?2026l[?2026h[?25l[A[1Gpulling manifest [K
pulling a99b7f834d75:  95% ▕█████████████████ ▏ 5.7 GB/6.0 GB   20 MB/s     14s[K[?25h[?2026l[?2026h[?25l[A[1Gpulling manifest [K
pulling a99b7f834d75:  95% ▕█████████████████ ▏ 5.7 GB/6.0 GB   20 MB/s     13s[K[?25h[?2026l[?2026h[?25l[A[1Gpulling manifest [K
pulling a99b7f834d75:  95% ▕█████████████████ ▏ 5.7 GB/6.0 GB   20 MB/s     14s[K[?25h[?2026l[?2026h[?25l[A[1Gpulling manifest [K
pulling a99b7f834d75:  95% ▕█████████████████ ▏ 5.7 GB/6.0 GB   20 MB/s     14s[K[?25h[?2026l[?2026h[?25l[A[1Gpulling manifest [K
pulling a99b7f834d75:  95% ▕█████████████████ ▏ 5.7 GB/6.0 GB   20 MB/s     13s[K[?25h[?2026l[?2026h[?25l[A[1Gpulling manifest [K
pulling a99b7f834d75:  95% ▕█████████████████ ▏ 5.7 GB/6.0 GB   20 MB/s     13s[K[?25h[?2026l[?2026h[?25l[A[1Gpulling manifest [K
pulling a99b7f834d75:  95% ▕█████████████████ ▏ 5.7 GB/6.0 GB   20 MB/s     13s[K[?25h[?2026l[?2026h[?25l[A[1Gpulling manifest [K
pulling a99b7f834d75:  95% ▕█████████████████ ▏ 5.7 GB/6.0 GB   20 MB/s     13s[K[?25h[?2026l[?2026h[?25l[A[1Gpulling manifest [K
pulling a99b7f834d75:  95% ▕█████████████████ ▏ 5.7 GB/6.0 GB   20 MB/s     13s[K[?25h[?2026l[?2026h[?25l[A[1Gpulling manifest [K
pulling a99b7f834d75:  95% ▕█████████████████ ▏ 5.7 GB/6.0 GB   20 MB/s     13s[K[?25h[?2026l[?2026h[?25l[A[1Gpulling manifest [K
pulling a99b7f834d75:  95% ▕█████████████████ ▏ 5.7 GB/6.0 GB   20 MB/s     13s[K[?25h[?2026l[?2026h[?25l[A[1Gpulling manifest [K
pulling a99b7f834d75:  95% ▕█████████████████ ▏ 5.7 GB/6.0 GB   20 MB/s     13s[K[?25h[?2026l[?2026h[?25l[A[1Gpulling manifest [K
pulling a99b7f834d75:  96% ▕█████████████████ ▏ 5.7 GB/6.0 GB   20 MB/s     13s[K[?25h[?2026l[?2026h[?25l[A[1Gpulling manifest [K
pulling a99b7f834d75:  96% ▕█████████████████ ▏ 5.7 GB/6.0 GB   20 MB/s     12s[K[?25h[?2026l[?2026h[?25l[A[1Gpulling manifest [K
pulling a99b7f834d75:  96% ▕█████████████████ ▏ 5.7 GB/6.0 GB   20 MB/s     12s[K[?25h[?2026l[?2026h[?25l[A[1Gpulling manifest [K
pulling a99b7f834d75:  96% ▕█████████████████ ▏ 5.7 GB/6.0 GB   20 MB/s     12s[K[?25h[?2026l[?2026h[?25l[A[1Gpulling manifest [K
pulling a99b7f834d75:  96% ▕█████████████████ ▏ 5.7 GB/6.0 GB   20 MB/s     12s[K[?25h[?2026l[?2026h[?25l[A[1Gpulling manifest [K
pulling a99b7f834d75:  96% ▕█████████████████ ▏ 5.7 GB/6.0 GB   20 MB/s     12s[K[?25h[?2026l[?2026h[?25l[A[1Gpulling manifest [K
pulling a99b7f834d75:  96% ▕█████████████████ ▏ 5.7 GB/6.0 GB   20 MB/s     12s[K[?25h[?2026l[?2026h[?25l[A[1Gpulling manifest [K
pulling a99b7f834d75:  96% ▕█████████████████ ▏ 5.7 GB/6.0 GB   20 MB/s     12s[K[?25h[?2026l[?2026h[?25l[A[1Gpulling manifest [K
pulling a99b7f834d75:  96% ▕█████████████████ ▏ 5.7 GB/6.0 GB   20 MB/s     12s[K[?25h[?2026l[?2026h[?25l[A[1Gpulling manifest [K
pulling a99b7f834d75:  96% ▕█████████████████ ▏ 5.7 GB/6.0 GB   20 MB/s     11s[K[?25h[?2026l[?2026h[?25l[A[1Gpulling manifest [K
pulling a99b7f834d75:  96% ▕█████████████████ ▏ 5.7 GB/6.0 GB   21 MB/s     11s[K[?25h[?2026l[?2026h[?25l[A[1Gpulling manifest [K
pulling a99b7f834d75:  96% ▕█████████████████ ▏ 5.7 GB/6.0 GB   21 MB/s     11s[K[?25h[?2026l[?2026h[?25l[A[1Gpulling manifest [K
pulling a99b7f834d75:  96% ▕█████████████████ ▏ 5.7 GB/6.0 GB   21 MB/s     11s[K[?25h[?2026l[?2026h[?25l[A[1Gpulling manifest [K
pulling a99b7f834d75:  96% ▕█████████████████ ▏ 5.7 GB/6.0 GB   21 MB/s     11s[K[?25h[?2026l[?2026h[?25l[A[1Gpulling manifest [K
pulling a99b7f834d75:  96% ▕█████████████████ ▏ 5.7 GB/6.0 GB   21 MB/s     10s[K[?25h[?2026l[?2026h[?25l[A[1Gpulling manifest [K
pulling a99b7f834d75:  96% ▕█████████████████ ▏ 5.7 GB/6.0 GB   21 MB/s     10s[K[?25h[?2026l[?2026h[?25l[A[1Gpulling manifest [K
pulling a99b7f834d75:  96% ▕█████████████████ ▏ 5.7 GB/6.0 GB   21 MB/s     10s[K[?25h[?2026l[?2026h[?25l[A[1Gpulling manifest [K
pulling a99b7f834d75:  96% ▕█████████████████ ▏ 5.7 GB/6.0 GB   21 MB/s     10s[K[?25h[?2026l[?2026h[?25l[A[1Gpulling manifest [K
pulling a99b7f834d75:  96% ▕█████████████████ ▏ 5.7 GB/6.0 GB   21 MB/s     10s[K[?25h[?2026l[?2026h[?25l[A[1Gpulling manifest [K
pulling a99b7f834d75:  96% ▕█████████████████ ▏ 5.7 GB/6.0 GB   21 MB/s     10s[K[?25h[?2026l[?2026h[?25l[A[1Gpulling manifest [K
pulling a99b7f834d75:  96% ▕█████████████████ ▏ 5.7 GB/6.0 GB   21 MB/s     10s[K[?25h[?2026l[?2026h[?25l[A[1Gpulling manifest [K
pulling a99b7f834d75:  96% ▕█████████████████ ▏ 5.8 GB/6.0 GB   21 MB/s     10s[K[?25h[?2026l[?2026h[?25l[A[1Gpulling manifest [K
pulling a99b7f834d75:  96% ▕█████████████████ ▏ 5.8 GB/6.0 GB   21 MB/s     10s[K[?25h[?2026l[?2026h[?25l[A[1Gpulling manifest [K
pulling a99b7f834d75:  96% ▕█████████████████ ▏ 5.8 GB/6.0 GB   21 MB/s      9s[K[?25h[?2026l[?2026h[?25l[A[1Gpulling manifest [K
pulling a99b7f834d75:  96% ▕█████████████████ ▏ 5.8 GB/6.0 GB   21 MB/s      9s[K[?25h[?2026l[?2026h[?25l[A[1Gpulling manifest [K
pulling a99b7f834d75:  97% ▕█████████████████ ▏ 5.8 GB/6.0 GB   21 MB/s      9s[K[?25h[?2026l[?2026h[?25l[A[1Gpulling manifest [K
pulling a99b7f834d75:  97% ▕█████████████████ ▏ 5.8 GB/6.0 GB   21 MB/s      9s[K[?25h[?2026l[?2026h[?25l[A[1Gpulling manifest [K
pulling a99b7f834d75:  97% ▕█████████████████ ▏ 5.8 GB/6.0 GB   21 MB/s      9s[K[?25h[?2026l[?2026h[?25l[A[1Gpulling manifest [K
pulling a99b7f834d75:  97% ▕█████████████████ ▏ 5.8 GB/6.0 GB   21 MB/s      9s[K[?25h[?2026l[?2026h[?25l[A[1Gpulling manifest [K
pulling a99b7f834d75:  97% ▕█████████████████ ▏ 5.8 GB/6.0 GB   21 MB/s      9s[K[?25h[?2026l[?2026h[?25l[A[1Gpulling manifest [K
pulling a99b7f834d75:  97% ▕█████████████████ ▏ 5.8 GB/6.0 GB   21 MB/s      9s[K[?25h[?2026l[?2026h[?25l[A[1Gpulling manifest [K
pulling a99b7f834d75:  97% ▕█████████████████ ▏ 5.8 GB/6.0 GB   21 MB/s      9s[K[?25h[?2026l[?2026h[?25l[A[1Gpulling manifest [K
pulling a99b7f834d75:  97% ▕█████████████████ ▏ 5.8 GB/6.0 GB   21 MB/s      8s[K[?25h[?2026l[?2026h[?25l[A[1Gpulling manifest [K
pulling a99b7f834d75:  97% ▕█████████████████ ▏ 5.8 GB/6.0 GB   21 MB/s      8s[K[?25h[?2026l[?2026h[?25l[A[1Gpulling manifest [K
pulling a99b7f834d75:  97% ▕█████████████████ ▏ 5.8 GB/6.0 GB   21 MB/s      8s[K[?25h[?2026l[?2026h[?25l[A[1Gpulling manifest [K
pulling a99b7f834d75:  97% ▕█████████████████ ▏ 5.8 GB/6.0 GB   21 MB/s      8s[K[?25h[?2026l[?2026h[?25l[A[1Gpulling manifest [K
pulling a99b7f834d75:  97% ▕█████████████████ ▏ 5.8 GB/6.0 GB   21 MB/s      8s[K[?25h[?2026l[?2026h[?25l[A[1Gpulling manifest [K
pulling a99b7f834d75:  97% ▕█████████████████ ▏ 5.8 GB/6.0 GB   21 MB/s      8s[K[?25h[?2026l[?2026h[?25l[A[1Gpulling manifest [K
pulling a99b7f834d75:  97% ▕█████████████████ ▏ 5.8 GB/6.0 GB   21 MB/s      8s[K[?25h[?2026l[?2026h[?25l[A[1Gpulling manifest [K
pulling a99b7f834d75:  97% ▕█████████████████ ▏ 5.8 GB/6.0 GB   21 MB/s      8s[K[?25h[?2026l[?2026h[?25l[A[1Gpulling manifest [K
pulling a99b7f834d75:  97% ▕█████████████████ ▏ 5.8 GB/6.0 GB   21 MB/s      8s[K[?25h[?2026l[?2026h[?25l[A[1Gpulling manifest [K
pulling a99b7f834d75:  97% ▕█████████████████ ▏ 5.8 GB/6.0 GB   21 MB/s      7s[K[?25h[?2026l[?2026h[?25l[A[1Gpulling manifest [K
pulling a99b7f834d75:  97% ▕█████████████████ ▏ 5.8 GB/6.0 GB   21 MB/s      7s[K[?25h[?2026l[?2026h[?25l[A[1Gpulling manifest [K
pulling a99b7f834d75:  97% ▕█████████████████ ▏ 5.8 GB/6.0 GB   21 MB/s      7s[K[?25h[?2026l[?2026h[?25l[A[1Gpulling manifest [K
pulling a99b7f834d75:  97% ▕█████████████████ ▏ 5.8 GB/6.0 GB   21 MB/s      7s[K[?25h[?2026l[?2026h[?25l[A[1Gpulling manifest [K
pulling a99b7f834d75:  97% ▕█████████████████ ▏ 5.8 GB/6.0 GB   21 MB/s      7s[K[?25h[?2026l[?2026h[?25l[A[1Gpulling manifest [K
pulling a99b7f834d75:  97% ▕█████████████████ ▏ 5.8 GB/6.0 GB   21 MB/s      7s[K[?25h[?2026l[?2026h[?25l[A[1Gpulling manifest [K
pulling a99b7f834d75:  97% ▕█████████████████ ▏ 5.8 GB/6.0 GB   21 MB/s      7s[K[?25h[?2026l[?2026h[?25l[A[1Gpulling manifest [K
pulling a99b7f834d75:  97% ▕█████████████████ ▏ 5.8 GB/6.0 GB   21 MB/s      7s[K[?25h[?2026l[?2026h[?25l[A[1Gpulling manifest [K
pulling a99b7f834d75:  97% ▕█████████████████ ▏ 5.8 GB/6.0 GB   21 MB/s      7s[K[?25h[?2026l[?2026h[?25l[A[1Gpulling manifest [K
pulling a99b7f834d75:  97% ▕█████████████████ ▏ 5.8 GB/6.0 GB   21 MB/s      6s[K[?25h[?2026l[?2026h[?25l[A[1Gpulling manifest [K
pulling a99b7f834d75:  98% ▕█████████████████ ▏ 5.8 GB/6.0 GB   21 MB/s      6s[K[?25h[?2026l[?2026h[?25l[A[1Gpulling manifest [K
pulling a99b7f834d75:  98% ▕█████████████████ ▏ 5.8 GB/6.0 GB   21 MB/s      6s[K[?25h[?2026l[?2026h[?25l[A[1Gpulling manifest [K
pulling a99b7f834d75:  98% ▕█████████████████ ▏ 5.8 GB/6.0 GB   21 MB/s      6s[K[?25h[?2026l[?2026h[?25l[A[1Gpulling manifest [K
pulling a99b7f834d75:  98% ▕█████████████████ ▏ 5.8 GB/6.0 GB   21 MB/s      6s[K[?25h[?2026l[?2026h[?25l[A[1Gpulling manifest [K
pulling a99b7f834d75:  98% ▕█████████████████ ▏ 5.8 GB/6.0 GB   21 MB/s      6s[K[?25h[?2026l[?2026h[?25l[A[1Gpulling manifest [K
pulling a99b7f834d75:  98% ▕█████████████████ ▏ 5.8 GB/6.0 GB   21 MB/s      6s[K[?25h[?2026l[?2026h[?25l[A[1Gpulling manifest [K
pulling a99b7f834d75:  98% ▕█████████████████ ▏ 5.8 GB/6.0 GB   21 MB/s      6s[K[?25h[?2026l[?2026h[?25l[A[1Gpulling manifest [K
pulling a99b7f834d75:  98% ▕█████████████████ ▏ 5.8 GB/6.0 GB   21 MB/s      6s[K[?25h[?2026l[?2026h[?25l[A[1Gpulling manifest [K
pulling a99b7f834d75:  98% ▕█████████████████ ▏ 5.8 GB/6.0 GB   21 MB/s      6s[K[?25h[?2026l[?2026h[?25l[A[1Gpulling manifest [K
pulling a99b7f834d75:  98% ▕█████████████████ ▏ 5.8 GB/6.0 GB   21 MB/s      6s[K[?25h[?2026l[?2026h[?25l[A[1Gpulling manifest [K
pulling a99b7f834d75:  98% ▕█████████████████ ▏ 5.8 GB/6.0 GB   21 MB/s      6s[K[?25h[?2026l[?2026h[?25l[A[1Gpulling manifest [K
pulling a99b7f834d75:  98% ▕█████████████████ ▏ 5.8 GB/6.0 GB   21 MB/s      5s[K[?25h[?2026l[?2026h[?25l[A[1Gpulling manifest [K
pulling a99b7f834d75:  98% ▕█████████████████ ▏ 5.8 GB/6.0 GB   21 MB/s      5s[K[?25h[?2026l[?2026h[?25l[A[1Gpulling manifest [K
pulling a99b7f834d75:  98% ▕█████████████████ ▏ 5.8 GB/6.0 GB   21 MB/s      5s[K[?25h[?2026l[?2026h[?25l[A[1Gpulling manifest [K
pulling a99b7f834d75:  98% ▕█████████████████ ▏ 5.8 GB/6.0 GB   21 MB/s      5s[K[?25h[?2026l[?2026h[?25l[A[1Gpulling manifest [K
pulling a99b7f834d75:  98% ▕█████████████████ ▏ 5.8 GB/6.0 GB   21 MB/s      5s[K[?25h[?2026l[?2026h[?25l[A[1Gpulling manifest [K
pulling a99b7f834d75:  98% ▕█████████████████ ▏ 5.8 GB/6.0 GB   21 MB/s      5s[K[?25h[?2026l[?2026h[?25l[A[1Gpulling manifest [K
pulling a99b7f834d75:  98% ▕█████████████████ ▏ 5.8 GB/6.0 GB   21 MB/s      5s[K[?25h[?2026l[?2026h[?25l[A[1Gpulling manifest [K
pulling a99b7f834d75:  98% ▕█████████████████ ▏ 5.9 GB/6.0 GB   21 MB/s      5s[K[?25h[?2026l[?2026h[?25l[A[1Gpulling manifest [K
pulling a99b7f834d75:  98% ▕█████████████████ ▏ 5.9 GB/6.0 GB   21 MB/s      5s[K[?25h[?2026l[?2026h[?25l[A[1Gpulling manifest [K
pulling a99b7f834d75:  98% ▕█████████████████ ▏ 5.9 GB/6.0 GB   21 MB/s      5s[K[?25h[?2026l[?2026h[?25l[A[1Gpulling manifest [K
pulling a99b7f834d75:  98% ▕█████████████████ ▏ 5.9 GB/6.0 GB   21 MB/s      5s[K[?25h[?2026l[?2026h[?25l[A[1Gpulling manifest [K
pulling a99b7f834d75:  98% ▕█████████████████ ▏ 5.9 GB/6.0 GB   21 MB/s      5s[K[?25h[?2026l[?2026h[?25l[A[1Gpulling manifest [K
pulling a99b7f834d75:  98% ▕█████████████████ ▏ 5.9 GB/6.0 GB   21 MB/s      5s[K[?25h[?2026l[?2026h[?25l[A[1Gpulling manifest [K
pulling a99b7f834d75:  98% ▕█████████████████ ▏ 5.9 GB/6.0 GB   21 MB/s      4s[K[?25h[?2026l[?2026h[?25l[A[1Gpulling manifest [K
pulling a99b7f834d75:  98% ▕█████████████████ ▏ 5.9 GB/6.0 GB   21 MB/s      4s[K[?25h[?2026l[?2026h[?25l[A[1Gpulling manifest [K
pulling a99b7f834d75:  98% ▕█████████████████ ▏ 5.9 GB/6.0 GB   21 MB/s      4s[K[?25h[?2026l[?2026h[?25l[A[1Gpulling manifest [K
pulling a99b7f834d75:  98% ▕█████████████████ ▏ 5.9 GB/6.0 GB   21 MB/s      4s[K[?25h[?2026l[?2026h[?25l[A[1Gpulling manifest [K
pulling a99b7f834d75:  98% ▕█████████████████ ▏ 5.9 GB/6.0 GB   21 MB/s      4s[K[?25h[?2026l[?2026h[?25l[A[1Gpulling manifest [K
pulling a99b7f834d75:  98% ▕█████████████████ ▏ 5.9 GB/6.0 GB   21 MB/s      4s[K[?25h[?2026l[?2026h[?25l[A[1Gpulling manifest [K
pulling a99b7f834d75:  98% ▕█████████████████ ▏ 5.9 GB/6.0 GB   21 MB/s      4s[K[?25h[?2026l[?2026h[?25l[A[1Gpulling manifest [K
pulling a99b7f834d75:  98% ▕█████████████████ ▏ 5.9 GB/6.0 GB   21 MB/s      4s[K[?25h[?2026l[?2026h[?25l[A[1Gpulling manifest [K
pulling a99b7f834d75:  99% ▕█████████████████ ▏ 5.9 GB/6.0 GB   21 MB/s      4s[K[?25h[?2026l[?2026h[?25l[A[1Gpulling manifest [K
pulling a99b7f834d75:  99% ▕█████████████████ ▏ 5.9 GB/6.0 GB   21 MB/s      3s[K[?25h[?2026l[?2026h[?25l[A[1Gpulling manifest [K
pulling a99b7f834d75:  99% ▕█████████████████ ▏ 5.9 GB/6.0 GB   21 MB/s      3s[K[?25h[?2026l[?2026h[?25l[A[1Gpulling manifest [K
pulling a99b7f834d75:  99% ▕█████████████████ ▏ 5.9 GB/6.0 GB   21 MB/s      3s[K[?25h[?2026l[?2026h[?25l[A[1Gpulling manifest [K
pulling a99b7f834d75:  99% ▕█████████████████ ▏ 5.9 GB/6.0 GB   21 MB/s      3s[K[?25h[?2026l[?2026h[?25l[A[1Gpulling manifest [K
pulling a99b7f834d75:  99% ▕█████████████████ ▏ 5.9 GB/6.0 GB   21 MB/s      3s[K[?25h[?2026l[?2026h[?25l[A[1Gpulling manifest [K
pulling a99b7f834d75:  99% ▕█████████████████ ▏ 5.9 GB/6.0 GB   21 MB/s      3s[K[?25h[?2026l[?2026h[?25l[A[1Gpulling manifest [K
pulling a99b7f834d75:  99% ▕█████████████████ ▏ 5.9 GB/6.0 GB   21 MB/s      3s[K[?25h[?2026l[?2026h[?25l[A[1Gpulling manifest [K
pulling a99b7f834d75:  99% ▕█████████████████ ▏ 5.9 GB/6.0 GB   21 MB/s      3s[K[?25h[?2026l[?2026h[?25l[A[1Gpulling manifest [K
pulling a99b7f834d75:  99% ▕█████████████████ ▏ 5.9 GB/6.0 GB   21 MB/s      3s[K[?25h[?2026l[?2026h[?25l[A[1Gpulling manifest [K
pulling a99b7f834d75:  99% ▕█████████████████ ▏ 5.9 GB/6.0 GB   21 MB/s      3s[K[?25h[?2026l[?2026h[?25l[A[1Gpulling manifest [K
pulling a99b7f834d75:  99% ▕█████████████████ ▏ 5.9 GB/6.0 GB   21 MB/s      2s[K[?25h[?2026l[?2026h[?25l[A[1Gpulling manifest [K
pulling a99b7f834d75:  99% ▕█████████████████ ▏ 5.9 GB/6.0 GB   21 MB/s      2s[K[?25h[?2026l[?2026h[?25l[A[1Gpulling manifest [K
pulling a99b7f834d75:  99% ▕█████████████████ ▏ 5.9 GB/6.0 GB   21 MB/s      2s[K[?25h[?2026l[?2026h[?25l[A[1Gpulling manifest [K
pulling a99b7f834d75:  99% ▕█████████████████ ▏ 5.9 GB/6.0 GB   21 MB/s      2s[K[?25h[?2026l[?2026h[?25l[A[1Gpulling manifest [K
pulling a99b7f834d75:  99% ▕█████████████████ ▏ 5.9 GB/6.0 GB   21 MB/s      2s[K[?25h[?2026l[?2026h[?25l[A[1Gpulling manifest [K
pulling a99b7f834d75:  99% ▕█████████████████ ▏ 5.9 GB/6.0 GB   21 MB/s      2s[K[?25h[?2026l[?2026h[?25l[A[1Gpulling manifest [K
pulling a99b7f834d75:  99% ▕█████████████████ ▏ 5.9 GB/6.0 GB   21 MB/s      2s[K[?25h[?2026l[?2026h[?25l[A[1Gpulling manifest [K
pulling a99b7f834d75:  99% ▕█████████████████ ▏ 5.9 GB/6.0 GB   21 MB/s      2s[K[?25h[?2026l[?2026h[?25l[A[1Gpulling manifest [K
pulling a99b7f834d75:  99% ▕█████████████████ ▏ 5.9 GB/6.0 GB   21 MB/s      2s[K[?25h[?2026l[?2026h[?25l[A[1Gpulling manifest [K
pulling a99b7f834d75:  99% ▕█████████████████ ▏ 5.9 GB/6.0 GB   21 MB/s      2s[K[?25h[?2026l[?2026h[?25l[A[1Gpulling manifest [K
pulling a99b7f834d75:  99% ▕█████████████████ ▏ 5.9 GB/6.0 GB   21 MB/s      2s[K[?25h[?2026l[?2026h[?25l[A[1Gpulling manifest [K
pulling a99b7f834d75:  99% ▕█████████████████ ▏ 5.9 GB/6.0 GB   21 MB/s      2s[K[?25h[?2026l[?2026h[?25l[A[1Gpulling manifest [K
pulling a99b7f834d75:  99% ▕█████████████████ ▏ 5.9 GB/6.0 GB   21 MB/s      2s[K[?25h[?2026l[?2026h[?25l[A[1Gpulling manifest [K
pulling a99b7f834d75:  99% ▕█████████████████ ▏ 5.9 GB/6.0 GB   21 MB/s      2s[K[?25h[?2026l[?2026h[?25l[A[1Gpulling manifest [K
pulling a99b7f834d75:  99% ▕█████████████████ ▏ 5.9 GB/6.0 GB   21 MB/s      1s[K[?25h[?2026l[?2026h[?25l[A[1Gpulling manifest [K
pulling a99b7f834d75:  99% ▕█████████████████ ▏ 5.9 GB/6.0 GB   21 MB/s      1s[K[?25h[?2026l[?2026h[?25l[A[1Gpulling manifest [K
pulling a99b7f834d75:  99% ▕█████████████████ ▏ 5.9 GB/6.0 GB   21 MB/s      1s[K[?25h[?2026l[?2026h[?25l[A[1Gpulling manifest [K
pulling a99b7f834d75:  99% ▕█████████████████ ▏ 5.9 GB/6.0 GB   21 MB/s      1s[K[?25h[?2026l[?2026h[?25l[A[1Gpulling manifest [K
pulling a99b7f834d75:  99% ▕█████████████████ ▏ 5.9 GB/6.0 GB   20 MB/s      1s[K[?25h[?2026l[?2026h[?25l[A[1Gpulling manifest [K
pulling a99b7f834d75:  99% ▕█████████████████ ▏ 5.9 GB/6.0 GB   20 MB/s      1s[K[?25h[?2026l[?2026h[?25l[A[1Gpulling manifest [K
pulling a99b7f834d75:  99% ▕█████████████████ ▏ 5.9 GB/6.0 GB   20 MB/s      1s[K[?25h[?2026l[?2026h[?25l[A[1Gpulling manifest [K
pulling a99b7f834d75:  99% ▕█████████████████ ▏ 5.9 GB/6.0 GB   20 MB/s      1s[K[?25h[?2026l[?2026h[?25l[A[1Gpulling manifest [K
pulling a99b7f834d75:  99% ▕█████████████████ ▏ 5.9 GB/6.0 GB   20 MB/s      1s[K[?25h[?2026l[?2026h[?25l[A[1Gpulling manifest [K
pulling a99b7f834d75:  99% ▕█████████████████ ▏ 5.9 GB/6.0 GB   20 MB/s      1s[K[?25h[?2026l[?2026h[?25l[A[1Gpulling manifest [K
pulling a99b7f834d75:  99% ▕█████████████████ ▏ 5.9 GB/6.0 GB   20 MB/s      1s[K[?25h[?2026l[?2026h[?25l[A[1Gpulling manifest [K
pulling a99b7f834d75:  99% ▕█████████████████ ▏ 5.9 GB/6.0 GB   20 MB/s      1s[K[?25h[?2026l[?2026h[?25l[A[1Gpulling manifest [K
pulling a99b7f834d75:  99% ▕█████████████████ ▏ 5.9 GB/6.0 GB   20 MB/s      1s[K[?25h[?2026l[?2026h[?25l[A[1Gpulling manifest [K
pulling a99b7f834d75:  99% ▕█████████████████ ▏ 5.9 GB/6.0 GB   20 MB/s      1s[K[?25h[?2026l[?2026h[?25l[A[1Gpulling manifest [K
pulling a99b7f834d75: 100% ▕█████████████████ ▏ 5.9 GB/6.0 GB   18 MB/s      1s[K[?25h[?2026l[?2026h[?25l[A[1Gpulling manifest [K
pulling a99b7f834d75: 100% ▕█████████████████ ▏ 5.9 GB/6.0 GB   18 MB/s      1s[K[?25h[?2026l[?2026h[?25l[A[1Gpulling manifest [K
pulling a99b7f834d75: 100% ▕█████████████████ ▏ 5.9 GB/6.0 GB   18 MB/s      1s[K[?25h[?2026l[?2026h[?25l[A[1Gpulling manifest [K
pulling a99b7f834d75: 100% ▕█████████████████ ▏ 5.9 GB/6.0 GB   18 MB/s      1s[K[?25h[?2026l[?2026h[?25l[A[1Gpulling manifest [K
pulling a99b7f834d75: 100% ▕█████████████████ ▏ 5.9 GB/6.0 GB   18 MB/s      1s[K[?25h[?2026l[?2026h[?25l[A[1Gpulling manifest [K
pulling a99b7f834d75: 100% ▕█████████████████ ▏ 5.9 GB/6.0 GB   18 MB/s      1s[K[?25h[?2026l[?2026h[?25l[A[1Gpulling manifest [K
pulling a99b7f834d75: 100% ▕█████████████████ ▏ 5.9 GB/6.0 GB   18 MB/s      1s[K[?25h[?2026l[?2026h[?25l[A[1Gpulling manifest [K
pulling a99b7f834d75: 100% ▕█████████████████ ▏ 6.0 GB/6.0 GB   18 MB/s      1s[K[?25h[?2026l[?2026h[?25l[A[1Gpulling manifest [K
pulling a99b7f834d75: 100% ▕█████████████████ ▏ 6.0 GB/6.0 GB   18 MB/s      0s[K[?25h[?2026l[?2026h[?25l[A[1Gpulling manifest [K
pulling a99b7f834d75: 100% ▕█████████████████ ▏ 6.0 GB/6.0 GB   18 MB/s      0s[K[?25h[?2026l[?2026h[?25l[A[1Gpulling manifest [K
pulling a99b7f834d75: 100% ▕█████████████████ ▏ 6.0 GB/6.0 GB   17 MB/s      0s[K[?25h[?2026l[?2026h[?25l[A[1Gpulling manifest [K
pulling a99b7f834d75: 100% ▕█████████████████ ▏ 6.0 GB/6.0 GB   17 MB/s      0s[K[?25h[?2026l[?2026h[?25l[A[1Gpulling manifest [K
pulling a99b7f834d75: 100% ▕█████████████████ ▏ 6.0 GB/6.0 GB   17 MB/s      0s[K[?25h[?2026l[?2026h[?25l[A[1Gpulling manifest [K
pulling a99b7f834d75: 100% ▕█████████████████ ▏ 6.0 GB/6.0 GB   17 MB/s      0s[K[?25h[?2026l[?2026h[?25l[A[1Gpulling manifest [K
pulling a99b7f834d75: 100% ▕█████████████████ ▏ 6.0 GB/6.0 GB   17 MB/s      0s[K[?25h[?2026l[?2026h[?25l[A[1Gpulling manifest [K
pulling a99b7f834d75: 100% ▕█████████████████ ▏ 6.0 GB/6.0 GB   17 MB/s      0s[K[?25h[?2026l[?2026h[?25l[A[1Gpulling manifest [K
pulling a99b7f834d75: 100% ▕█████████████████ ▏ 6.0 GB/6.0 GB   17 MB/s      0s[K[?25h[?2026l[?2026h[?25l[A[1Gpulling manifest [K
pulling a99b7f834d75: 100% ▕█████████████████ ▏ 6.0 GB/6.0 GB   17 MB/s      0s[K[?25h[?2026l[?2026h[?25l[A[1Gpulling manifest [K
pulling a99b7f834d75: 100% ▕█████████████████ ▏ 6.0 GB/6.0 GB   17 MB/s      0s[K[?25h[?2026l[?2026h[?25l[A[1Gpulling manifest [K
pulling a99b7f834d75: 100% ▕█████████████████ ▏ 6.0 GB/6.0 GB   17 MB/s      0s[K[?25h[?2026l[?2026h[?25l[A[1Gpulling manifest [K
pulling a99b7f834d75: 100% ▕█████████████████ ▏ 6.0 GB/6.0 GB   17 MB/s      0s[K[?25h[?2026l[?2026h[?25l[A[1Gpulling manifest [K
pulling a99b7f834d75: 100% ▕█████████████████ ▏ 6.0 GB/6.0 GB   17 MB/s      0s[K[?25h[?2026l[?2026h[?25l[A[1Gpulling manifest [K
pulling a99b7f834d75: 100% ▕█████████████████ ▏ 6.0 GB/6.0 GB   17 MB/s      0s[K[?25h[?2026l[?2026h[?25l[A[1Gpulling manifest [K
pulling a99b7f834d75: 100% ▕█████████████████ ▏ 6.0 GB/6.0 GB   17 MB/s      0s[K[?25h[?2026l[?2026h[?25l[A[1Gpulling manifest [K
pulling a99b7f834d75: 100% ▕█████████████████ ▏ 6.0 GB/6.0 GB   17 MB/s      0s[K[?25h[?2026l[?2026h[?25l[A[1Gpulling manifest [K
pulling a99b7f834d75: 100% ▕█████████████████ ▏ 6.0 GB/6.0 GB   17 MB/s      0s[K[?25h[?2026l[?2026h[?25l[A[1Gpulling manifest [K
pulling a99b7f834d75: 100% ▕█████████████████ ▏ 6.0 GB/6.0 GB   17 MB/s      0s[K[?25h[?2026l[?2026h[?25l[A[1Gpulling manifest [K
pulling a99b7f834d75: 100% ▕█████████████████ ▏ 6.0 GB/6.0 GB   17 MB/s      0s[K[?25h[?2026l[?2026h[?25l[A[1Gpulling manifest [K
pulling a99b7f834d75: 100% ▕█████████████████ ▏ 6.0 GB/6.0 GB   17 MB/s      0s[K[?25h[?2026l[?2026h[?25l[A[1Gpulling manifest [K
pulling a99b7f834d75: 100% ▕█████████████████ ▏ 6.0 GB/6.0 GB   17 MB/s      0s[K[?25h[?2026l[?2026h[?25l[A[1Gpulling manifest [K
pulling a99b7f834d75: 100% ▕█████████████████ ▏ 6.0 GB/6.0 GB   17 MB/s      0s[K[?25h[?2026l[?2026h[?25l[A[1Gpulling manifest [K
pulling a99b7f834d75: 100% ▕█████████████████ ▏ 6.0 GB/6.0 GB   17 MB/s      0s[K[?25h[?2026l[?2026h[?25l[A[1Gpulling manifest [K
pulling a99b7f834d75: 100% ▕█████████████████ ▏ 6.0 GB/6.0 GB   17 MB/s      0s[K[?25h[?2026l[?2026h[?25l[A[1Gpulling manifest [K
pulling a99b7f834d75: 100% ▕█████████████████ ▏ 6.0 GB/6.0 GB   17 MB/s      0s[K[?25h[?2026l[?2026h[?25l[A[1Gpulling manifest [K
pulling a99b7f834d75: 100% ▕█████████████████ ▏ 6.0 GB/6.0 GB   17 MB/s      0s[K[?25h[?2026l[?2026h[?25l[A[1Gpulling manifest [K
pulling a99b7f834d75: 100% ▕█████████████████ ▏ 6.0 GB/6.0 GB   17 MB/s      0s[K[?25h[?2026l[?2026h[?25l[A[1Gpulling manifest [K
pulling a99b7f834d75: 100% ▕█████████████████ ▏ 6.0 GB/6.0 GB   17 MB/s      0s[K[?25h[?2026l[?2026h[?25l[A[1Gpulling manifest [K
pulling a99b7f834d75: 100% ▕█████████████████ ▏ 6.0 GB/6.0 GB   17 MB/s      0s[K[?25h[?2026l[?2026h[?25l[A[1Gpulling manifest [K
pulling a99b7f834d75: 100% ▕█████████████████ ▏ 6.0 GB/6.0 GB   17 MB/s      0s[K[?25h[?2026l[?2026h[?25l[A[1Gpulling manifest [K
pulling a99b7f834d75: 100% ▕█████████████████ ▏ 6.0 GB/6.0 GB   17 MB/s      0s[K[?25h[?2026l[?2026h[?25l[A[1Gpulling manifest [K
pulling a99b7f834d75: 100% ▕█████████████████ ▏ 6.0 GB/6.0 GB   17 MB/s      0s[K[?25h[?2026l[?2026h[?25l[A[1Gpulling manifest [K
pulling a99b7f834d75: 100% ▕█████████████████ ▏ 6.0 GB/6.0 GB   17 MB/s      0s[K[?25h[?2026l[?2026h[?25l[A[1Gpulling manifest [K
pulling a99b7f834d75: 100% ▕█████████████████ ▏ 6.0 GB/6.0 GB   17 MB/s      0s[K[?25h[?2026l[?2026h[?25l[A[1Gpulling manifest [K
pulling a99b7f834d75: 100% ▕█████████████████ ▏ 6.0 GB/6.0 GB   17 MB/s      0s[K[?25h[?2026l[?2026h[?25l[A[1Gpulling manifest [K
pulling a99b7f834d75: 100% ▕█████████████████ ▏ 6.0 GB/6.0 GB   17 MB/s      0s[K[?25h[?2026l[?2026h[?25l[A[1Gpulling manifest [K
pulling a99b7f834d75: 100% ▕█████████████████ ▏ 6.0 GB/6.0 GB   17 MB/s      0s[K[?25h[?2026l[?2026h[?25l[A[1Gpulling manifest [K
pulling a99b7f834d75: 100% ▕█████████████████ ▏ 6.0 GB/6.0 GB   17 MB/s      0s[K[?25h[?2026l[?2026h[?25l[A[1Gpulling manifest [K
pulling a99b7f834d75: 100% ▕█████████████████ ▏ 6.0 GB/6.0 GB   17 MB/s      0s[K[?25h[?2026l[?2026h[?25l[A[1Gpulling manifest [K
pulling a99b7f834d75: 100% ▕█████████████████ ▏ 6.0 GB/6.0 GB   17 MB/s      0s[K[?25h[?2026l[?2026h[?25l[A[1Gpulling manifest [K
pulling a99b7f834d75: 100% ▕█████████████████ ▏ 6.0 GB/6.0 GB   17 MB/s      0s[K[?25h[?2026l[?2026h[?25l[A[1Gpulling manifest [K
pulling a99b7f834d75: 100% ▕█████████████████ ▏ 6.0 GB/6.0 GB   17 MB/s      0s[K[?25h[?2026l[?2026h[?25l[A[1Gpulling manifest [K
pulling a99b7f834d75: 100% ▕█████████████████ ▏ 6.0 GB/6.0 GB   17 MB/s      0s[K[?25h[?2026l[?2026h[?25l[A[1Gpulling manifest [K
pulling a99b7f834d75: 100% ▕█████████████████ ▏ 6.0 GB/6.0 GB   17 MB/s      0s[K[?25h[?2026l[?2026h[?25l[A[1Gpulling manifest [K
pulling a99b7f834d75: 100% ▕█████████████████ ▏ 6.0 GB/6.0 GB   17 MB/s      0s[K[?25h[?2026l[?2026h[?25l[A[1Gpulling manifest [K
pulling a99b7f834d75: 100% ▕█████████████████ ▏ 6.0 GB/6.0 GB   17 MB/s      0s[K[?25h[?2026l[?2026h[?25l[A[1Gpulling manifest [K
pulling a99b7f834d75: 100% ▕█████████████████ ▏ 6.0 GB/6.0 GB   17 MB/s      0s[K[?25h[?2026l[?2026h[?25l[A[1Gpulling manifest [K
pulling a99b7f834d75: 100% ▕█████████████████ ▏ 6.0 GB/6.0 GB   17 MB/s      0s[K[?25h[?2026l[?2026h[?25l[A[1Gpulling manifest [K
pulling a99b7f834d75: 100% ▕█████████████████ ▏ 6.0 GB/6.0 GB   17 MB/s      0s[K[?25h[?2026l[?2026h[?25l[A[1Gpulling manifest [K
pulling a99b7f834d75: 100% ▕█████████████████ ▏ 6.0 GB/6.0 GB   17 MB/s      0s[K[?25h[?2026l[?2026h[?25l[A[1Gpulling manifest [K
pulling a99b7f834d75: 100% ▕█████████████████ ▏ 6.0 GB/6.0 GB   17 MB/s      0s[K[?25h[?2026l[?2026h[?25l[A[1Gpulling manifest [K
pulling a99b7f834d75: 100% ▕█████████████████ ▏ 6.0 GB/6.0 GB   17 MB/s      0s[K[?25h[?2026l[?2026h[?25l[A[1Gpulling manifest [K
pulling a99b7f834d75: 100% ▕█████████████████ ▏ 6.0 GB/6.0 GB   17 MB/s      0s[K[?25h[?2026l[?2026h[?25l[A[1Gpulling manifest [K
pulling a99b7f834d75: 100% ▕█████████████████ ▏ 6.0 GB/6.0 GB   17 MB/s      0s[K[?25h[?2026l[?2026h[?25l[A[1Gpulling manifest [K
pulling a99b7f834d75: 100% ▕█████████████████ ▏ 6.0 GB/6.0 GB   17 MB/s      0s[K[?25h[?2026l[?2026h[?25l[A[1Gpulling manifest [K
pulling a99b7f834d75: 100% ▕█████████████████ ▏ 6.0 GB/6.0 GB   17 MB/s      0s[K[?25h[?2026l[?2026h[?25l[A[1Gpulling manifest [K
pulling a99b7f834d75: 100% ▕█████████████████ ▏ 6.0 GB/6.0 GB   17 MB/s      0s[K[?25h[?2026l[?2026h[?25l[A[1Gpulling manifest [K
pulling a99b7f834d75: 100% ▕█████████████████ ▏ 6.0 GB/6.0 GB   17 MB/s      0s[K[?25h[?2026l[?2026h[?25l[A[1Gpulling manifest [K
pulling a99b7f834d75: 100% ▕█████████████████ ▏ 6.0 GB/6.0 GB   17 MB/s      0s[K[?25h[?2026l[?2026h[?25l[A[1Gpulling manifest [K
pulling a99b7f834d75: 100% ▕█████████████████ ▏ 6.0 GB/6.0 GB   17 MB/s      0s[K[?25h[?2026l[?2026h[?25l[A[1Gpulling manifest [K
pulling a99b7f834d75: 100% ▕█████████████████ ▏ 6.0 GB/6.0 GB   17 MB/s      0s[K[?25h[?2026l[?2026h[?25l[A[1Gpulling manifest [K
pulling a99b7f834d75: 100% ▕█████████████████ ▏ 6.0 GB/6.0 GB   17 MB/s      0s[K[?25h[?2026l[?2026h[?25l[A[1Gpulling manifest [K
pulling a99b7f834d75: 100% ▕█████████████████ ▏ 6.0 GB/6.0 GB   17 MB/s      0s[K[?25h[?2026l[?2026h[?25l[A[1Gpulling manifest [K
pulling a99b7f834d75: 100% ▕█████████████████ ▏ 6.0 GB/6.0 GB   17 MB/s      0s[K[?25h[?2026l[?2026h[?25l[A[1Gpulling manifest [K
pulling a99b7f834d75: 100% ▕█████████████████ ▏ 6.0 GB/6.0 GB   17 MB/s      0s[K[?25h[?2026l[?2026h[?25l[A[1Gpulling manifest [K
pulling a99b7f834d75: 100% ▕█████████████████ ▏ 6.0 GB/6.0 GB   17 MB/s      0s[K[?25h[?2026l[?2026h[?25l[A[1Gpulling manifest [K
pulling a99b7f834d75: 100% ▕█████████████████ ▏ 6.0 GB/6.0 GB   17 MB/s      0s[K[?25h[?2026l[?2026h[?25l[A[1Gpulling manifest [K
pulling a99b7f834d75: 100% ▕█████████████████ ▏ 6.0 GB/6.0 GB   17 MB/s      0s[K[?25h[?2026l[?2026h[?25l[A[1Gpulling manifest [K
pulling a99b7f834d75: 100% ▕█████████████████ ▏ 6.0 GB/6.0 GB   17 MB/s      0s[K[?25h[?2026l[?2026h[?25l[A[1Gpulling manifest [K
pulling a99b7f834d75: 100% ▕█████████████████ ▏ 6.0 GB/6.0 GB   17 MB/s      0s[K[?25h[?2026l[?2026h[?25l[A[1Gpulling manifest [K
pulling a99b7f834d75: 100% ▕█████████████████ ▏ 6.0 GB/6.0 GB   17 MB/s      0s[K[?25h[?2026l[?2026h[?25l[A[1Gpulling manifest [K
pulling a99b7f834d75: 100% ▕█████████████████ ▏ 6.0 GB/6.0 GB   17 MB/s      0s[K[?25h[?2026l[?2026h[?25l[A[1Gpulling manifest [K
pulling a99b7f834d75: 100% ▕█████████████████ ▏ 6.0 GB/6.0 GB   17 MB/s      0s[K
verifying sha256 digest ⠋ [K[?25h[?2026l[?2026h[?25l[A[A[1Gpulling manifest [K
pulling a99b7f834d75: 100% ▕█████████████████ ▏ 6.0 GB/6.0 GB   17 MB/s      0s[K
verifying sha256 digest ⠙ [K[?25h[?2026l[?2026h[?25l[A[A[1Gpulling manifest [K
pulling a99b7f834d75: 100% ▕█████████████████ ▏ 6.0 GB/6.0 GB   17 MB/s      0s[K
verifying sha256 digest ⠹ [K[?25h[?2026l[?2026h[?25l[A[A[1Gpulling manifest [K
pulling a99b7f834d75: 100% ▕█████████████████ ▏ 6.0 GB/6.0 GB   17 MB/s      0s[K
verifying sha256 digest ⠸ [K[?25h[?2026l[?2026h[?25l[A[A[1Gpulling manifest [K
pulling a99b7f834d75: 100% ▕█████████████████ ▏ 6.0 GB/6.0 GB   17 MB/s      0s[K
verifying sha256 digest ⠼ [K[?25h[?2026l[?2026h[?25l[A[A[1Gpulling manifest [K
pulling a99b7f834d75: 100% ▕█████████████████ ▏ 6.0 GB/6.0 GB   17 MB/s      0s[K
verifying sha256 digest ⠴ [K[?25h[?2026l[?2026h[?25l[A[A[1Gpulling manifest [K
pulling a99b7f834d75: 100% ▕█████████████████ ▏ 6.0 GB/6.0 GB   17 MB/s      0s[K
verifying sha256 digest ⠦ [K[?25h[?2026l[?2026h[?25l[A[A[1Gpulling manifest [K
pulling a99b7f834d75: 100% ▕█████████████████ ▏ 6.0 GB/6.0 GB   17 MB/s      0s[K
verifying sha256 digest ⠧ [K[?25h[?2026l[?2026h[?25l[A[A[1Gpulling manifest [K
pulling a99b7f834d75: 100% ▕█████████████████ ▏ 6.0 GB/6.0 GB   17 MB/s      0s[K
verifying sha256 digest ⠇ [K[?25h[?2026l[?2026h[?25l[A[A[1Gpulling manifest [K
pulling a99b7f834d75: 100% ▕█████████████████ ▏ 6.0 GB/6.0 GB   17 MB/s      0s[K
verifying sha256 digest ⠏ [K[?25h[?2026l[?2026h[?25l[A[A[1Gpulling manifest [K
pulling a99b7f834d75: 100% ▕█████████████████ ▏ 6.0 GB/6.0 GB   17 MB/s      0s[K
verifying sha256 digest ⠋ [K[?25h[?2026l[?2026h[?25l[A[A[1Gpulling manifest [K
pulling a99b7f834d75: 100% ▕█████████████████ ▏ 6.0 GB/6.0 GB   17 MB/s      0s[K
verifying sha256 digest ⠙ [K[?25h[?2026l[?2026h[?25l[A[A[1Gpulling manifest [K
pulling a99b7f834d75: 100% ▕█████████████████ ▏ 6.0 GB/6.0 GB   17 MB/s      0s[K
verifying sha256 digest ⠹ [K[?25h[?2026l[?2026h[?25l[A[A[1Gpulling manifest [K
pulling a99b7f834d75: 100% ▕█████████████████ ▏ 6.0 GB/6.0 GB   17 MB/s      0s[K
verifying sha256 digest ⠸ [K[?25h[?2026l[?2026h[?25l[A[A[1Gpulling manifest [K
pulling a99b7f834d75: 100% ▕█████████████████ ▏ 6.0 GB/6.0 GB   17 MB/s      0s[K
verifying sha256 digest ⠼ [K[?25h[?2026l[?2026h[?25l[A[A[1Gpulling manifest [K
pulling a99b7f834d75: 100% ▕█████████████████ ▏ 6.0 GB/6.0 GB   17 MB/s      0s[K
verifying sha256 digest ⠴ [K[?25h[?2026l[?2026h[?25l[A[A[1Gpulling manifest [K
pulling a99b7f834d75: 100% ▕█████████████████ ▏ 6.0 GB/6.0 GB   17 MB/s      0s[K
verifying sha256 digest ⠦ [K[?25h[?2026l[?2026h[?25l[A[A[1Gpulling manifest [K
pulling a99b7f834d75: 100% ▕█████████████████ ▏ 6.0 GB/6.0 GB   17 MB/s      0s[K
verifying sha256 digest ⠧ [K[?25h[?2026l[?2026h[?25l[A[A[1Gpulling manifest [K
pulling a99b7f834d75: 100% ▕█████████████████ ▏ 6.0 GB/6.0 GB   17 MB/s      0s[K
verifying sha256 digest ⠇ [K[?25h[?2026l[?2026h[?25l[A[A[1Gpulling manifest [K
pulling a99b7f834d75: 100% ▕█████████████████ ▏ 6.0 GB/6.0 GB   17 MB/s      0s[K
verifying sha256 digest ⠏ [K[?25h[?2026l[?2026h[?25l[A[A[1Gpulling manifest [K
pulling a99b7f834d75: 100% ▕█████████████████ ▏ 6.0 GB/6.0 GB   17 MB/s      0s[K
verifying sha256 digest ⠋ [K[?25h[?2026l[?2026h[?25l[A[A[1Gpulling manifest [K
pulling a99b7f834d75: 100% ▕█████████████████ ▏ 6.0 GB/6.0 GB   17 MB/s      0s[K
verifying sha256 digest ⠙ [K[?25h[?2026l[?2026h[?25l[A[A[1Gpulling manifest [K
pulling a99b7f834d75: 100% ▕█████████████████ ▏ 6.0 GB/6.0 GB   17 MB/s      0s[K
verifying sha256 digest ⠹ [K[?25h[?2026l[?2026h[?25l[A[A[1Gpulling manifest [K
pulling a99b7f834d75: 100% ▕█████████████████ ▏ 6.0 GB/6.0 GB   17 MB/s      0s[K
verifying sha256 digest ⠸ [K[?25h[?2026l[?2026h[?25l[A[A[1Gpulling manifest [K
pulling a99b7f834d75: 100% ▕█████████████████ ▏ 6.0 GB/6.0 GB   17 MB/s      0s[K
verifying sha256 digest ⠼ [K[?25h[?2026l[?2026h[?25l[A[A[1Gpulling manifest [K
pulling a99b7f834d75: 100% ▕█████████████████ ▏ 6.0 GB/6.0 GB   17 MB/s      0s[K
verifying sha256 digest ⠴ [K[?25h[?2026l[?2026h[?25l[A[A[1Gpulling manifest [K
pulling a99b7f834d75: 100% ▕█████████████████ ▏ 6.0 GB/6.0 GB   17 MB/s      0s[K
verifying sha256 digest ⠦ [K[?25h[?2026l[?2026h[?25l[A[A[1Gpulling manifest [K
pulling a99b7f834d75: 100% ▕█████████████████ ▏ 6.0 GB/6.0 GB   17 MB/s      0s[K
verifying sha256 digest ⠧ [K[?25h[?2026l[?2026h[?25l[A[A[1Gpulling manifest [K
pulling a99b7f834d75: 100% ▕█████████████████ ▏ 6.0 GB/6.0 GB   17 MB/s      0s[K
verifying sha256 digest ⠇ [K[?25h[?2026l[?2026h[?25l[A[A[1Gpulling manifest [K
pulling a99b7f834d75: 100% ▕█████████████████ ▏ 6.0 GB/6.0 GB   17 MB/s      0s[K
verifying sha256 digest ⠏ [K[?25h[?2026l[?2026h[?25l[A[A[1Gpulling manifest [K
pulling a99b7f834d75: 100% ▕█████████████████ ▏ 6.0 GB/6.0 GB   17 MB/s      0s[K
verifying sha256 digest ⠋ [K[?25h[?2026l[?2026h[?25l[A[A[1Gpulling manifest [K
pulling a99b7f834d75: 100% ▕█████████████████ ▏ 6.0 GB/6.0 GB   17 MB/s      0s[K
verifying sha256 digest ⠙ [K[?25h[?2026l[?2026h[?25l[A[A[1Gpulling manifest [K
pulling a99b7f834d75: 100% ▕█████████████████ ▏ 6.0 GB/6.0 GB   17 MB/s      0s[K
verifying sha256 digest ⠹ [K[?25h[?2026l[?2026h[?25l[A[A[1Gpulling manifest [K
pulling a99b7f834d75: 100% ▕█████████████████ ▏ 6.0 GB/6.0 GB   17 MB/s      0s[K
verifying sha256 digest ⠸ [K[?25h[?2026l[?2026h[?25l[A[A[1Gpulling manifest [K
pulling a99b7f834d75: 100% ▕█████████████████ ▏ 6.0 GB/6.0 GB   17 MB/s      0s[K
verifying sha256 digest ⠼ [K[?25h[?2026l[?2026h[?25l[A[A[1Gpulling manifest [K
pulling a99b7f834d75: 100% ▕█████████████████ ▏ 6.0 GB/6.0 GB   17 MB/s      0s[K
verifying sha256 digest ⠴ [K[?25h[?2026l[?2026h[?25l[A[A[1Gpulling manifest [K
pulling a99b7f834d75: 100% ▕█████████████████ ▏ 6.0 GB/6.0 GB   17 MB/s      0s[K
verifying sha256 digest ⠦ [K[?25h[?2026l[?2026h[?25l[A[A[1Gpulling manifest [K
pulling a99b7f834d75: 100% ▕█████████████████ ▏ 6.0 GB/6.0 GB   17 MB/s      0s[K
verifying sha256 digest ⠧ [K[?25h[?2026l[?2026h[?25l[A[A[1Gpulling manifest [K
pulling a99b7f834d75: 100% ▕█████████████████ ▏ 6.0 GB/6.0 GB   17 MB/s      0s[K
verifying sha256 digest ⠇ [K[?25h[?2026l[?2026h[?25l[A[A[1Gpulling manifest [K
pulling a99b7f834d75: 100% ▕█████████████████ ▏ 6.0 GB/6.0 GB   17 MB/s      0s[K
verifying sha256 digest ⠏ [K[?25h[?2026l[?2026h[?25l[A[A[1Gpulling manifest [K
pulling a99b7f834d75: 100% ▕█████████████████ ▏ 6.0 GB/6.0 GB   17 MB/s      0s[K
verifying sha256 digest ⠋ [K[?25h[?2026l[?2026h[?25l[A[A[1Gpulling manifest [K
pulling a99b7f834d75: 100% ▕█████████████████ ▏ 6.0 GB/6.0 GB   17 MB/s      0s[K
verifying sha256 digest ⠙ [K[?25h[?2026l[?2026h[?25l[A[A[1Gpulling manifest [K
pulling a99b7f834d75: 100% ▕█████████████████ ▏ 6.0 GB/6.0 GB   17 MB/s      0s[K
verifying sha256 digest ⠹ [K[?25h[?2026l[?2026h[?25l[A[A[1Gpulling manifest [K
pulling a99b7f834d75: 100% ▕█████████████████ ▏ 6.0 GB/6.0 GB   17 MB/s      0s[K
verifying sha256 digest ⠸ [K[?25h[?2026l[?2026h[?25l[A[A[1Gpulling manifest [K
pulling a99b7f834d75: 100% ▕█████████████████ ▏ 6.0 GB/6.0 GB   17 MB/s      0s[K
verifying sha256 digest ⠼ [K[?25h[?2026l[?2026h[?25l[A[A[1Gpulling manifest [K
pulling a99b7f834d75: 100% ▕█████████████████ ▏ 6.0 GB/6.0 GB   17 MB/s      0s[K
verifying sha256 digest ⠴ [K[?25h[?2026l[?2026h[?25l[A[A[1Gpulling manifest [K
pulling a99b7f834d75: 100% ▕█████████████████ ▏ 6.0 GB/6.0 GB   17 MB/s      0s[K
verifying sha256 digest ⠦ [K[?25h[?2026l[?2026h[?25l[A[A[1Gpulling manifest [K
pulling a99b7f834d75: 100% ▕█████████████████ ▏ 6.0 GB/6.0 GB   17 MB/s      0s[K
verifying sha256 digest ⠧ [K[?25h[?2026l[?2026h[?25l[A[A[1Gpulling manifest [K
pulling a99b7f834d75: 100% ▕█████████████████ ▏ 6.0 GB/6.0 GB   17 MB/s      0s[K
verifying sha256 digest ⠇ [K[?25h[?2026l[?2026h[?25l[A[A[1Gpulling manifest [K
pulling a99b7f834d75: 100% ▕█████████████████ ▏ 6.0 GB/6.0 GB   17 MB/s      0s[K
verifying sha256 digest ⠏ [K[?25h[?2026l[?2026h[?25l[A[A[1Gpulling manifest [K
pulling a99b7f834d75: 100% ▕█████████████████ ▏ 6.0 GB/6.0 GB   17 MB/s      0s[K
verifying sha256 digest ⠋ [K[?25h[?2026l[?2026h[?25l[A[A[1Gpulling manifest [K
pulling a99b7f834d75: 100% ▕█████████████████ ▏ 6.0 GB/6.0 GB   17 MB/s      0s[K
verifying sha256 digest ⠙ [K[?25h[?2026l[?2026h[?25l[A[A[1Gpulling manifest [K
pulling a99b7f834d75: 100% ▕█████████████████ ▏ 6.0 GB/6.0 GB   17 MB/s      0s[K
verifying sha256 digest ⠹ [K[?25h[?2026l[?2026h[?25l[A[A[1Gpulling manifest [K
pulling a99b7f834d75: 100% ▕█████████████████ ▏ 6.0 GB/6.0 GB   17 MB/s      0s[K
verifying sha256 digest ⠸ [K[?25h[?2026l[?2026h[?25l[A[A[1Gpulling manifest [K
pulling a99b7f834d75: 100% ▕█████████████████ ▏ 6.0 GB/6.0 GB   17 MB/s      0s[K
verifying sha256 digest ⠼ [K[?25h[?2026l[?2026h[?25l[A[A[1Gpulling manifest [K
pulling a99b7f834d75: 100% ▕█████████████████ ▏ 6.0 GB/6.0 GB   17 MB/s      0s[K
verifying sha256 digest ⠴ [K[?25h[?2026l[?2026h[?25l[A[A[1Gpulling manifest [K
pulling a99b7f834d75: 100% ▕█████████████████ ▏ 6.0 GB/6.0 GB   17 MB/s      0s[K
verifying sha256 digest ⠦ [K[?25h[?2026l[?2026h[?25l[A[A[1Gpulling manifest [K
pulling a99b7f834d75: 100% ▕█████████████████ ▏ 6.0 GB/6.0 GB   17 MB/s      0s[K
verifying sha256 digest ⠧ [K[?25h[?2026l[?2026h[?25l[A[A[1Gpulling manifest [K
pulling a99b7f834d75: 100% ▕█████████████████ ▏ 6.0 GB/6.0 GB   17 MB/s      0s[K
verifying sha256 digest ⠇ [K[?25h[?2026l[?2026h[?25l[A[A[1Gpulling manifest [K
pulling a99b7f834d75: 100% ▕█████████████████ ▏ 6.0 GB/6.0 GB   17 MB/s      0s[K
verifying sha256 digest ⠏ [K[?25h[?2026l[?2026h[?25l[A[A[1Gpulling manifest [K
pulling a99b7f834d75: 100% ▕█████████████████ ▏ 6.0 GB/6.0 GB   17 MB/s      0s[K
verifying sha256 digest ⠋ [K[?25h[?2026l[?2026h[?25l[A[A[1Gpulling manifest [K
pulling a99b7f834d75: 100% ▕█████████████████ ▏ 6.0 GB/6.0 GB   17 MB/s      0s[K
verifying sha256 digest ⠙ [K[?25h[?2026l[?2026h[?25l[A[A[1Gpulling manifest [K
pulling a99b7f834d75: 100% ▕█████████████████ ▏ 6.0 GB/6.0 GB   17 MB/s      0s[K
verifying sha256 digest ⠹ [K[?25h[?2026l[?2026h[?25l[A[A[1Gpulling manifest [K
pulling a99b7f834d75: 100% ▕█████████████████ ▏ 6.0 GB/6.0 GB   17 MB/s      0s[K
verifying sha256 digest ⠸ [K[?25h[?2026l[?2026h[?25l[A[A[1Gpulling manifest [K
pulling a99b7f834d75: 100% ▕█████████████████ ▏ 6.0 GB/6.0 GB   17 MB/s      0s[K
verifying sha256 digest ⠼ [K[?25h[?2026l[?2026h[?25l[A[A[1Gpulling manifest [K
pulling a99b7f834d75: 100% ▕█████████████████ ▏ 6.0 GB/6.0 GB   17 MB/s      0s[K
verifying sha256 digest ⠴ [K[?25h[?2026l[?2026h[?25l[A[A[1Gpulling manifest [K
pulling a99b7f834d75: 100% ▕█████████████████ ▏ 6.0 GB/6.0 GB   17 MB/s      0s[K
verifying sha256 digest ⠦ [K[?25h[?2026l[?2026h[?25l[A[A[1Gpulling manifest [K
pulling a99b7f834d75: 100% ▕█████████████████ ▏ 6.0 GB/6.0 GB   17 MB/s      0s[K
verifying sha256 digest ⠧ [K[?25h[?2026l[?2026h[?25l[A[A[1Gpulling manifest [K
pulling a99b7f834d75: 100% ▕█████████████████ ▏ 6.0 GB/6.0 GB   17 MB/s      0s[K
verifying sha256 digest ⠇ [K[?25h[?2026l[?2026h[?25l[A[A[1Gpulling manifest [K
pulling a99b7f834d75: 100% ▕█████████████████ ▏ 6.0 GB/6.0 GB   17 MB/s      0s[K
verifying sha256 digest ⠏ [K[?25h[?2026l[?2026h[?25l[A[A[1Gpulling manifest [K
pulling a99b7f834d75: 100% ▕█████████████████ ▏ 6.0 GB/6.0 GB   17 MB/s      0s[K
verifying sha256 digest ⠋ [K[?25h[?2026l[?2026h[?25l[A[A[1Gpulling manifest [K
pulling a99b7f834d75: 100% ▕█████████████████ ▏ 6.0 GB/6.0 GB   17 MB/s      0s[K
verifying sha256 digest ⠙ [K[?25h[?2026l[?2026h[?25l[A[A[1Gpulling manifest [K
pulling a99b7f834d75: 100% ▕█████████████████ ▏ 6.0 GB/6.0 GB   17 MB/s      0s[K
verifying sha256 digest ⠹ [K[?25h[?2026l[?2026h[?25l[A[A[1Gpulling manifest [K
pulling a99b7f834d75: 100% ▕█████████████████ ▏ 6.0 GB/6.0 GB   17 MB/s      0s[K
verifying sha256 digest ⠸ [K[?25h[?2026l[?2026h[?25l[A[A[1Gpulling manifest [K
pulling a99b7f834d75: 100% ▕█████████████████ ▏ 6.0 GB/6.0 GB   17 MB/s      0s[K
verifying sha256 digest ⠼ [K[?25h[?2026l[?2026h[?25l[A[A[1Gpulling manifest [K
pulling a99b7f834d75: 100% ▕█████████████████ ▏ 6.0 GB/6.0 GB   17 MB/s      0s[K
verifying sha256 digest ⠴ [K[?25h[?2026l[?2026h[?25l[A[A[1Gpulling manifest [K
pulling a99b7f834d75: 100% ▕█████████████████ ▏ 6.0 GB/6.0 GB   17 MB/s      0s[K
verifying sha256 digest ⠦ [K[?25h[?2026l[?2026h[?25l[A[A[1Gpulling manifest [K
pulling a99b7f834d75: 100% ▕█████████████████ ▏ 6.0 GB/6.0 GB   17 MB/s      0s[K
verifying sha256 digest ⠧ [K[?25h[?2026l[?2026h[?25l[A[A[1Gpulling manifest [K
pulling a99b7f834d75: 100% ▕█████████████████ ▏ 6.0 GB/6.0 GB   17 MB/s      0s[K
verifying sha256 digest ⠇ [K[?25h[?2026l[?2026h[?25l[A[A[1Gpulling manifest [K
pulling a99b7f834d75: 100% ▕█████████████████ ▏ 6.0 GB/6.0 GB   17 MB/s      0s[K
verifying sha256 digest ⠏ [K[?25h[?2026l[?2026h[?25l[A[A[1Gpulling manifest [K
pulling a99b7f834d75: 100% ▕█████████████████ ▏ 6.0 GB/6.0 GB   17 MB/s      0s[K
verifying sha256 digest ⠋ [K[?25h[?2026l[?2026h[?25l[A[A[1Gpulling manifest [K
pulling a99b7f834d75: 100% ▕█████████████████ ▏ 6.0 GB/6.0 GB   17 MB/s      0s[K
verifying sha256 digest ⠙ [K[?25h[?2026l[?2026h[?25l[A[A[1Gpulling manifest [K
pulling a99b7f834d75: 100% ▕█████████████████ ▏ 6.0 GB/6.0 GB   17 MB/s      0s[K
verifying sha256 digest ⠹ [K[?25h[?2026l[?2026h[?25l[A[A[1Gpulling manifest [K
pulling a99b7f834d75: 100% ▕█████████████████ ▏ 6.0 GB/6.0 GB   17 MB/s      0s[K
verifying sha256 digest ⠸ [K[?25h[?2026l[?2026h[?25l[A[A[1Gpulling manifest [K
pulling a99b7f834d75: 100% ▕█████████████████ ▏ 6.0 GB/6.0 GB   17 MB/s      0s[K
verifying sha256 digest ⠼ [K[?25h[?2026l[?2026h[?25l[A[A[1Gpulling manifest [K
pulling a99b7f834d75: 100% ▕█████████████████ ▏ 6.0 GB/6.0 GB   17 MB/s      0s[K
verifying sha256 digest ⠴ [K[?25h[?2026l[?2026h[?25l[A[A[1Gpulling manifest [K
pulling a99b7f834d75: 100% ▕█████████████████ ▏ 6.0 GB/6.0 GB   17 MB/s      0s[K
verifying sha256 digest ⠦ [K[?25h[?2026l[?2026h[?25l[A[A[1Gpulling manifest [K
pulling a99b7f834d75: 100% ▕█████████████████ ▏ 6.0 GB/6.0 GB   17 MB/s      0s[K
verifying sha256 digest ⠧ [K[?25h[?2026l[?2026h[?25l[A[A[1Gpulling manifest [K
pulling a99b7f834d75: 100% ▕█████████████████ ▏ 6.0 GB/6.0 GB   17 MB/s      0s[K
verifying sha256 digest ⠇ [K[?25h[?2026l[?2026h[?25l[A[A[1Gpulling manifest [K
pulling a99b7f834d75: 100% ▕█████████████████ ▏ 6.0 GB/6.0 GB   17 MB/s      0s[K
verifying sha256 digest ⠏ [K[?25h[?2026l[?2026h[?25l[A[A[1Gpulling manifest [K
pulling a99b7f834d75: 100% ▕█████████████████ ▏ 6.0 GB/6.0 GB   17 MB/s      0s[K
verifying sha256 digest ⠋ [K[?25h[?2026l[?2026h[?25l[A[A[1Gpulling manifest [K
pulling a99b7f834d75: 100% ▕█████████████████ ▏ 6.0 GB/6.0 GB   17 MB/s      0s[K
verifying sha256 digest ⠙ [K[?25h[?2026l[?2026h[?25l[A[A[1Gpulling manifest [K
pulling a99b7f834d75: 100% ▕█████████████████ ▏ 6.0 GB/6.0 GB   17 MB/s      0s[K
verifying sha256 digest ⠹ [K[?25h[?2026l[?2026h[?25l[A[A[1Gpulling manifest [K
pulling a99b7f834d75: 100% ▕█████████████████ ▏ 6.0 GB/6.0 GB   17 MB/s      0s[K
verifying sha256 digest ⠸ [K[?25h[?2026l[?2026h[?25l[A[A[1Gpulling manifest [K
pulling a99b7f834d75: 100% ▕█████████████████ ▏ 6.0 GB/6.0 GB   17 MB/s      0s[K
verifying sha256 digest ⠼ [K[?25h[?2026l[?2026h[?25l[A[A[1Gpulling manifest [K
pulling a99b7f834d75: 100% ▕█████████████████ ▏ 6.0 GB/6.0 GB   17 MB/s      0s[K
verifying sha256 digest ⠴ [K[?25h[?2026l[?2026h[?25l[A[A[1Gpulling manifest [K
pulling a99b7f834d75: 100% ▕█████████████████ ▏ 6.0 GB/6.0 GB   17 MB/s      0s[K
verifying sha256 digest ⠦ [K[?25h[?2026l[?2026h[?25l[A[A[1Gpulling manifest [K
pulling a99b7f834d75: 100% ▕█████████████████ ▏ 6.0 GB/6.0 GB   17 MB/s      0s[K
verifying sha256 digest ⠧ [K[?25h[?2026l[?2026h[?25l[A[A[1Gpulling manifest [K
pulling a99b7f834d75: 100% ▕█████████████████ ▏ 6.0 GB/6.0 GB   17 MB/s      0s[K
verifying sha256 digest ⠇ [K[?25h[?2026l[?2026h[?25l[A[A[1Gpulling manifest [K
pulling a99b7f834d75: 100% ▕█████████████████ ▏ 6.0 GB/6.0 GB   17 MB/s      0s[K
verifying sha256 digest ⠏ [K[?25h[?2026l[?2026h[?25l[A[A[1Gpulling manifest [K
pulling a99b7f834d75: 100% ▕█████████████████ ▏ 6.0 GB/6.0 GB   17 MB/s      0s[K
verifying sha256 digest ⠋ [K[?25h[?2026l[?2026h[?25l[A[A[1Gpulling manifest [K
pulling a99b7f834d75: 100% ▕█████████████████ ▏ 6.0 GB/6.0 GB   17 MB/s      0s[K
verifying sha256 digest ⠙ [K[?25h[?2026l[?2026h[?25l[A[A[1Gpulling manifest [K
pulling a99b7f834d75: 100% ▕█████████████████ ▏ 6.0 GB/6.0 GB   17 MB/s      0s[K
verifying sha256 digest ⠹ [K[?25h[?2026l[?2026h[?25l[A[A[1Gpulling manifest [K
pulling a99b7f834d75: 100% ▕█████████████████ ▏ 6.0 GB/6.0 GB   17 MB/s      0s[K
verifying sha256 digest ⠸ [K[?25h[?2026l[?2026h[?25l[A[A[1Gpulling manifest [K
pulling a99b7f834d75: 100% ▕█████████████████ ▏ 6.0 GB/6.0 GB   17 MB/s      0s[K
verifying sha256 digest ⠼ [K[?25h[?2026l[?2026h[?25l[A[A[1Gpulling manifest [K
pulling a99b7f834d75: 100% ▕█████████████████ ▏ 6.0 GB/6.0 GB   17 MB/s      0s[K
verifying sha256 digest ⠴ [K[?25h[?2026l[?2026h[?25l[A[A[1Gpulling manifest [K
pulling a99b7f834d75: 100% ▕█████████████████ ▏ 6.0 GB/6.0 GB   17 MB/s      0s[K
verifying sha256 digest ⠦ [K[?25h[?2026l[?2026h[?25l[A[A[1Gpulling manifest [K
pulling a99b7f834d75: 100% ▕█████████████████ ▏ 6.0 GB/6.0 GB   17 MB/s      0s[K
verifying sha256 digest ⠧ [K[?25h[?2026l[?2026h[?25l[A[A[1Gpulling manifest [K
pulling a99b7f834d75: 100% ▕█████████████████ ▏ 6.0 GB/6.0 GB   17 MB/s      0s[K
verifying sha256 digest ⠇ [K[?25h[?2026l[?2026h[?25l[A[A[1Gpulling manifest [K
pulling a99b7f834d75: 100% ▕█████████████████ ▏ 6.0 GB/6.0 GB   17 MB/s      0s[K
verifying sha256 digest ⠏ [K[?25h[?2026l[?2026h[?25l[A[A[1Gpulling manifest [K
pulling a99b7f834d75: 100% ▕█████████████████ ▏ 6.0 GB/6.0 GB   17 MB/s      0s[K
verifying sha256 digest ⠋ [K[?25h[?2026l[?2026h[?25l[A[A[1Gpulling manifest [K
pulling a99b7f834d75: 100% ▕█████████████████ ▏ 6.0 GB/6.0 GB   17 MB/s      0s[K
verifying sha256 digest ⠙ [K[?25h[?2026l[?2026h[?25l[A[A[1Gpulling manifest [K
pulling a99b7f834d75: 100% ▕█████████████████ ▏ 6.0 GB/6.0 GB   17 MB/s      0s[K
verifying sha256 digest ⠹ [K[?25h[?2026l[?2026h[?25l[A[A[1Gpulling manifest [K
pulling a99b7f834d75: 100% ▕█████████████████ ▏ 6.0 GB/6.0 GB   17 MB/s      0s[K
verifying sha256 digest ⠸ [K[?25h[?2026l[?2026h[?25l[A[A[1Gpulling manifest [K
pulling a99b7f834d75: 100% ▕█████████████████ ▏ 6.0 GB/6.0 GB   17 MB/s      0s[K
verifying sha256 digest ⠼ [K[?25h[?2026l[?2026h[?25l[A[A[1Gpulling manifest [K
pulling a99b7f834d75: 100% ▕█████████████████ ▏ 6.0 GB/6.0 GB   17 MB/s      0s[K
verifying sha256 digest ⠴ [K[?25h[?2026l[?2026h[?25l[A[A[1Gpulling manifest [K
pulling a99b7f834d75: 100% ▕█████████████████ ▏ 6.0 GB/6.0 GB   17 MB/s      0s[K
verifying sha256 digest ⠦ [K[?25h[?2026l[?2026h[?25l[A[A[1Gpulling manifest [K
pulling a99b7f834d75: 100% ▕█████████████████ ▏ 6.0 GB/6.0 GB   17 MB/s      0s[K
verifying sha256 digest ⠧ [K[?25h[?2026l[?2026h[?25l[A[A[1Gpulling manifest [K
pulling a99b7f834d75: 100% ▕█████████████████ ▏ 6.0 GB/6.0 GB   17 MB/s      0s[K
verifying sha256 digest ⠇ [K[?25h[?2026l[?2026h[?25l[A[A[1Gpulling manifest [K
pulling a99b7f834d75: 100% ▕█████████████████ ▏ 6.0 GB/6.0 GB   17 MB/s      0s[K
verifying sha256 digest ⠏ [K[?25h[?2026l[?2026h[?25l[A[A[1Gpulling manifest [K
pulling a99b7f834d75: 100% ▕█████████████████ ▏ 6.0 GB/6.0 GB   17 MB/s      0s[K
verifying sha256 digest ⠋ [K[?25h[?2026l[?2026h[?25l[A[A[1Gpulling manifest [K
pulling a99b7f834d75: 100% ▕█████████████████ ▏ 6.0 GB/6.0 GB   17 MB/s      0s[K
verifying sha256 digest ⠙ [K[?25h[?2026l[?2026h[?25l[A[A[1Gpulling manifest [K
pulling a99b7f834d75: 100% ▕█████████████████ ▏ 6.0 GB/6.0 GB   17 MB/s      0s[K
verifying sha256 digest ⠹ [K[?25h[?2026l[?2026h[?25l[A[A[1Gpulling manifest [K
pulling a99b7f834d75: 100% ▕█████████████████ ▏ 6.0 GB/6.0 GB   17 MB/s      0s[K
verifying sha256 digest ⠸ [K[?25h[?2026l[?2026h[?25l[A[A[1Gpulling manifest [K
pulling a99b7f834d75: 100% ▕█████████████████ ▏ 6.0 GB/6.0 GB   17 MB/s      0s[K
verifying sha256 digest ⠼ [K[?25h[?2026l[?2026h[?25l[A[A[1Gpulling manifest [K
pulling a99b7f834d75: 100% ▕█████████████████ ▏ 6.0 GB/6.0 GB   17 MB/s      0s[K
verifying sha256 digest ⠴ [K[?25h[?2026l[?2026h[?25l[A[A[1Gpulling manifest [K
pulling a99b7f834d75: 100% ▕█████████████████ ▏ 6.0 GB/6.0 GB   17 MB/s      0s[K
verifying sha256 digest ⠦ [K[?25h[?2026l[?2026h[?25l[A[A[1Gpulling manifest [K
pulling a99b7f834d75: 100% ▕█████████████████ ▏ 6.0 GB/6.0 GB   17 MB/s      0s[K
verifying sha256 digest ⠧ [K[?25h[?2026l[?2026h[?25l[A[A[1Gpulling manifest [K
pulling a99b7f834d75: 100% ▕█████████████████ ▏ 6.0 GB/6.0 GB   17 MB/s      0s[K
verifying sha256 digest ⠇ [K[?25h[?2026l[?2026h[?25l[A[A[1Gpulling manifest [K
pulling a99b7f834d75: 100% ▕█████████████████ ▏ 6.0 GB/6.0 GB   17 MB/s      0s[K
verifying sha256 digest ⠏ [K[?25h[?2026l[?2026h[?25l[A[A[1Gpulling manifest [K
pulling a99b7f834d75: 100% ▕█████████████████ ▏ 6.0 GB/6.0 GB   17 MB/s      0s[K
verifying sha256 digest ⠋ [K[?25h[?2026l[?2026h[?25l[A[A[1Gpulling manifest [K
pulling a99b7f834d75: 100% ▕█████████████████ ▏ 6.0 GB/6.0 GB   17 MB/s      0s[K
verifying sha256 digest ⠙ [K[?25h[?2026l[?2026h[?25l[A[A[1Gpulling manifest [K
pulling a99b7f834d75: 100% ▕█████████████████ ▏ 6.0 GB/6.0 GB   17 MB/s      0s[K
verifying sha256 digest ⠹ [K[?25h[?2026l[?2026h[?25l[A[A[1Gpulling manifest [K
pulling a99b7f834d75: 100% ▕█████████████████ ▏ 6.0 GB/6.0 GB   17 MB/s      0s[K
verifying sha256 digest ⠸ [K[?25h[?2026l[?2026h[?25l[A[A[1Gpulling manifest [K
pulling a99b7f834d75: 100% ▕█████████████████ ▏ 6.0 GB/6.0 GB   17 MB/s      0s[K
verifying sha256 digest ⠼ [K[?25h[?2026l[?2026h[?25l[A[A[1Gpulling manifest [K
pulling a99b7f834d75: 100% ▕█████████████████ ▏ 6.0 GB/6.0 GB   17 MB/s      0s[K
verifying sha256 digest ⠴ [K[?25h[?2026l[?2026h[?25l[A[A[1Gpulling manifest [K
pulling a99b7f834d75: 100% ▕█████████████████ ▏ 6.0 GB/6.0 GB   17 MB/s      0s[K
verifying sha256 digest ⠦ [K[?25h[?2026l[?2026h[?25l[A[A[1Gpulling manifest [K
pulling a99b7f834d75: 100% ▕█████████████████ ▏ 6.0 GB/6.0 GB   17 MB/s      0s[K
verifying sha256 digest ⠧ [K[?25h[?2026l[?2026h[?25l[A[A[1Gpulling manifest [K
pulling a99b7f834d75: 100% ▕█████████████████ ▏ 6.0 GB/6.0 GB   17 MB/s      0s[K
verifying sha256 digest ⠇ [K[?25h[?2026l[?2026h[?25l[A[A[1Gpulling manifest [K
pulling a99b7f834d75: 100% ▕█████████████████ ▏ 6.0 GB/6.0 GB   17 MB/s      0s[K
verifying sha256 digest ⠏ [K[?25h[?2026l[?2026h[?25l[A[A[1Gpulling manifest [K
pulling a99b7f834d75: 100% ▕█████████████████ ▏ 6.0 GB/6.0 GB   17 MB/s      0s[K
verifying sha256 digest ⠋ [K[?25h[?2026l[?2026h[?25l[A[A[1Gpulling manifest [K
pulling a99b7f834d75: 100% ▕█████████████████ ▏ 6.0 GB/6.0 GB   17 MB/s      0s[K
verifying sha256 digest ⠙ [K[?25h[?2026l[?2026h[?25l[A[A[1Gpulling manifest [K
pulling a99b7f834d75: 100% ▕█████████████████ ▏ 6.0 GB/6.0 GB   17 MB/s      0s[K
verifying sha256 digest ⠹ [K[?25h[?2026l[?2026h[?25l[A[A[1Gpulling manifest [K
pulling a99b7f834d75: 100% ▕█████████████████ ▏ 6.0 GB/6.0 GB   17 MB/s      0s[K
verifying sha256 digest ⠸ [K[?25h[?2026l[?2026h[?25l[A[A[1Gpulling manifest [K
pulling a99b7f834d75: 100% ▕█████████████████ ▏ 6.0 GB/6.0 GB   17 MB/s      0s[K
verifying sha256 digest ⠼ [K[?25h[?2026l[?2026h[?25l[A[A[1Gpulling manifest [K
pulling a99b7f834d75: 100% ▕█████████████████ ▏ 6.0 GB/6.0 GB   17 MB/s      0s[K
verifying sha256 digest ⠴ [K[?25h[?2026l[?2026h[?25l[A[A[1Gpulling manifest [K
pulling a99b7f834d75: 100% ▕█████████████████ ▏ 6.0 GB/6.0 GB   17 MB/s      0s[K
verifying sha256 digest ⠦ [K[?25h[?2026l[?2026h[?25l[A[A[1Gpulling manifest [K
pulling a99b7f834d75: 100% ▕█████████████████ ▏ 6.0 GB/6.0 GB   17 MB/s      0s[K
verifying sha256 digest ⠧ [K[?25h[?2026l[?2026h[?25l[A[A[1Gpulling manifest [K
pulling a99b7f834d75: 100% ▕█████████████████ ▏ 6.0 GB/6.0 GB   17 MB/s      0s[K
verifying sha256 digest ⠇ [K[?25h[?2026l[?2026h[?25l[A[A[1Gpulling manifest [K
pulling a99b7f834d75: 100% ▕█████████████████ ▏ 6.0 GB/6.0 GB   17 MB/s      0s[K
verifying sha256 digest ⠏ [K[?25h[?2026l[?2026h[?25l[A[A[1Gpulling manifest [K
pulling a99b7f834d75: 100% ▕█████████████████ ▏ 6.0 GB/6.0 GB   17 MB/s      0s[K
verifying sha256 digest ⠋ [K[?25h[?2026l[?2026h[?25l[A[A[1Gpulling manifest [K
pulling a99b7f834d75: 100% ▕█████████████████ ▏ 6.0 GB/6.0 GB   17 MB/s      0s[K
verifying sha256 digest ⠙ [K[?25h[?2026l[?2026h[?25l[A[A[1Gpulling manifest [K
pulling a99b7f834d75: 100% ▕█████████████████ ▏ 6.0 GB/6.0 GB   17 MB/s      0s[K
verifying sha256 digest ⠹ [K[?25h[?2026l[?2026h[?25l[A[A[1Gpulling manifest [K
pulling a99b7f834d75: 100% ▕█████████████████ ▏ 6.0 GB/6.0 GB   17 MB/s      0s[K
verifying sha256 digest ⠸ [K[?25h[?2026l[?2026h[?25l[A[A[1Gpulling manifest [K
pulling a99b7f834d75: 100% ▕█████████████████ ▏ 6.0 GB/6.0 GB   17 MB/s      0s[K
verifying sha256 digest ⠼ [K[?25h[?2026l[?2026h[?25l[A[A[1Gpulling manifest [K
pulling a99b7f834d75: 100% ▕█████████████████ ▏ 6.0 GB/6.0 GB   17 MB/s      0s[K
verifying sha256 digest ⠴ [K[?25h[?2026l[?2026h[?25l[A[A[1Gpulling manifest [K
pulling a99b7f834d75: 100% ▕█████████████████ ▏ 6.0 GB/6.0 GB   17 MB/s      0s[K
verifying sha256 digest ⠦ [K[?25h[?2026l[?2026h[?25l[A[A[1Gpulling manifest [K
pulling a99b7f834d75: 100% ▕█████████████████ ▏ 6.0 GB/6.0 GB   17 MB/s      0s[K
verifying sha256 digest ⠧ [K[?25h[?2026l[?2026h[?25l[A[A[1Gpulling manifest [K
pulling a99b7f834d75: 100% ▕█████████████████ ▏ 6.0 GB/6.0 GB   17 MB/s      0s[K
verifying sha256 digest ⠇ [K[?25h[?2026l[?2026h[?25l[A[A[1Gpulling manifest [K
pulling a99b7f834d75: 100% ▕█████████████████ ▏ 6.0 GB/6.0 GB   17 MB/s      0s[K
verifying sha256 digest ⠏ [K[?25h[?2026l[?2026h[?25l[A[A[1Gpulling manifest [K
pulling a99b7f834d75: 100% ▕█████████████████ ▏ 6.0 GB/6.0 GB   17 MB/s      0s[K
verifying sha256 digest ⠋ [K[?25h[?2026l[?2026h[?25l[A[A[1Gpulling manifest [K
pulling a99b7f834d75: 100% ▕█████████████████ ▏ 6.0 GB/6.0 GB   17 MB/s      0s[K
verifying sha256 digest ⠙ [K[?25h[?2026l[?2026h[?25l[A[A[1Gpulling manifest [K
pulling a99b7f834d75: 100% ▕█████████████████ ▏ 6.0 GB/6.0 GB   17 MB/s      0s[K
verifying sha256 digest [K
writing manifest [K
success [K[?25h[?2026l
